<COLLADA xmlns="http://www.collada.org/2005/11/COLLADASchema" version="1.4.1">
  <asset>
    <created>2026-06-11T18:50:50.696400</created>
    <modified>2026-06-11T18:50:50.696405</modified>
    <up_axis>Y_UP</up_axis>
  </asset>
  <library_effects>
    <effect id="eb43bb555f7542b283bb73e421ed04f2" name="eb43bb555f7542b283bb73e421ed04f2">
      <profile_COMMON>
        <technique sid="common">
          <phong>
            <emission>
              <color>0.0 0.0 0.0 1.0</color>
            </emission>
            <ambient>
              <color>0.0 0.0 0.0 1.0</color>
            </ambient>
            <diffuse>
              <color>0.0 0.0 0.0 1.0</color>
            </diffuse>
            <specular>
              <color>0.0 0.0 0.0 1.0</color>
            </specular>
            <shininess>
              <float>0.0</float>
            </shininess>
            <reflective>
              <color>0.0 0.0 0.0 1.0</color>
            </reflective>
            <reflectivity>
              <float>0.0</float>
            </reflectivity>
            <transparent>
              <color>0.0 0.0 0.0 1.0</color>
            </transparent>
            <transparency>
              <float>1.0</float>
            </transparency>
          </phong>
        </technique>
        <extra>
          <technique profile="GOOGLEEARTH">
            <double_sided>0</double_sided>
          </technique>
        </extra>
      </profile_COMMON>
    </effect>
  </library_effects>
  <library_geometries>
    <geometry id="92a5d3e056584182aa63fea4bf64df86" name="accd1b0490cf4dc5a126d35f84707b96">
      <mesh>
        <source id="verts-array">
          <float_array count="10758" id="verts-array-array">-0.0072714 -0.018 0.00295252 -0.00733691 -0.018 0.00287924 -0.00735051 -0.018 0.00286293 -0.00742333 -0.018 0.00276815 -0.00477809 -0.0952345 0.001319564 -0.0133966 -0.0952266 -0.00133511 -0.01374 -0.0896741 -0.00163089 -0.00731963 -0.0191469 0.00065142 -0.0068734 -0.0191449 0.00039966 -0.00661112 -0.0204737 0.00046584 -0.0087558 -0.0269668 -0.00098724 -0.00907643 -0.0295437 -0.00185331 -0.010336 -0.0295275 -0.00253875 -0.00824599 -0.0193173 0.001441094 -0.00821396 -0.0191341 0.001488412 -0.00806575 -0.0191373 0.001316151 0.0132814 -0.0980159 0.00468999 0.0133966 -0.0952266 0.00483511 0.0131831 -0.100813 0.00458567 0.0132391 -0.0992386 0.00463643 0.0132333 -0.0994134 0.00462895 0.013254 -0.0988018 0.00465531 0.013251 -0.0988891 0.00465152 0.0132728 -0.0982778 0.00467831 0.0132696 -0.0983651 0.00467445 0.0142567 -0.0827893 0.00511228 0.0143067 -0.0814202 0.00517627 0.0144449 -0.0814202 0.00531402 0.0141523 -0.085536 0.00493789 0.0141693 -0.085536 0.00498836 0.0141315 -0.0869134 0.00492836 0.0135303 -0.0677857 0.00617615 0.0137119 -0.0786893 0.00508668 0.0121907 -0.0786891 0.00479149 0.0137473 -0.100826 0.00302847 0.0136969 -0.100827 0.0029898 0.0134489 -0.0952361 0.00329371 0.01158 -0.0347284 0.0080277 0.0115684 -0.0347287 0.00808789 0.0122166 -0.0373748 0.00884029 0.0129439 -0.040065 0.00908638 0.0129219 -0.0400653 0.00901566 0.0122626 -0.0373751 0.00855003 0.0135441 -0.0427916 0.00923163 0.012175 -0.0373756 0.00824514 0.0114289 -0.034723 0.0074329 0.0115349 -0.0347247 0.00762978 0.0110913 -0.0327666 0.00730557 0.0109405 -0.0321172 0.00712729 0.0112572 -0.033419 0.0075687 0.010931 -0.0321161 0.00704962 0.0106145 -0.030819 0.00651455 0.0103041 -0.0295258 0.00595707 0.01032 -0.0295265 0.00597755 0.010681 -0.0314629 0.0067315 0.0108553 -0.0321125 0.00699229 0.0108557 -0.0321124 0.00698818 0.0103374 -0.0301671 0.00618929 0.0105086 -0.0308145 0.00646444 0.0105081 -0.0308144 0.00646297 0.00817157 -0.0191337 0.0019455 0.00812057 -0.0191331 0.001875261 0.00771836 -0.0164658 0.001343528 0.00892729 -0.0230653 0.00325064 0.00919136 -0.0243625 0.00376479 0.00916881 -0.0243618 0.00373423 0.00893883 -0.0230656 0.00326454 0.00868433 -0.0217628 0.00278961 0.00869383 -0.0217629 0.00280869 0.00824329 -0.0217546 0.00216356 0.00884934 -0.0243526 0.00329703 0.00874212 -0.0243498 0.00308778 0.00885703 -0.0269229 0.00386097 0.00800262 -0.0243384 0.002575456 0.00853006 -0.0243454 0.00285634 0.0112363 -0.0347231 0.00717582 0.0109677 -0.0347234 0.00694461 0.00921493 -0.0295092 0.0047799 0.00517134 -0.0732413 0.00406112 0.00758771 -0.0786884 0.00397441 0.00447158 -0.0786883 0.00344102 0.0111961 -0.0952457 0.00446244 0.00972392 -0.0896834 0.00428624 0.0113679 -0.0896821 0.00381162 0.00749954 -0.0841627 0.00394946 0.00242717 -0.0650428 0.00443725 0.00312209 -0.0677854 0.0042632 -0.00175936 -0.0677858 0.002504949 0.00110175 -0.0732415 0.00288439 -0.00273031 -0.0650432 0.002452912 -0.00325149 -0.0622845 0.00253065 0.00205446 -0.0622844 0.00467584 0.00430237 -0.0347264 0.00514271 0.00297065 -0.0347277 0.00457052 0.00141858 -0.0295241 0.00327339 0.00315071 -0.0455472 0.00573527 0.00126413 -0.0455453 0.00474654 0.00288481 -0.0400641 0.00506844 0.00317065 -0.0373749 0.00494095 0.012439 -0.151722 0.00329012 0.0124393 -0.151722 0.00331826 0.0119473 -0.157351 0.00318212 0.012884 -0.143244 0.00352143 0.0127664 -0.146074 0.00346521 0.0127812 -0.146074 0.00344339 0.0130047 -0.137575 0.00365043 0.0130036 -0.137575 0.00365265 0.0129434 -0.14041 0.00360351 0.0130737 -0.130481 0.00377444 0.0130766 -0.129062 0.00380049 0.0130755 -0.129062 0.00380108 0.0130758 -0.127643 0.00382764 0.0130734 -0.126225 0.00385548 0.0130654 -0.123388 0.00391227 0.0130646 -0.123388 0.00391336 0.0131254 -0.129063 0.00379632 0.0131245 -0.123388 0.00391559 0.0130967 -0.123388 0.00391084 0.0136842 -0.117738 0.00277315 0.0138363 -0.11208 0.0029106 0.0139075 -0.112076 0.00334899 0.0131532 -0.102214 0.0045146 0.0131228 -0.103617 0.0044611 0.0131242 -0.103617 0.00446118 0.0130992 -0.105021 0.00441001 0.0131077 -0.105021 0.00440698 0.0131325 -0.103617 0.00445792 -0.00748523 -0.16295 0.00076164 -0.0112879 -0.162954 0.00037583 -0.0123099 -0.153244 0.0001313 -0.00477163 -0.123426 0.00168981 -0.01306 -0.123388 -0.00042713 -0.0130379 -0.11772 -0.0005533 -0.00431641 -0.117754 0.001788208 -0.0130322 -0.112065 -0.00070098 -0.00725831 -0.0150763 0.00024571 -0.0072596 -0.015 0.00024351 -0.00720228 -0.015 0.00013737 0.007499 -0.0148227 0.000844449 0.00749819 -0.0148 0.000845605 0.0075215 -0.0150645 0.000885395 -0.00766815 -0.0176111 0.001221047 -0.00762287 -0.0178027 0.001088826 -0.00778803 -0.0178036 0.001413433 -0.0075496 -0.0179559 0.000936826 -0.00742141 -0.0156402 0.00072917 -0.00740091 -0.01507 0.00070121 -0.00738949 -0.0148 0.00068613 -0.00738981 -0.0148308 0.00068263 -0.00738813 -0.0148588 0.00066989 -0.00738581 -0.0148774 0.00065598 -0.00738199 -0.0148976 0.00063544 -0.00736414 -0.0149469 0.00055392 -0.00732806 -0.0149863 0.00042321 -0.00727261 -0.015 0.00027252 -0.00739797 -0.0178024 0.00069126 -0.00745423 -0.0178538 0.000776495 -0.00745414 -0.0174511 0.000776353 -0.00745103 -0.0179798 0.000771732 -0.00745297 -0.0179545 0.000774609 -0.00744069 -0.0179756 0.000756423 -0.00744937 -0.0179861 0.000769272 -0.00742809 -0.0179966 0.00073853 -0.00743846 -0.0179949 0.000753338 -0.00744413 -0.0179927 0.000761576 -0.00744728 -0.0179899 0.000766197 -0.00737701 -0.018 0.00067002 -0.00753414 -0.0179841 0.000908034 -0.00752381 -0.0179963 0.00088947 -0.00765315 -0.0191452 0.000956518 -0.00751549 -0.018 0.0008749 -0.00787568 -0.0178042 0.00158134 -0.00780267 -0.0166536 0.001987878 -0.00772262 -0.0161401 0.002058366 -0.00773961 -0.0164553 0.00194037 -0.00777294 -0.0164642 0.002015148 -0.00774003 -0.0164637 0.001936583 -0.00774927 -0.0167604 0.001800556 -0.00774118 -0.0171494 0.001574535 -0.00770303 -0.0174597 0.001347279 0.00770001 -0.0163066 0.001334712 0.00770303 -0.016301 0.001347253 0.00777294 -0.0164642 0.001484852 0.0077091 -0.0162766 0.001373859 0.00771695 -0.0162146 0.001411488 0.00772262 -0.0161401 0.001441634 0.00763469 -0.0159972 0.001125276 0.00767874 -0.0162463 0.001255696 0.00765721 -0.0164683 0.001111208 0.00768972 -0.0162934 0.001294636 0.00769439 -0.0163046 0.001312352 0.00745802 -0.0149136 0.00071954 0.00748673 -0.0148804 0.000795315 0.00748678 -0.0164689 0.000790535 0.0074933 -0.0148637 0.000817755 0.00749767 -0.0148423 0.000836026 0.00722266 -0.0164696 0.00041698 0.00717766 -0.0149777 0.00031262 0.00738618 -0.0149441 0.00058416 0.00643916 -0.015 -0.00040169 0.00713981 -0.018 0.00042209 0.00722218 -0.0191286 0.0006621 0.00722239 -0.018 0.00049788 0.00752215 -0.0191299 0.000932728 0.00729961 -0.018 0.00057803 0.00769645 -0.0191308 0.001179335 0.00722227 -0.0179982 0.00049758 0.00694547 -0.015 4.454e-05 0.0069597 -0.0149999 6.096e-05 0.00699627 -0.0149984 0.00010352 0.00634155 -0.018 3.365e-05 0.00646245 -0.018 6.242e-05 0.00650343 -0.0191264 0.00037261 0.00653284 -0.018 8.309e-05 0.00685383 -0.0179985 0.00022243 0.00674893 -0.018 0.00016835 0.00695485 -0.018 0.00028345 0.00685374 -0.018 0.00022265 0.0063692 -0.015 -0.00044278 0.00566553 -0.015 -0.00066923 0.00552942 -0.015 -0.00067662 -0.0130768 -0.105995 -0.00089118 -0.0131803 -0.100913 -0.00108159 -0.00419771 -0.100827 0.001604898 -0.0131831 -0.100813 -0.00108567 -0.00396816 -0.106448 0.001765171 -0.0130711 -0.106427 -0.00087636 -0.00292667 -0.151768 0.001546514 -0.00740721 -0.15175 0.000875405 -0.00703645 -0.14611 0.001016545 -0.00329265 -0.179498 0.001219435 -0.00786639 -0.179593 0.00095693 -0.00819591 -0.178421 0.000911034 -0.0107203 -0.166748 0.0004921 -0.0104156 -0.168528 0.00055049 -0.00425794 -0.168486 0.001006659 -0.00182448 -0.146135 0.001934764 -0.00593783 -0.134782 0.001370274 0.0063294 -0.123462 0.00427649 0.0033319 -0.123453 0.00369139 0.00431685 -0.117777 0.00401946 -0.00402816 -0.112092 0.001819802 0.00523428 -0.106463 0.00431551 0.00498371 -0.112112 0.0042383 0.00856235 -0.106469 0.0050761 0.00825453 -0.112119 0.00495108 0.0103906 -0.106472 0.00521625 0.0100791 -0.112122 0.00505771 0.0114524 -0.106472 0.00497088 0.0111595 -0.112121 0.00479078 0.00813895 -0.123465 0.00434927 0.00933408 -0.123464 0.00411308 0.00080061 -0.13481 0.00283715 0.00338264 -0.13482 0.00327156 0.00515393 -0.134823 0.00334072 0.00770751 -0.134818 0.00290284 -0.00757721 -0.157365 0.000783974 -0.00375768 -0.157375 0.001243424 -0.000537775 -0.157379 0.00148752 0.000283412 -0.146142 0.002219165 -0.00159134 -0.16848 0.001159696 -0.00123159 -0.179485 0.00132253 0.0012016 -0.168483 0.001358215 0.00089267 -0.179492 0.001466928 -0.00139605 -0.1905 0.001677836 -0.00398478 -0.1905 0.001401377 -0.00463744 -0.188941 0.001336757 0.0133159 -0.112103 0.00276238 0.0134441 -0.112099 0.002628383 0.0130927 -0.11776 0.002472425 0.0132551 -0.117755 0.002410435 0.0128003 -0.123427 0.00229946 0.0133446 -0.100834 0.00316126 0.013475 -0.100832 0.00304152 0.0135831 -0.106454 0.00281669 0.0136318 -0.106452 0.00277187 0.0135563 -0.112094 0.002556586 0.0103023 -0.123461 0.00364443 0.0119647 -0.112119 0.00423033 0.012993 -0.112109 0.0031708 0.011752 -0.123447 0.00277155 0.0123131 -0.123438 0.00244522 0.0106804 -0.134792 0.002197905 0.0115361 -0.13478 0.002157815 0.0129147 -0.117765 0.002594327 0.012564 -0.123432 0.00234464 0.0130255 -0.123421 0.002323359 0.012914 -0.123424 0.002301747 0.0134062 -0.11775 0.002423089 0.0133318 -0.117752 0.002406325 0.013242 -0.123414 0.002437416 0.0131347 -0.123417 0.00236741 0.0135487 -0.117744 0.002533133 0.0134784 -0.117747 0.002464093 0.01375 -0.112085 0.002668995 0.0137045 -0.112088 0.00260106 0.0137603 -0.106447 0.002748563 0.0139069 -0.112072 0.00391636 0.0137454 -0.123395 0.00361069 0.0137464 -0.123396 0.003567 0.0137357 -0.123395 0.00365097 0.0138882 -0.112071 0.00395939 0.0139638 -0.100817 0.0043208 0.0130744 -0.112065 0.00418944 0.013107 -0.112066 0.00419891 0.0131455 -0.106428 0.00437342 0.0131349 -0.103617 0.00445823 0.0131101 -0.105021 0.00440735 0.0130903 -0.106427 0.00435863 0.0130636 -0.109244 0.00426734 0.0130684 -0.109244 0.00426894 0.0130749 -0.107835 0.00431199 0.0130611 -0.109244 0.00426691 0.0130724 -0.107835 0.00431157 0.0131395 -0.103617 0.00445971 0.0130584 -0.109244 0.00426727 0.0130778 -0.106427 0.00436097 0.0130624 -0.107835 0.00431415 0.0130639 -0.107835 0.00431423 0.0130525 -0.109244 0.00426942 0.0130449 -0.110654 0.00422655 0.013051 -0.109244 0.00426935 0.0130434 -0.110654 0.00422649 0.0130793 -0.106427 0.00436106 0.0130978 -0.105021 0.00440993 0.0130381 -0.112065 0.0041858 0.0131545 -0.102214 0.00451466 0.0130373 -0.112065 0.00418667 0.0130506 -0.108398 0.00431145 0.0130322 -0.112065 0.00420098 0.0130379 -0.114891 0.00410854 0.0130389 -0.112065 0.00418547 0.0130394 -0.114891 0.0041085 0.0130404 -0.112065 0.0041855 0.0130451 -0.114891 0.00410661 0.0130463 -0.112065 0.0041835 0.0130477 -0.114891 0.00410629 0.0130489 -0.112065 0.00418318 0.0130502 -0.114891 0.00410662 0.0130514 -0.112065 0.00418359 0.0130549 -0.114891 0.00410792 0.0130562 -0.112065 0.00418509 0.0130445 -0.11772 0.00403779 0.0130459 -0.11772 0.00403767 0.0130514 -0.11772 0.00403583 0.013054 -0.11772 0.00403547 0.0130564 -0.11772 0.00403569 0.0130609 -0.11772 0.00403671 0.0134563 -0.100814 0.00459363 0.0131741 -0.112066 0.00421454 0.0119485 -0.134773 0.002211172 0.0131881 -0.106462 0.00335845 0.01223 -0.10647 0.00441421 0.0128398 -0.12909 0.002373535 0.0132996 -0.134748 0.00315579 0.0137218 -0.123397 0.00338927 0.0135921 -0.12907 0.00343248 0.0135975 -0.12907 0.00347326 0.0135949 -0.129069 0.00351092 0.0135856 -0.129069 0.00354555 0.0136966 -0.123394 0.00372153 0.0135317 -0.129068 0.00363106 0.0135711 -0.129069 0.00357718 0.0133638 -0.134743 0.00348857 0.0133854 -0.134744 0.00343827 0.0139114 -0.100817 0.0043927 0.0135803 -0.123393 0.00382184 0.0134857 -0.129067 0.00367309 0.0133351 -0.134743 0.00352868 0.013308 -0.12339 0.00392509 0.0131811 -0.123389 0.00392364 0.0131729 -0.129063 0.00379762 0.0130674 -0.123388 0.00391139 0.0130661 -0.123388 0.00391173 0.0130753 -0.126225 0.00385441 0.0130741 -0.126225 0.00385487 0.013077 -0.127643 0.00382711 0.0130748 -0.129062 0.00380176 0.0130726 -0.126225 0.00385662 0.0130809 -0.129062 0.00379841 0.0130724 -0.123388 0.00390951 0.013081 -0.123388 0.00390914 0.0130769 -0.123388 0.0039089 0.0130747 -0.123388 0.003909 0.0130717 -0.1319 0.00374666 0.0130741 -0.129062 0.00380295 0.0130655 -0.1319 0.00375159 0.0130726 -0.130481 0.0037751 0.0130443 -0.134738 0.00369964 0.0130453 -0.134738 0.00369876 0.0130575 -0.133319 0.00372447 0.0130585 -0.133319 0.00372367 0.0130668 -0.1319 0.0037496 0.0130678 -0.1319 0.00374886 0.0130432 -0.134738 0.00370175 0.01306 -0.123388 0.00392713 0.0130603 -0.123464 0.00392555 0.0130701 -0.129062 0.00381624 0.0130549 -0.134738 0.00369259 0.0130606 -0.134738 0.00369003 0.0130785 -0.1319 0.00374377 0.0130849 -0.131901 0.00374195 0.0130884 -0.129062 0.00379642 0.0130954 -0.129062 0.00379533 0.0130709 -0.137576 0.00362026 0.0131525 -0.134739 0.00366854 0.0131213 -0.134739 0.00367857 0.0131908 -0.131902 0.00373082 0.0132147 -0.129064 0.00379415 0.0132771 -0.134742 0.00358618 0.0134658 -0.123392 0.00387897 0.0132752 -0.129064 0.00378498 0.0132628 -0.137582 0.00331209 0.013392 -0.134745 0.00337724 0.0133911 -0.134745 0.00340907 0.0130795 -0.140417 0.00318345 0.0133741 -0.134746 0.00330554 0.0133868 -0.134745 0.00334277 0.0139925 -0.0952298 0.00456194 0.0139719 -0.0952297 0.00459378 0.0137721 -0.100816 0.00449459 0.0132331 -0.137579 0.00345758 0.0132528 -0.13758 0.00341856 0.013265 -0.137581 0.00337025 0.0131238 -0.140416 0.00330284 0.0131208 -0.140415 0.00334908 0.0130447 -0.141832 0.00326929 0.01304 -0.141831 0.00335169 0.0129526 -0.143246 0.00337327 0.0129638 -0.143247 0.00331649 0.0129596 -0.143248 0.00323581 0.0131101 -0.140414 0.00338692 0.0130834 -0.140413 0.00344408 0.012992 -0.141829 0.00348357 0.01313 -0.137577 0.00358327 0.0130898 -0.138995 0.00355006 0.0130439 -0.140412 0.00351684 0.01294 -0.143249 0.0031837 0.0131127 -0.140417 0.00324767 0.0132426 -0.131902 0.00371698 0.0131953 -0.13474 0.00364987 0.0130966 -0.137576 0.00360684 0.013061 -0.138994 0.00357606 0.0130198 -0.140411 0.00354523 0.013014 -0.137575 0.00364215 0.0130657 -0.134738 0.00368914 0.0130907 -0.131901 0.00374172 0.0131018 -0.129062 0.00379572 0.0130056 -0.137575 0.00364941 0.0130278 -0.136157 0.00367404 0.0130269 -0.136157 0.00367499 0.0129739 -0.140411 0.00357636 0.0130844 -0.134739 0.00368499 0.0130235 -0.137575 0.00363728 0.0129996 -0.140411 0.00356199 0.0129042 -0.143244 0.00350322 0.0129725 -0.141828 0.00351432 0.0129188 -0.143244 0.00348324 0.0129338 -0.143245 0.00345021 0.012758 -0.146074 0.00347884 0.0128731 -0.143244 0.00353284 0.0129604 -0.140411 0.00358541 0.0127905 -0.146074 0.00342037 0.0127967 -0.146075 0.00338301 0.0128775 -0.144661 0.00333783 0.0127955 -0.146076 0.00330232 0.0128812 -0.144662 0.00328129 0.0127706 -0.146078 0.00316891 0.0128683 -0.144664 0.00320236 0.0130397 -0.134738 0.00371443 0.00976797 -0.134803 0.002374742 0.00997736 -0.146108 0.002081203 0.0117894 -0.140437 0.002308035 0.0123523 -0.134766 0.002333178 0.0131382 -0.129083 0.002599413 0.0134509 -0.123408 0.002672003 0.0136437 -0.123401 0.0030835 0.00197726 -0.146144 0.002298115 0.00487238 -0.14614 0.002167786 0.00248903 -0.157377 0.001601474 0.00751047 -0.146127 0.002021631 0.00544896 -0.157372 0.00175347 -0.00421943 -0.162948 0.001057845 -0.0012807 -0.162947 0.001252324 0.00168292 -0.162948 0.001432263 0.00401441 -0.168492 0.001611708 -0.0130603 -0.123464 -0.00042555 -0.0130393 -0.134775 -0.00021379 -0.0127418 -0.146124 -1.225e-05 0.00513681 -0.179535 0.001855992 0.0119394 -0.157351 0.00315061 0.0124293 -0.151723 0.00324545 0.0119173 -0.157351 0.00310127 0.0123921 -0.151724 0.00315903 0.0118523 -0.157351 0.00301232 0.0123101 -0.151725 0.00303452 0.0117266 -0.157352 0.0028977 0.0122083 -0.151726 0.00294292 0.0112785 -0.162954 0.00303048 0.0103564 -0.168527 0.00278302 0.0102717 -0.168526 0.002702325 0.0127418 -0.146124 0.00351225 0.0124221 -0.151722 0.00340135 0.0124344 -0.151722 0.0033463 0.0120953 -0.15579 0.00331111 0.0134202 -0.129076 0.00298431 0.0127477 -0.134759 0.00254765 0.0122811 -0.14043 0.002508978 0.011161 -0.146097 0.002289795 0.00974818 -0.15736 0.00224078 0.0083374 -0.157364 0.002019175 0.00680298 -0.168505 0.001927268 0.0131266 -0.134752 0.00290002 0.0127565 -0.140423 0.00282502 0.0123031 -0.146084 0.0027537 0.01112 -0.157355 0.002599698 0.00951021 -0.168521 0.002397391 0.0112865 -0.162954 0.00306425 0.0104111 -0.168502 0.00287495 0.010402 -0.168527 0.00286116 0.00927667 -0.17407 0.002677632 0.00923482 -0.174069 0.002610241 0.0119508 -0.157319 0.00318471 0.0101176 -0.168525 0.002610416 0.0114481 -0.157353 0.002736501 0.012064 -0.151727 0.00284473 0.0125707 -0.146081 0.00294819 0.00596403 -0.185054 0.002177705 0.006087 -0.185057 0.002252542 0.00507887 -0.187783 0.00216289 0.00610951 -0.185057 0.00228508 0.00509573 -0.187783 0.002184759 0.00611416 -0.185058 0.002298646 0.00509912 -0.187783 0.002193965 0.0061156 -0.185058 0.002307215 0.00510012 -0.187783 0.002199846 0.0104449 -0.168363 0.00295501 0.00787719 -0.179555 0.002544549 0.00928603 -0.17407 0.002705508 0.0129789 -0.140419 0.00305063 0.0128995 -0.14325 0.00312337 0.0126953 -0.146079 0.00306348 0.0125548 -0.148904 0.0031019 0.0126096 -0.148902 0.00323099 0.0126296 -0.148901 0.00331487 0.0126317 -0.1489 0.00335616 0.0126274 -0.1489 0.00338192 0.0129985 -0.137688 0.00366302 0.0129404 -0.14041 0.00361548 0.012744 -0.146073 0.0035132 0.0127527 -0.146073 0.00348779 0.0128664 -0.143243 0.0035405 0.0129524 -0.140411 0.0035917 0.0130487 -0.134738 0.00369641 0.0130086 -0.137575 0.00364691 0.0129476 -0.14041 0.00359737 0.0129451 -0.14041 0.00360004 0.00458594 -0.0373751 0.00562374 0.00442848 -0.0400652 0.00586026 0.00604363 -0.0373752 0.0060532 0.00602284 -0.040066 0.00639357 0.00511174 -0.0455485 0.00648748 0.00365536 -0.0511174 0.00603981 0.0056721 -0.0347256 0.00547976 0.00401133 -0.0295168 0.00381925 0.00179556 -0.0243498 0.001907701 -0.000862371 -0.0243589 0.001657714 -0.000172573 -0.0191299 0.00026578 -0.00290318 -0.0191328 0.00023138 -0.00104672 -0.015 -0.00050927 -0.00373894 -0.015 -0.00043864 0.00839883 -0.0347247 0.00595838 0.00666184 -0.0295137 0.00407742 0.00457584 -0.0243458 0.002017346 0.00274098 -0.0191287 0.00028074 0.00185085 -0.015 -0.00054185 0.00206043 -0.059507 0.0049851 -0.00324292 -0.0595065 0.0027576 0.00239063 -0.0567153 0.00533959 -0.00277494 -0.0567141 0.00310379 -0.000946103 -0.0511148 0.00396704 0.00827469 -0.0677856 0.00569392 0.00771375 -0.0622844 0.00634978 0.0124342 -0.0952427 0.00368402 0.0120547 -0.089681 0.00365374 0.012886 -0.0952404 0.00339506 0.0135344 -0.100831 0.00300252 0.0130846 -0.095239 0.00330704 0.013179 -0.0952383 0.00328112 0.0123772 -0.0896804 0.00361744 0.0126904 -0.0896797 0.00361908 0.0118229 -0.084162 0.0040357 0.00936408 -0.0732418 0.00508144 0.00912121 -0.0786886 0.00425279 0.00976359 -0.0841625 0.0039089 0.00789645 -0.0567156 0.00700921 0.00851507 -0.0511184 0.00750422 0.00910946 -0.0455497 0.00762944 0.00921943 -0.0400668 0.0071795 0.00894896 -0.0373753 0.00667466 0.00972048 -0.0347242 0.0063365 0.00796488 -0.029512 0.00433101 0.00597347 -0.0243437 0.002141303 0.00423232 -0.019128 0.00029791 0.00334555 -0.015 -0.00057536 0.0048501 -0.015 -0.00063568 0.00572224 -0.0191269 0.00032989 0.00734542 -0.0243402 0.002371466 0.0101341 -0.0295169 0.00556275 0.0107882 -0.0321079 0.00659547 0.0100244 -0.0295134 0.00539988 0.0106044 -0.0321041 0.00637477 0.00973569 -0.0295078 0.00515577 0.0094956 -0.0295081 0.00495617 0.00749794 -0.0179821 0.000845187 0.00750179 -0.0179912 0.000851599 0.00749417 -0.0179652 0.000838987 0.00750703 -0.0179972 0.00086042 0.0079933 -0.0191316 0.001728481 0.00751451 -0.018 0.000873218 0.00751548 -0.018 0.000874897 0.00751752 -0.0179992 0.000878425 0.00751927 -0.0179971 0.000881484 0.00752166 -0.0179916 0.000885678 0.00750472 -0.017565 0.000856519 0.00753066 -0.0178917 0.000901714 0.00752573 -0.0179723 0.000892876 0.00748652 -0.0175327 0.000826551 0.00748437 -0.0175364 0.000823103 0.00749559 -0.0175369 0.000841316 0.00749206 -0.0175321 0.000835532 0.00749016 -0.0175311 0.000832438 0.00748817 -0.0175314 0.000829212 0.00748143 -0.0175455 0.000818415 0.00747631 -0.0175829 0.000810313 0.00837741 -0.0217559 0.002545869 0.0089106 -0.0243542 0.00360937 0.00890434 -0.0243541 0.00360014 0.0083572 -0.0217557 0.002511451 0.00889285 -0.0243539 0.00355623 0.00833944 -0.0217557 0.002465917 0.0088994 -0.024354 0.00358844 0.00858686 -0.0217604 0.002679994 0.00864812 -0.021762 0.002742557 0.00867261 -0.0217625 0.00277489 0.00910876 -0.0243599 0.00367954 0.00902325 -0.0243571 0.00364616 0.00843038 -0.0217566 0.002593086 0.00769719 -0.0163074 0.001323348 0.00821635 -0.0191477 0.002015073 0.00920231 -0.0243629 0.00377778 0.00919974 -0.0256472 0.00416953 0.00926454 -0.0269298 0.00412588 0.00942485 -0.0269341 0.0043249 0.00950017 -0.0269368 0.00450394 0.00950888 -0.0269381 0.00471868 0.00950838 -0.0269382 0.00474179 0.00951 -0.0269382 0.00474939 0.00891431 -0.0243542 0.0036132 0.00920717 -0.0256473 0.00417927 0.00920429 -0.0256473 0.00417652 0.00951308 -0.0269383 0.00475481 0.00951135 -0.0269383 0.00475235 0.00983367 -0.0282288 0.0053329 0.00983293 -0.0282288 0.00533047 0.0101663 -0.0295203 0.00590347 0.0101667 -0.0295203 0.00589784 0.00952441 -0.0269387 0.00476075 0.00951784 -0.0269385 0.00475846 0.00921856 -0.0256476 0.0041852 0.00921051 -0.0256474 0.0041816 0.008928 -0.0243545 0.00362222 0.00891844 -0.0243543 0.00361658 0.00840148 -0.0217561 0.002572037 0.0089525 -0.0243551 0.00363049 0.00954312 -0.0269393 0.00476293 0.0101695 -0.0295205 0.00590992 0.00983823 -0.028229 0.00533771 0.00984339 -0.0282292 0.00533934 0.0101813 -0.0295191 0.00570848 0.0101708 -0.0295202 0.0058803 0.0102286 -0.0295228 0.00591652 0.00793114 -0.0191313 0.001639112 0.00786539 -0.0191312 0.001520712 0.0092067 -0.024363 0.00378654 0.00947802 -0.0256562 0.00432813 0.00947431 -0.0256561 0.00431929 0.00975434 -0.0269468 0.00487904 0.00974552 -0.0269465 0.00486803 0.00951524 -0.0269384 0.00475683 0.0098363 -0.0282289 0.00533647 0.00983479 -0.0282289 0.00533488 0.0101672 -0.0295204 0.00590738 0.0101666 -0.0295204 0.00590562 0.0103363 -0.030167 0.00618614 0.0103363 -0.0301669 0.00618405 0.010508 -0.0308144 0.00645914 0.010509 -0.0308143 0.00645386 0.0105137 -0.0308143 0.00643799 0.0108619 -0.0321124 0.00696812 0.0108784 -0.0321116 0.00683488 0.0106813 -0.0314629 0.00673306 0.0101733 -0.0295207 0.00591142 0.0103399 -0.0301672 0.00619134 0.0103417 -0.0301673 0.00619205 0.010512 -0.0308147 0.00646749 0.010516 -0.0308149 0.00646875 0.0101857 -0.0295212 0.00591267 0.0105212 -0.0308151 0.00646972 0.0101681 -0.0295205 0.0059088 0.0103367 -0.030167 0.00618788 0.0105079 -0.0308144 0.00646122 0.0106812 -0.0314628 0.00672757 0.010857 -0.0321124 0.00698292 0.0108879 -0.0321141 0.00701111 0.0106351 -0.0308204 0.00659399 0.010336 -0.0295275 0.00603875 0.0108636 -0.032113 0.00700195 0.0108599 -0.0321128 0.00700008 0.0106873 -0.0314632 0.00673816 0.0108574 -0.0321127 0.006998 0.010684 -0.0314631 0.00673653 0.0106828 -0.031463 0.00673554 0.0105106 -0.0308146 0.00646666 0.0105094 -0.0308145 0.00646565 0.0103385 -0.0301671 0.00619044 0.0106819 -0.031463 0.0067344 0.0108564 -0.0321126 0.00699681 0.0108558 -0.0321126 0.00699548 0.0110312 -0.0327636 0.00724927 0.0110318 -0.0327637 0.00725069 0.0109445 -0.032438 0.00712552 0.0109467 -0.0324381 0.00712785 0.0108554 -0.0321125 0.00699398 0.0110305 -0.0327635 0.00724417 0.0112131 -0.033416 0.00746155 0.011577 -0.0347263 0.00780731 0.0112284 -0.0334155 0.00734507 0.0115654 -0.0347266 0.00790917 0.0110338 -0.0327638 0.00725329 0.0112085 -0.0334163 0.00749659 0.0112106 -0.0334164 0.00749961 0.0113852 -0.0340707 0.00773245 0.0110774 -0.0327658 0.00728073 0.0109052 -0.0321148 0.00701854 0.0109134 -0.0321152 0.00702428 0.0105783 -0.0308174 0.00648216 0.0105895 -0.0308179 0.00648791 0.0102579 -0.0295239 0.00592278 0.0102844 -0.029525 0.00593693 0.0112424 -0.033418 0.00752766 0.0112371 -0.0334177 0.00752176 0.0110706 -0.0327655 0.00727493 0.0110563 -0.0327648 0.00726691 0.0112468 -0.0334182 0.00753496 0.0110831 -0.0327661 0.00728808 0.0109205 -0.0321155 0.00703172 0.0105993 -0.0308183 0.00649565 0.0110366 -0.0327639 0.00725571 0.0112259 -0.0334172 0.00751306 0.0112517 -0.0334194 0.0076286 0.0114181 -0.0340727 0.00780413 0.0114116 -0.0340721 0.00777109 0.0112071 -0.0334162 0.00749343 0.0113838 -0.0340706 0.00772879 0.0115603 -0.0347269 0.00795301 0.0115772 -0.034728 0.00799519 0.00975793 -0.026947 0.00490259 0.00938058 -0.0251862 0.00414174 0.00920952 -0.024363 0.00379913 0.00894739 -0.0230658 0.00328477 0.0115661 -0.0347257 0.00772373 0.0122568 -0.0400679 0.00828252 0.012243 -0.0373753 0.00842001 0.0128691 -0.0400677 0.00884589 0.0128186 -0.0400683 0.00875796 0.01344 -0.0427952 0.00908094 0.0140138 -0.0455496 0.00914668 0.0134872 -0.0427939 0.00914213 0.0128957 -0.0400668 0.00891424 0.0144572 -0.0511202 0.00854435 0.0133555 -0.0511198 0.00838697 0.0134394 -0.045552 0.00883027 0.013004 -0.0455515 0.00867438 0.0130637 -0.0427961 0.00877587 0.0125794 -0.0400682 0.00850593 0.0110307 -0.0327636 0.00724772 0.0112066 -0.0334161 0.00748599 0.0115597 -0.0347267 0.00793472 0.0141926 -0.0455465 0.00931623 0.0135906 -0.0427912 0.00930247 0.0136024 -0.0427911 0.00934204 0.0129445 -0.0400647 0.00915789 0.0129481 -0.0400649 0.00912061 0.0115591 -0.0347268 0.00794425 0.011383 -0.0340705 0.00772501 0.0112065 -0.0334161 0.00748995 0.0129152 -0.0400637 0.00923126 0.0128782 -0.040063 0.00933258 0.0129812 -0.0404848 0.00938697 0.0136022 -0.0427908 0.00938711 0.0135702 -0.0427893 0.00947549 0.0138872 -0.0441636 0.00951859 0.0142187 -0.0455461 0.00941286 0.0139359 -0.044379 0.009521 0.0139456 -0.044422 0.00952135 0.0142128 -0.0455464 0.00936131 0.0139261 -0.0443359 0.00952061 0.0150858 -0.0511159 0.00877837 0.0152138 -0.0511155 0.00888644 0.0159101 -0.0567141 0.00809637 0.014119 -0.045547 0.00923763 0.0147377 -0.0483237 0.00916508 0.0147667 -0.0483236 0.00921549 0.0147803 -0.0483233 0.0092722 0.0141943 -0.0455444 0.00951512 0.015284 -0.0511137 0.00912699 0.0159988 -0.0567139 0.00822229 0.0152511 -0.0511154 0.00894168 0.0152732 -0.0511151 0.00900219 0.0145476 -0.0472763 0.00958756 0.0140421 -0.0448532 0.00952239 0.013965 -0.0445082 0.00952191 0.013931 -0.0443574 0.00952081 0.0139286 -0.0443466 0.00952071 0.0152972 -0.0511127 0.00928295 0.0160992 -0.0566439 0.00855029 0.0153947 -0.0567153 0.00779097 0.014808 -0.0567164 0.00768408 0.0134641 -0.0567162 0.00769881 0.0114408 -0.0342028 0.00790943 0.0107788 -0.0400672 0.00765017 0.0110934 -0.0455504 0.00815109 0.0109634 -0.0511189 0.00804013 0.0106986 -0.0567158 0.00752794 0.0106084 -0.0622844 0.00682519 0.0109089 -0.0677857 0.0061062 0.0106547 -0.0786888 0.00452465 0.0108078 -0.0841623 0.00393879 0.0137198 -0.106449 0.002735653 0.0136771 -0.106451 0.00274422 0.0136449 -0.100829 0.00297465 0.0135909 -0.10083 0.00297964 0.0133606 -0.0952369 0.0032727 0.0132709 -0.0952376 0.00326916 0.0128446 -0.0896794 0.00363692 0.0138907 -0.100822 0.00332532 0.0137963 -0.100825 0.0030944 0.0136213 -0.0952346 0.00340057 0.0135357 -0.0952354 0.00333522 0.0134799 -0.0924518 0.00358065 0.0129977 -0.089679 0.00366804 0.0128251 -0.0841617 0.00424138 0.0138082 -0.0841614 0.00466587 0.0137616 -0.0814202 0.00486816 0.0140551 -0.0814202 0.00500697 0.0133009 -0.0896783 0.00378012 0.0149175 -0.0622844 0.00678278 0.0155965 -0.0622844 0.00689049 0.0159998 -0.0622845 0.00708556 0.0146602 -0.0786897 0.00544386 0.0144177 -0.0786894 0.00531101 0.0151071 -0.073243 0.00576166 0.0146518 -0.0732424 0.005639 0.0154638 -0.0677863 0.00621904 0.0148424 -0.0677857 0.00610541 0.0162861 -0.0622845 0.00736958 0.0157401 -0.0567143 0.00795523 0.0148569 -0.0511181 0.00865764 0.0138118 -0.0455521 0.00901764 0.013362 -0.0427962 0.00900105 0.016233 -0.0679222 0.00695032 0.0154736 -0.0746658 0.00623742 0.0156344 -0.0732442 0.0062887 0.0147951 -0.0786899 0.00557677 0.0153731 -0.0732435 0.00593093 0.0158322 -0.0677868 0.00641334 0.0140247 -0.0869136 0.00468907 0.0140373 -0.0841613 0.00484299 0.0141201 -0.0855361 0.00488071 0.0141005 -0.0869135 0.00481392 0.0140675 -0.0896762 0.00468555 0.014016 -0.0896764 0.00454472 0.0138882 -0.0896767 0.00430543 0.0138508 -0.0869138 0.00447853 0.0142109 -0.0841613 0.00504966 0.014142 -0.0841613 0.00494929 0.0140454 -0.0827893 0.00492369 0.0142412 -0.0841612 0.00512876 0.0141771 -0.0855359 0.00507034 0.0141185 -0.0869132 0.00501303 0.0140651 -0.0882932 0.00495679 0.0140973 -0.0882934 0.00486962 0.0140166 -0.0896757 0.0049016 0.0140049 -0.0952305 0.00428289 0.0139448 -0.0952313 0.00399912 0.0139199 -0.0924494 0.00414586 0.0141244 -0.0869135 0.00487497 0.0140994 -0.0882935 0.00481352 0.0140752 -0.0896761 0.00472071 0.0140184 -0.09523 0.00448927 0.0139805 -0.100817 0.00427972 0.0140208 -0.0952301 0.00444844 0.0140665 -0.089676 0.00481211 0.0139334 -0.0924479 0.00479425 0.0137634 -0.0952286 0.00474903 0.0138519 -0.0924474 0.00485337 0.0139617 -0.0896754 0.0049618 0.0140254 -0.0882929 0.00501762 0.0140954 -0.086913 0.00507456 0.014172 -0.0855357 0.00513263 0.0142556 -0.0841611 0.00519188 0.0143464 -0.0827893 0.00525233 0.0140769 -0.0896761 0.00475351 0.0140737 -0.089676 0.00478397 0.0140139 -0.0924483 0.00470066 0.0138665 -0.0952291 0.00469078 0.0136394 -0.100815 0.0045517 0.0140085 -0.0952299 0.00452709 0.0142687 -0.0841609 0.00534329 0.0142682 -0.0841609 0.00528989 0.0143869 -0.0827892 0.00535831 0.0141588 -0.0855355 0.00522324 0.0141478 -0.0855354 0.00526936 0.0140582 -0.0869127 0.00515832 0.0140366 -0.0869126 0.00519768 0.0139661 -0.0882925 0.00509506 0.0139348 -0.0882924 0.00512818 0.0138821 -0.0896748 0.00503344 0.0160526 -0.0567132 0.00835958 0.0163688 -0.0622845 0.00750559 0.0161671 -0.0677874 0.0067937 0.0160852 -0.0677871 0.00667442 0.0156086 -0.0732441 0.0062329 0.01555 -0.0732438 0.00614059 0.0149028 -0.0786902 0.00578512 0.0148781 -0.07869 0.00572333 0.0145601 -0.0814203 0.00559172 0.0145527 -0.0814203 0.00554443 0.0142567 -0.0841608 0.00541263 0.0142516 -0.0841607 0.00543353 0.014122 -0.0855352 0.0053278 0.0149127 -0.0786902 0.00582275 0.0149205 -0.0786903 0.00588714 0.0149038 -0.0788121 0.00587726 0.0137803 -0.0896743 0.00509118 0.0139979 -0.0869123 0.00524601 0.0137635 -0.0896742 0.00509938 0.0139865 -0.0869123 0.00526005 0.0138616 -0.0882919 0.00518637 0.0139796 -0.0869122 0.0052701 0.0138594 -0.0882919 0.00518822 0.0139757 -0.0869122 0.0052768 0.0138569 -0.0882919 0.00519195 0.0145605 -0.0814204 0.00567504 0.0142416 -0.0841607 0.00547922 0.0139692 -0.0869122 0.0052981 0.0138133 -0.0896746 0.00507768 0.0140195 -0.0869125 0.00522291 0.0141371 -0.0855354 0.0052993 0.0142648 -0.0841609 0.0053783 0.0145412 -0.0814203 0.00549814 0.0145152 -0.0814203 0.00542854 0.0135508 -0.0952275 0.00481142 0.0136196 -0.0952277 0.00480232 0.0136809 -0.0924466 0.00493222 0.0137369 -0.0924467 0.00491489 0.0138418 -0.0896747 0.00506081 0.0135051 -0.0952274 0.00481549 0.0137499 -0.0896741 0.00510838 0.0136529 -0.0910588 0.00502944 0.0137512 -0.0896741 0.00510722 0.0136557 -0.0910588 0.00502858 0.0137538 -0.0896742 0.00510589 0.0136513 -0.0910588 0.00503036 0.0137484 -0.0896741 0.00511045 0.0135603 -0.0924458 0.00495712 0.0135582 -0.0924458 0.00495984 0.0136477 -0.0910588 0.00503513 0.0137466 -0.0896741 0.00511358 0.0136458 -0.0910588 0.0050374 0.013745 -0.0896756 0.00511577 0.0137442 -0.0896749 0.00511639 0.0132633 -0.0985397 0.00466677 0.0132665 -0.0984524 0.0046706 0.0132602 -0.0986271 0.00466294 0.013232 -0.0994134 0.00462895 0.013245 -0.0990639 0.00464395 0.013248 -0.0989765 0.00464773 0.0132761 -0.0981905 0.00468218 0.0132793 -0.0981032 0.00468606 0.0132922 -0.0980159 0.00468536 0.0132826 -0.0980159 0.00468995 0.0133391 -0.0966202 0.00475366 0.0132571 -0.0987144 0.00465912 0.0132276 -0.0995883 0.00462151 0.0135513 -0.0924461 0.00497222 0.0137437 -0.0896748 0.00511687 0.0137431 -0.0896751 0.00511785 0.01374 -0.0896741 0.00513089 0.0136505 -0.0909126 0.0050604 0.0139931 -0.100818 0.00405376 0.0139713 -0.10082 0.00374135 0.0137895 -0.0952329 0.00361806 0.0137062 -0.0924506 0.00378916 0.0136006 -0.0896775 0.00397804 0.0134727 -0.0869142 0.00418566 0.0133223 -0.0841616 0.00441299 0.016385 -0.0655594 0.00724413 0.0139888 -0.100818 0.00423523 -0.00844922 -0.0204529 0.001119047 -0.00835139 -0.0204561 0.001044408 -0.00857345 -0.0217672 0.00064195 -0.00885921 -0.0243735 -0.00025788 -0.0088021 -0.0230708 0.00019406 -0.00865402 -0.0230755 0.00019525 -0.008454 -0.0217713 0.00061442 -0.00825822 -0.0204591 0.00099095 -0.00793144 -0.0191404 0.0011885 -0.00806899 -0.0204649 0.000912153 -0.00820317 -0.0217791 0.00059163 -0.00847133 -0.0243833 -0.00015294 -0.00975793 -0.026947 -0.00140259 -0.00920952 -0.024363 -0.00029913 -0.00894739 -0.0230658 0.00021523 -0.00876777 -0.0221483 0.00055534 -0.00869383 -0.0217629 0.00069131 -0.00765833 -0.0204741 0.000791603 -0.00764458 -0.0217915 0.00059809 -0.00758509 -0.0243987 0.00014135 -0.00751146 -0.0295561 -0.00093858 -0.00782847 -0.0347369 -0.00202627 -0.0124236 -0.0511024 -0.00353974 -0.0140169 -0.0448593 -0.00614477 -0.0106122 -0.0455307 -0.00337342 -0.0129182 -0.0402265 -0.00585434 -0.00890323 -0.0400555 -0.00287319 -0.0123381 -0.0378675 -0.00545053 -0.00825722 -0.0373736 -0.00249274 -0.0116084 -0.0348931 -0.0046419 -0.0107854 -0.0314614 -0.00336121 -0.0157168 -0.0536799 -0.00547307 -0.0131977 -0.0539049 -0.00350279 -0.015751 -0.0539126 -0.00544194 -0.0137932 -0.056708 -0.00338851 -0.0101174 -0.0539054 -0.00127157 -0.00897063 -0.051103 -0.0009657 -0.00638412 -0.0455312 -0.00021723 -0.00421764 -0.0400557 0.00048757 -0.00359592 -0.0373736 0.00073884 -0.00719775 -0.0204774 0.00059835 -0.00629932 -0.0217909 0.00053605 -0.005581 -0.024398 0.00067814 -0.00414254 -0.0295554 0.000895366 -0.00341975 -0.0347367 0.000883325 -0.00742638 -0.0164429 0.00071729 -0.00720009 -0.0164461 0.00028906 -0.00707271 -0.0178028 0.00034017 -0.00712357 -0.0164478 0.00019665 -0.00686441 -0.0178032 0.00019691 -0.00736484 -0.0184765 0.00067304 -0.00698176 -0.0184757 0.00036892 -0.00661192 -0.0191429 0.00030068 -0.00631708 -0.0191406 0.00021893 -0.00703568 -0.0164496 0.00011125 -0.00681961 -0.0164534 -3.694e-05 -0.0065157 -0.0164568 -0.00014581 -0.00595576 -0.0191385 0.00016394 -0.00551043 -0.0217797 0.00056398 -0.00744204 -0.0164428 0.000758529 -0.00713204 -0.015 3.918e-05 -0.00699784 -0.015 -9.467e-05 -0.00671552 -0.015 -0.00024478 -0.00598008 -0.015 -0.00032538 -0.00540965 -0.0191371 0.00016834 -0.00340462 -0.0243728 0.001202916 -0.0045238 -0.024384 0.000957675 -0.00117207 -0.0295352 0.0023265 -0.0074816 -0.0567121 0.00062658 -0.00522241 -0.0511107 0.001507444 -0.00243666 -0.0455404 0.0024854 -0.000257086 -0.0400611 0.00315216 0.000251404 -0.0373745 0.00324125 0.000212765 -0.0347309 0.00311049 -0.0132444 -0.0677894 -0.00222108 -0.016451 -0.0626669 -0.00413868 -0.0138595 -0.0650455 -0.00260533 -0.0164484 -0.0622845 -0.00419384 -0.0141767 -0.0622847 -0.00293615 -0.0163454 -0.0595058 -0.00461217 -0.0141422 -0.0595039 -0.00319895 -0.0161226 -0.0568628 -0.00501734 -0.0161067 -0.0567127 -0.00503994 -0.0114023 -0.0732454 -0.00135741 -0.0158195 -0.0719687 -0.00300181 -0.016233 -0.0679222 -0.00345032 -0.00315658 -0.0786896 0.001455227 -0.00679577 -0.0732444 0.00021496 -0.00989048 -0.0677888 -0.00087086 -0.0109436 -0.0650452 -0.00126422 -0.0115126 -0.0622847 -0.00150903 -0.0115099 -0.0595041 -0.00157713 -0.0110044 -0.0567084 -0.00148668 -0.0142416 -0.0841607 -0.00197922 -0.0149038 -0.0788121 -0.00237726 -0.00921391 -0.0786903 -0.00047544 -0.0149205 -0.0786903 -0.00238714 -0.0156607 -0.0732443 -0.00287355 -0.013857 -0.0882015 -0.00171828 -0.00723649 -0.0841612 0.00029604 0.00010942 -0.0841619 0.002560076 0.00113945 -0.0786886 0.002735271 -0.00289065 -0.0732423 0.001584615 -0.00630918 -0.0677867 0.00064594 -0.00746579 -0.0650438 0.00035979 -0.00808156 -0.0622845 0.00025108 -0.00805976 -0.0595057 0.00035015 -0.00577058 -0.0896773 0.000889749 0.00250613 -0.0896807 0.00337337 0.0040937 -0.0952413 0.00391545 0.00556314 -0.0896824 0.0041777 0.00732531 -0.0952444 0.00472477 0.00741142 -0.0896833 0.00451001 0.00916346 -0.0952459 0.00497565 0.0047582 -0.0841626 0.00376979 0.00867868 -0.0896835 0.00454155 0.0103098 -0.0952462 0.00487416 0.00621055 -0.0841627 0.00398226 0.00497035 -0.100838 0.00421869 0.00828883 -0.100842 0.00501245 0.010121 -0.100844 0.00519998 0.0112018 -0.100844 0.00500797 0.0120026 -0.100843 0.00449834 0.0130214 -0.100838 0.00353124 0.0136079 -0.112092 0.002548586 0.0136573 -0.11209 0.00256224 0.00765039 -0.179576 0.00231725 0.00782664 -0.179579 0.002432362 0.00786004 -0.17958 0.002484175 0.00786665 -0.179583 0.002505376 0.00786847 -0.179584 0.002515687 0.00611296 -0.185064 0.002322968 0.00718806 -0.179567 0.002173474 0.00398478 -0.1905 0.002098623 0.00398552 -0.1905 0.002092627 0.00398324 -0.1905 0.002085787 0.00398251 -0.1905 0.002084637 0.00397104 -0.1905 0.002073936 0.00390532 -0.1905 0.002047891 0.00343775 -0.1905 0.001980309 0.00253524 -0.1905 0.001919547 0.000835514 -0.1905 0.001856192 -0.000185213 -0.1905 0.001789576 -0.0072596 -0.015 0.00024351 -0.00727261 -0.015 0.00027252 -0.00686838 -0.015 4.03e-06 -0.00699784 -0.015 -9.467e-05 -0.00713204 -0.015 3.918e-05 -0.00720228 -0.015 0.00013737 0.00694547 -0.015 4.454e-05 0.00643916 -0.015 -0.00040169 0.006 -0.015 -0.0002 0.0063692 -0.015 -0.00044278 0.00566553 -0.015 -0.00066923 -0.006 -0.015 -0.0002 -0.00598008 -0.015 -0.00032538 -0.00671552 -0.015 -0.00024478 0.00552942 -0.015 -0.00067662 0.0048501 -0.015 -0.00063568 0.00334555 -0.015 -0.00057536 0.00185085 -0.015 -0.00054185 -0.00104672 -0.015 -0.00050927 -0.00373894 -0.015 -0.00043864 -0.00264813 -0.1905 0.001570094 -0.000983231 -0.1905 0.001800103 0.000830292 -0.179547 0.002550695 0.00994012 -0.0679202 0.00845241 0.0100615 -0.0788111 0.0072176 0.0128961 -0.0788117 0.00732497 0.0154736 -0.0746658 0.00623742 0.016233 -0.0679222 0.00695032 0.0157782 -0.0679225 0.00757543 0.016385 -0.0655594 0.00724413 0.0098332 -0.0402301 0.01106461 0.0109802 -0.0402283 0.01078423 0.00956618 -0.0348914 0.00963173 0.0152972 -0.0511127 0.00928295 0.0145476 -0.0472763 0.00958756 0.014354 -0.0512685 0.01015346 0.0133207 -0.0457034 0.01042895 -0.00869383 -0.0217629 0.00069131 -0.00876777 -0.0221483 0.00055534 -0.00584485 -0.0245673 0.0029074 -0.010336 -0.0295275 -0.00253875 -0.0107854 -0.0314614 -0.00336121 -0.0045385 -0.0297188 0.0027745 -0.00141193 -0.0348962 0.00449416 -0.00360043 -0.0348996 0.002571557 -0.00344521 -0.0402198 0.00234476 -0.00324405 -0.0245175 0.00484587 -0.00406449 -0.0245324 0.00436976 -0.00162064 -0.0296916 0.00529793 -0.000522694 -0.0296799 0.00613522 0.000631147 -0.0296755 0.00675203 -0.00206871 -0.0245119 0.00515516 0.00397643 -0.1905 0.002125932 0.00398478 -0.1905 0.002098623 0.00611296 -0.185064 0.002322968 0.00780224 -0.179592 0.002652318 0.00772074 -0.17959 0.002740609 -0.00771524 -0.0161811 0.002097063 -0.00772262 -0.0161401 0.002058366 -0.00777294 -0.0164642 0.002015148 0.00714174 -0.018 0.00307625 0.00680326 -0.018 0.00330476 0.0070298 -0.0193189 0.00363243 -0.00821396 -0.0191341 0.001488412 -0.00734292 -0.0180417 0.00286468 -0.00734672 -0.0180209 0.0028638 -0.00734957 -0.0180052 0.00286315 -0.00742333 -0.018 0.00276815 -0.00733691 -0.018 0.00287924 -0.00734862 -0.0180104 0.00286337 -0.0072714 -0.018 0.00295252 -0.00735051 -0.018 0.00286293 -0.00733526 -0.0180835 0.00286643 -0.00731974 -0.0181668 0.00286996 -0.0072879 -0.0183334 0.0028771 -0.0061962 -0.018 0.00348897 -0.006347 -0.018 0.00346525 -0.00624675 -0.0193159 0.00353077 -0.00648594 -0.018 0.00343118 -0.00657799 -0.018 0.0034018 -0.00660656 -0.018 0.00339152 -0.00662042 -0.0179939 0.00338633 -0.00689222 -0.0171725 0.00328055 -0.00671574 -0.0175568 0.00334694 -0.00704989 -0.015 0.00315008 -0.00662973 -0.0179851 0.00338277 -0.00663817 -0.0179688 0.00337949 -0.00665779 -0.0178868 0.00337167 -0.00441716 -0.0193086 0.00376224 -0.0048605 -0.018 0.0035 -0.006 -0.018 0.0035 0.00657804 -0.0179974 0.00340194 0.00648984 -0.0193181 0.00379921 0.00643442 -0.018 0.00344522 0.006 -0.018 0.0035 0.00760121 -0.019319 0.00316775 0.00729171 -0.0179985 0.00293067 0.00769095 -0.0177613 0.002200781 0.00821635 -0.0191477 0.002015073 0.00770068 -0.0177177 0.002162544 0.00777294 -0.0164642 0.001484852 0.00772262 -0.0161401 0.001441634 0.00763362 -0.0179164 0.002377537 0.00757202 -0.0179838 0.002518935 0.00746408 -0.0179993 0.002708632 -0.00752293 -0.0166399 0.00287234 -0.00772425 -0.01527 0.002611511 -0.00771317 -0.0152706 0.002515724 -0.00770832 -0.015 0.002494121 -0.00768547 -0.0152735 0.002449819 -0.00769115 -0.0161492 0.002200013 -0.00769918 -0.0161879 0.002168663 -0.00780267 -0.0166536 0.001987878 -0.00770295 -0.0161965 0.002153056 -0.00770706 -0.0161987 0.002135304 -0.00771031 -0.0161952 0.002120583 -0.00762948 -0.015 0.002388209 -0.00765639 -0.0157181 0.002314694 -0.00768041 -0.0160576 0.00223861 -0.00769096 -0.0152756 0.00283067 -0.00771896 -0.015 0.00282628 -0.00773542 -0.015 0.002583279 -0.00767242 -0.0152786 0.00287407 -0.00764765 -0.0152822 0.00291449 -0.00767129 -0.015 0.00292103 -0.00684905 -0.018 0.00328024 -0.00668406 -0.0193226 0.00326234 -0.00678596 -0.018 0.00331352 -0.00672131 -0.018 0.00334443 -0.00678588 -0.0179986 0.00331362 -0.00733216 -0.016647 0.0030706 -0.00735878 -0.015 0.0030982 -0.00740229 -0.015 0.0030846 -0.00759362 -0.015 0.00299256 0.0130603 -0.123464 0.00392555 0.01306 -0.123388 0.00392713 0.0127376 -0.123468 0.00449768 0.0130322 -0.112065 0.00420098 0.0128849 -0.100915 0.00518146 0.0130506 -0.108398 0.00431145 0.0124221 -0.151722 0.00340135 0.0127418 -0.146124 0.00351225 0.0122591 -0.146128 0.0041177 0.012744 -0.146073 0.0035132 0.0129404 -0.14041 0.00361548 0.0129985 -0.137688 0.00366302 0.0130397 -0.134738 0.00371443 0.0130701 -0.129062 0.00381624 0.0104449 -0.168363 0.00295501 0.0120953 -0.15579 0.00331111 0.0117176 -0.157389 0.00360263 0.0114221 -0.15739 0.00385462 0.0102069 -0.168551 0.00323316 0.00600935 -0.185062 0.002461329 0.00750524 -0.179588 0.00288515 0.00992884 -0.16855 0.00344698 0.0066211 -0.179583 0.00309235 0.00892784 -0.168547 0.00376972 0.0103913 -0.157391 0.00425351 0.00237757 -0.1905 0.002200569 0.00334355 -0.1905 0.002245259 0.0038138 -0.1905 0.002208181 0.00389737 -0.1905 0.002183442 0.00394198 -0.1905 0.002160551 0.0119466 -0.123473 0.00499336 0.0120975 -0.100917 0.00569665 0.0103518 -0.112168 0.00538454 0.010336 -0.100922 0.00576661 0.00867146 -0.112175 0.00502446 0.00857009 -0.100926 0.00532837 0.0102059 -0.123482 0.00512845 0.00843872 -0.123492 0.00481015 0.00789536 -0.134831 0.00462148 0.00983803 -0.134821 0.00492114 0.00706488 -0.146148 0.00439447 0.00918774 -0.14614 0.0046854 0.00597076 -0.157397 0.00406516 0.00819463 -0.157394 0.00434403 0.00461958 -0.168537 0.00357072 0.00678603 -0.168542 0.00382222 0.00275274 -0.179562 0.00286645 0.00469626 -0.179573 0.00308269 -9.89905e-05 -0.1905 0.001922033 0.00150645 -0.1905 0.002117957 0.0112814 -0.146132 0.00456635 0.00670787 -0.112184 0.00441913 -0.0130768 -0.105995 -0.00089118 -0.0130711 -0.106427 -0.00087636 -0.0130322 -0.112065 -0.00070098 -0.0130379 -0.11772 -0.0005533 0.00639204 -0.123504 0.00425106 -0.0104156 -0.168528 0.00055049 -0.00819591 -0.178421 0.000911034 0.00237076 -0.168529 0.00315348 0.00359182 -0.157402 0.00357972 -0.0112879 -0.162954 0.00037583 -0.0107203 -0.166748 0.0004921 -0.01306 -0.123388 -0.00042713 -0.0130603 -0.123464 -0.00042555 0.00569736 -0.134844 0.00408446 -0.0130393 -0.134775 -0.00021379 0.00472892 -0.146159 0.00387535 -0.0127418 -0.146124 -1.225e-05 -0.0123099 -0.153244 0.0001313 -0.00452472 -0.0219253 0.00423613 -0.00523283 -0.0219375 0.00392168 -0.00489328 -0.0245513 0.0037253 -0.007389 -0.016645 0.00302495 -0.00678543 -0.0193242 0.00318359 -0.00743918 -0.016643 0.00297699 -0.00688445 -0.0193258 0.00310056 -0.00761973 -0.015 0.00297287 -0.00707444 -0.0193282 0.00292307 -0.00536184 -0.0245603 0.00333035 -0.00293634 -0.0297063 0.00418151 -0.00722101 -0.018666 0.00289174 -0.00562342 -0.0193106 0.00371237 0.00294718 -0.0348879 0.00810463 0.000372536 -0.0348922 0.0060363 0.00418791 -0.040232 0.00878969 0.0012474 -0.0402275 0.00632248 0.00431337 -0.0457132 0.00875553 0.00100058 -0.045706 0.00614055 0.00378361 -0.0512768 0.00823564 0.000138482 -0.0512709 0.00566382 0.00307143 -0.0568666 0.0074708 -0.000819468 -0.0568639 0.00507039 -0.0013539 -0.0624267 0.00453836 -0.00403308 -0.0456936 0.002125697 -0.00497563 -0.0512607 0.001934736 -0.00894739 -0.0230658 0.00021523 -0.00920952 -0.024363 -0.00029913 -0.00975793 -0.026947 -0.00140259 -0.00824599 -0.0193173 0.001441094 -0.00844922 -0.0204529 0.001119047 -0.0157168 -0.0536799 -0.00547307 -0.0140169 -0.0448593 -0.00614477 -0.0129182 -0.0402265 -0.00585434 -0.0123381 -0.0378675 -0.00545053 -0.0116084 -0.0348931 -0.0046419 -0.00587554 -0.0568591 0.001791954 -0.0163454 -0.0595058 -0.00461217 -0.00633556 -0.062427 0.001717429 -0.0164484 -0.0622845 -0.00419384 -0.016451 -0.0626669 -0.00413868 -0.00967714 -0.0788118 -0.00025656 -0.0149038 -0.0788121 -0.00237726 -0.0142416 -0.0841607 -0.00197922 -0.013857 -0.0882015 -0.00171828 -0.00279141 -0.0897921 0.002045457 -0.00439856 -0.0788114 0.001872835 -0.00609958 -0.0679231 0.001721326 -0.0111718 -0.0679236 -0.00084877 -0.016233 -0.0679222 -0.00345032 -0.0158195 -0.0719687 -0.00300181 -0.0156607 -0.0732443 -0.00287355 -0.0149205 -0.0786903 -0.00238714 -0.015751 -0.0539126 -0.00544194 -0.0161067 -0.0567127 -0.00503994 -0.0161226 -0.0568628 -0.00501734 -0.00194549 -0.100938 0.002165404 0.00653975 -0.100931 0.00463267 0.00578257 -0.0897915 0.00493567 0.00434001 -0.0788105 0.00537353 0.0028403 -0.0679195 0.00610913 0.00264958 -0.0624266 0.00670175 0.00938058 -0.0251862 0.00414174 0.00920952 -0.024363 0.00379913 0.0086859 -0.0245412 0.0048595 0.00894739 -0.0230658 0.00328477 0.00869383 -0.0217629 0.00280869 0.00821563 -0.0245411 0.00527571 0.00952782 -0.0296984 0.00720216 0.00988082 -0.0296985 0.00687851 0.0109405 -0.0321172 0.00712729 0.0112517 -0.0334194 0.0076286 0.0114408 -0.0342028 0.00790943 0.0106351 -0.0308204 0.00659399 0.010336 -0.0295275 0.00603875 0.00975793 -0.026947 0.00490259 0.00776094 -0.0245386 0.00545532 0.00917804 -0.0296965 0.0073856 0.0106419 -0.0348936 0.00910313 0.0111544 -0.0348941 0.00868804 0.0115684 -0.0347287 0.00808789 0.0122166 -0.0373748 0.00884029 0.0120538 -0.040226 0.01014626 0.0128782 -0.040063 0.00933258 0.0129812 -0.0404848 0.00938697 0.0107903 -0.0457099 0.01136705 0.00947842 -0.0457121 0.0113016 0.00984311 -0.0512757 0.01090265 0.00453814 -0.018 0.0035 0.00112168 -0.018 0.0035 0.00484763 -0.0193145 0.00384005 0.0014809 -0.0193096 0.00385793 0.00630283 -0.0245285 0.00564489 0.00328182 -0.0245146 0.0057603 0.00794255 -0.0296886 0.00775159 0.00534746 -0.0296776 0.00797176 0.00727329 -0.0348885 0.00991903 0.00867547 -0.0402314 0.0110592 0.0149205 -0.0786903 0.00588714 0.0145943 -0.0788122 0.00638733 0.0142097 -0.0788121 0.00676684 0.01374 -0.0896741 0.00513089 0.0139692 -0.0869122 0.0052981 0.0133079 -0.0897858 0.00582428 0.0142416 -0.0841607 0.00547922 0.0145605 -0.0814204 0.00567504 0.0149038 -0.0788121 0.00587726 0.0128638 -0.0897864 0.00615537 0.0125263 -0.100916 0.00549856 0.0123721 -0.12347 0.00480011 0.0117957 -0.14613 0.00439393 0.0131831 -0.100813 0.00458567 0.0133966 -0.0952266 0.00483511 0.0136505 -0.0909126 0.0050604 0.00787719 -0.179555 0.002544549 0.013532 -0.0679214 0.00863555 0.0136211 -0.0624267 0.00939978 0.00993655 -0.056866 0.01012763 0.0134215 -0.056864 0.01019632 0.0129125 -0.0512715 0.01084375 0.0120976 -0.045707 0.01111531 -0.0020905 -0.018 0.0035 -0.0016876 -0.0193075 0.00383646 0.00041254 -0.0245086 0.00562514 0.00284 -0.029673 0.00769068 0.00501016 -0.0348872 0.00947495 0.00637129 -0.0402327 0.01045022 0.00686206 -0.0457143 0.01054082 0.00679749 -0.0512776 0.01001801 0.00650217 -0.0568669 0.00916192 0.00727565 -0.0788107 0.00646189 0.0064221 -0.0679196 0.00750417 0.00630068 -0.0624265 0.00825267 0.0150653 -0.0568625 0.0095294 0.0153662 -0.0624268 0.00876638 0.0152235 -0.0679222 0.00803233 0.0135927 -0.0788119 0.00712213 0.0123446 -0.0897869 0.00635484 0.0102191 -0.0897887 0.00635185 0.00811113 -0.0897902 0.00578586 0.0160992 -0.0566439 0.00855029 -0.00398478 -0.1905 0.001401377 -0.00463744 -0.188941 0.001336757 -0.00786639 -0.179593 0.00095693 -0.01374 -0.0896741 -0.00163089 -0.0133966 -0.0952266 -0.00133511 -0.0131831 -0.100813 -0.00108567 -0.0131803 -0.100913 -0.00108159 0.00253524 -0.1905 0.001919547 0.00150645 -0.1905 0.002117957 0.000835514 -0.1905 0.001856192 -9.89905e-05 -0.1905 0.001922033 -0.000185213 -0.1905 0.001789576 -0.000983231 -0.1905 0.001800103 -0.00139605 -0.1905 0.001677836 -0.00264813 -0.1905 0.001570094 -0.00398478 -0.1905 0.001401377 0.00398324 -0.1905 0.002085787 0.00398552 -0.1905 0.002092627 0.00398478 -0.1905 0.002098623 0.00394198 -0.1905 0.002160551 0.00389737 -0.1905 0.002183442 0.00343775 -0.1905 0.001980309 0.0038138 -0.1905 0.002208181 0.00334355 -0.1905 0.002245259 0.00237757 -0.1905 0.002200569 0.00390532 -0.1905 0.002047891 0.00397104 -0.1905 0.002073936 0.00398251 -0.1905 0.002084637 0.00397643 -0.1905 0.002125932 0.00674893 -0.018 0.00016835 0.00685383 -0.018 0.00022243 0.00685374 -0.018 0.00022265 0.00695485 -0.018 0.00028345 0.00674893 -0.018 0.00016835 0.00685383 -0.0179985 0.00022243 0.00685383 -0.018 0.00022243 0.00695485 -0.018 0.00028345 0.00713981 -0.018 0.00042209 0.0072222 -0.018 0.00049751 0.00722239 -0.018 0.00049788 0.00729961 -0.018 0.00057803 0.00713981 -0.018 0.00042209 0.00722227 -0.0179982 0.00049758 0.0072222 -0.018 0.00049751 0.00729961 -0.018 0.00057803 0.00750964 -0.0177825 0.000864855 0.00753066 -0.0178917 0.000901714 0.00752573 -0.0179723 0.000892876 0.00751752 -0.0179992 0.000878425 0.00751548 -0.018 0.000874897 0.00751927 -0.0179971 0.000881484 0.00752166 -0.0179916 0.000885678 0.00748437 -0.0175364 0.000823103 0.00748652 -0.0175327 0.000826551 0.0074932 -0.0175553 0.000837393 0.00748817 -0.0175314 0.000829212 0.00749016 -0.0175311 0.000832438 0.00750472 -0.017565 0.000856519 0.00749559 -0.0175369 0.000841316 0.00749206 -0.0175321 0.000835532 0.00749794 -0.0179821 0.000845187 0.00749417 -0.0179652 0.000838987 0.00747631 -0.0175829 0.000810313 0.00748143 -0.0175455 0.000818415 0.00750179 -0.0179912 0.000851599 0.00750703 -0.0179972 0.00086042 0.00751451 -0.018 0.000873218 -0.00672131 -0.018 0.00334443 -0.00678583 -0.018 0.00331364 -0.00678596 -0.018 0.00331352 -0.00684905 -0.018 0.00328024 -0.00672131 -0.018 0.00334443 -0.00678588 -0.0179986 0.00331362 -0.00678583 -0.018 0.00331364 -0.00684905 -0.018 0.00328024 -0.00735878 -0.015 0.0030982 -0.00704989 -0.015 0.00315008 -0.00729171 -0.015 0.00293067 -0.00767129 -0.015 0.00292103 -0.00761973 -0.015 0.00297287 -0.00759362 -0.015 0.00299256 -0.00740229 -0.015 0.0030846 -0.00771896 -0.015 0.00282628 -0.00773542 -0.015 0.002583279 -0.00770832 -0.015 0.002494121 -0.00762948 -0.015 0.002388209 0.00694547 -0.015 4.454e-05 0.006 -0.015 -0.0002 0.006 -0.0149848 -0.00012346 0.00699627 -0.0149984 0.00010352 0.0069597 -0.0149999 6.096e-05 0.00692646 -0.0149848 0.00012164 0.00717766 -0.0149777 0.00031262 0.00689437 -0.0149414 0.00017804 0.00738618 -0.0149441 0.00058416 0.00745802 -0.0149136 0.00071954 0.00687293 -0.0148765 0.00021572 0.00748673 -0.0148804 0.000795315 0.00657799 -0.0148 9.82e-05 0.0068654 -0.0148 0.00022896 0.00729171 -0.0148 0.00056933 0.0074933 -0.0148637 0.000817755 0.00749819 -0.0148 0.000845605 0.007499 -0.0148227 0.000844449 0.00749767 -0.0148423 0.000836026 0.006 -0.0149732 -0.0001 0.006 -0.0149414 -5.858e-05 0.006 -0.0149 -2.679e-05 0.006 -0.0148765 -1.522e-05 0.006 -0.0148 -7.632783e-17 0.006 -0.015 -0.0002 -0.006 -0.015 -0.0002 0.006 -0.0149848 -0.00012346 -0.006 -0.0149848 -0.00012346 0.006 -0.0149732 -0.0001 -0.006 -0.0149732 -0.0001 0.006 -0.0149414 -5.858e-05 -0.006 -0.0149414 -5.858e-05 0.006 -0.0149 -2.679e-05 -0.006 -0.0149 -2.679e-05 0.006 -0.0148765 -1.522e-05 -0.006 -0.0148765 -1.522e-05 0.006 -0.0148 -7.632783e-17 -0.006 -0.0148 -7.632783e-17 -0.00729171 -0.0148 0.00056933 -0.00677932 -0.0148 0.0001831 -0.0067861 -0.0148765 0.00016947 -0.00738981 -0.0148308 0.00068263 -0.00738949 -0.0148 0.00068613 -0.00736414 -0.0149469 0.00055392 -0.00738199 -0.0148976 0.00063544 -0.00738581 -0.0148774 0.00065598 -0.00738813 -0.0148588 0.00066989 -0.00686838 -0.015 4.03e-06 -0.00727261 -0.015 0.00027252 -0.00732806 -0.0149863 0.00042321 -0.0068343 -0.0149848 7.256e-05 -0.006 -0.015 -0.0002 -0.006 -0.0149848 -0.00012346 -0.006 -0.0148765 -1.522e-05 -0.006 -0.0149 -2.679e-05 -0.0068054 -0.0149414 0.00013065 -0.006 -0.0149414 -5.858e-05 -0.006 -0.0149732 -0.0001 -0.006 -0.0148 -7.632783e-17 0.00419771 0.100827 0.001604898 0.0131831 0.100813 -0.00108567 0.0133966 0.0952266 -0.00133511 0.00477809 0.0952345 0.001319564 0.01374 0.0896741 -0.00163089 0.013857 0.0882015 -0.00171828 0.0142416 0.0841607 -0.00197922 0.00723649 0.0841612 0.00029604 0.00921391 0.0786903 -0.00047544 0.0149205 0.0786903 -0.00238714 0.0156607 0.0732443 -0.00287355 0.00731963 0.0191469 0.00065142 0.0068734 0.0191449 0.00039966 0.00661112 0.0204737 0.00046584 0.0087558 0.0269668 -0.00098724 0.00907643 0.0295437 -0.00185331 0.010336 0.0295275 -0.00253875 -0.0132814 0.0980159 0.00468999 -0.0133966 0.0952266 0.00483511 -0.0131831 0.100813 0.00458567 -0.0132391 0.0992386 0.00463643 -0.0132333 0.0994134 0.00462895 -0.013254 0.0988018 0.00465531 -0.013251 0.0988891 0.00465152 -0.0132728 0.0982778 0.00467831 -0.0132696 0.0983651 0.00467445 -0.0136477 0.0910588 0.00503513 -0.0137466 0.0896741 0.00511358 -0.013745 0.0896756 0.00511577 -0.0136529 0.0910588 0.00502944 -0.0136557 0.0910588 0.00502858 -0.0137499 0.0896741 0.00510838 -0.0137512 0.0896741 0.00510722 -0.0138594 0.0882919 0.00518822 -0.0149127 0.0786902 0.00582275 -0.0149205 0.0786903 0.00588714 -0.0145605 0.0814204 0.00567504 -0.0142567 0.0827893 0.00511228 -0.0143067 0.0814202 0.00517627 -0.0144449 0.0814202 0.00531402 -0.0144177 0.0786894 0.00531101 -0.0153947 0.0567153 0.00779097 -0.0157401 0.0567143 0.00795523 -0.0159998 0.0622845 0.00708556 -0.0155965 0.0622844 0.00689049 -0.0149175 0.0622844 0.00678278 -0.014808 0.0567164 0.00768408 -0.0118229 0.084162 0.0040357 -0.0106547 0.0786888 0.00452465 -0.0121907 0.0786891 0.00479149 -0.0137473 0.100826 0.00302847 -0.0136969 0.100827 0.0029898 -0.0134489 0.0952361 0.00329371 -0.0129439 0.040065 0.00908638 -0.0129219 0.0400653 0.00901566 -0.0122626 0.0373751 0.00855003 -0.0135441 0.0427916 0.00923163 -0.01344 0.0427952 0.00908094 -0.0134872 0.0427939 0.00914213 -0.0140138 0.0455496 0.00914668 -0.0110913 0.0327666 0.00730557 -0.0109405 0.0321172 0.00712729 -0.0112572 0.033419 0.0075687 -0.010931 0.0321161 0.00704962 -0.0106145 0.030819 0.00651455 -0.0103041 0.0295258 0.00595707 -0.01032 0.0295265 0.00597755 -0.010681 0.0314629 0.0067315 -0.0108553 0.0321125 0.00699229 -0.0108557 0.0321124 0.00698818 -0.0103374 0.0301671 0.00618929 -0.0105086 0.0308145 0.00646444 -0.0105081 0.0308144 0.00646297 -0.00817157 0.0191337 0.0019455 -0.00812057 0.0191331 0.001875261 -0.00771836 0.0164658 0.001343528 -0.00892729 0.0230653 0.00325064 -0.00919136 0.0243625 0.00376479 -0.00916881 0.0243618 0.00373423 -0.00893883 0.0230656 0.00326454 -0.00868433 0.0217628 0.00278961 -0.00869383 0.0217629 0.00280869 -0.00824329 0.0217546 0.00216356 -0.00884934 0.0243526 0.00329703 -0.00874212 0.0243498 0.00308778 -0.00885703 0.0269229 0.00386097 -0.00800262 0.0243384 0.002575456 -0.00853006 0.0243454 0.00285634 -0.0112363 0.0347231 0.00717582 -0.0109677 0.0347234 0.00694461 -0.00921493 0.0295092 0.0047799 -0.0111961 0.0952457 0.00446244 -0.00972392 0.0896834 0.00428624 -0.0113679 0.0896821 0.00381162 0.00324292 0.0595065 0.0027576 0.00277494 0.0567141 0.00310379 -0.00239063 0.0567153 0.00533959 -0.00365536 0.0511174 0.00603981 -0.00430237 0.0347264 0.00514271 -0.00297065 0.0347277 0.00457052 -0.00141858 0.0295241 0.00327339 -0.012439 0.151722 0.00329012 -0.0124393 0.151722 0.00331826 -0.0119473 0.157351 0.00318212 -0.012884 0.143244 0.00352143 -0.0127664 0.146074 0.00346521 -0.0127812 0.146074 0.00344339 -0.0130047 0.137575 0.00365043 -0.0130036 0.137575 0.00365265 -0.0129434 0.14041 0.00360351 -0.0130737 0.130481 0.00377444 -0.0130766 0.129062 0.00380049 -0.0130755 0.129062 0.00380108 -0.0130758 0.127643 0.00382764 -0.0130734 0.126225 0.00385548 -0.0130654 0.123388 0.00391227 -0.0130646 0.123388 0.00391336 -0.0131254 0.129063 0.00379632 -0.0131245 0.123388 0.00391559 -0.0130967 0.123388 0.00391084 -0.0136842 0.117738 0.00277315 -0.0138363 0.11208 0.0029106 -0.0139075 0.112076 0.00334899 -0.0131532 0.102214 0.0045146 -0.0131228 0.103617 0.0044611 -0.0131242 0.103617 0.00446118 -0.0130992 0.105021 0.00441001 -0.0131077 0.105021 0.00440698 -0.0131325 0.103617 0.00445792 0.00748523 0.16295 0.00076164 0.0112879 0.162954 0.00037583 0.0123099 0.153244 0.0001313 0.00431641 0.117754 0.001788208 0.0130379 0.11772 -0.0005533 0.0130322 0.112065 -0.00070098 0.0130768 0.105995 -0.00089118 0.00725831 0.0150763 0.00024571 0.0072596 0.015 0.00024351 0.00720228 0.015 0.00013737 -0.007499 0.0148227 0.000844449 -0.00749819 0.0148 0.000845605 -0.0075215 0.0150645 0.000885395 0.00766815 0.0176111 0.001221047 0.00762287 0.0178027 0.001088826 0.00778803 0.0178036 0.001413433 0.0075496 0.0179559 0.000936826 0.00742141 0.0156402 0.00072917 0.00740091 0.01507 0.00070121 0.00738949 0.0148 0.00068613 0.00738981 0.0148308 0.00068263 0.00738813 0.0148588 0.00066989 0.00738581 0.0148774 0.00065598 0.00738199 0.0148976 0.00063544 0.00736414 0.0149469 0.00055392 0.00732806 0.0149863 0.00042321 0.00727261 0.015 0.00027252 0.00739797 0.0178024 0.00069126 0.00745423 0.0178538 0.000776495 0.00745414 0.0174511 0.000776353 0.00745103 0.0179798 0.000771732 0.00745297 0.0179545 0.000774609 0.00744069 0.0179756 0.000756423 0.00744937 0.0179861 0.000769272 0.00742809 0.0179966 0.00073853 0.00743846 0.0179949 0.000753338 0.00744413 0.0179927 0.000761576 0.00744728 0.0179899 0.000766197 0.00737701 0.018 0.00067002 0.00753414 0.0179841 0.000908034 0.00752381 0.0179963 0.00088947 0.00765315 0.0191452 0.000956518 0.00751549 0.018 0.0008749 0.00787568 0.0178042 0.00158134 0.00821396 0.0191341 0.001488412 0.00780267 0.0166536 0.001987878 0.00772262 0.0161401 0.002058366 0.00773961 0.0164553 0.00194037 0.00777294 0.0164642 0.002015148 0.00774003 0.0164637 0.001936583 0.00774927 0.0167604 0.001800556 0.00774118 0.0171494 0.001574535 0.00770303 0.0174597 0.001347279 -0.00770001 0.0163066 0.001334712 -0.00770303 0.016301 0.001347253 -0.00777294 0.0164642 0.001484852 -0.0077091 0.0162766 0.001373859 -0.00771695 0.0162146 0.001411488 -0.00772262 0.0161401 0.001441634 -0.00763469 0.0159972 0.001125276 -0.00767874 0.0162463 0.001255696 -0.00765721 0.0164683 0.001111208 -0.00768972 0.0162934 0.001294636 -0.00769439 0.0163046 0.001312352 -0.00745802 0.0149136 0.00071954 -0.00748673 0.0148804 0.000795315 -0.00748678 0.0164689 0.000790535 -0.0074933 0.0148637 0.000817755 -0.00749767 0.0148423 0.000836026 -0.00694547 0.015 4.454e-05 -0.0069597 0.0149999 6.096e-05 -0.00713981 0.018 0.00042209 -0.00722266 0.0164696 0.00041698 -0.00722227 0.0179982 0.00049758 -0.00729961 0.018 0.00057803 -0.00699627 0.0149984 0.00010352 -0.00717766 0.0149777 0.00031262 -0.00738618 0.0149441 0.00058416 -0.00769645 0.0191308 0.001179335 -0.00752215 0.0191299 0.000932728 -0.00722239 0.018 0.00049788 -0.00722218 0.0191286 0.0006621 -0.00643916 0.015 -0.00040169 -0.00685383 0.0179985 0.00022243 -0.00674893 0.018 0.00016835 -0.00634155 0.018 3.365e-05 -0.00646245 0.018 6.242e-05 -0.00650343 0.0191264 0.00037261 -0.00653284 0.018 8.309e-05 -0.00695485 0.018 0.00028345 -0.00685374 0.018 0.00022265 -0.0063692 0.015 -0.00044278 -0.00566553 0.015 -0.00066923 -0.00552942 0.015 -0.00067662 0.00396816 0.106448 0.001765171 0.0130711 0.106427 -0.00087636 0.00292667 0.151768 0.001546514 0.00740721 0.15175 0.000875405 0.00703645 0.14611 0.001016545 0.00329265 0.179498 0.001219435 0.00786992 0.179581 0.000956447 0.00819591 0.178421 0.000911034 0.0107203 0.166748 0.0004921 0.0104156 0.168528 0.00055049 0.00425794 0.168486 0.001006659 0.00182448 0.146135 0.001934764 0.00593783 0.134782 0.001370274 -0.0063294 0.123462 0.00427649 -0.0033319 0.123453 0.00369139 -0.00431685 0.117777 0.00401946 0.00402816 0.112092 0.001819802 -0.00523428 0.106463 0.00431551 -0.00498371 0.112112 0.0042383 -0.00856235 0.106469 0.0050761 -0.00825453 0.112119 0.00495108 -0.0103906 0.106472 0.00521625 -0.0100791 0.112122 0.00505771 -0.0114524 0.106472 0.00497088 -0.0111595 0.112121 0.00479078 -0.00813895 0.123465 0.00434927 -0.00933408 0.123464 0.00411308 0.00477163 0.123426 0.00168981 -0.00080061 0.13481 0.00283715 -0.00338264 0.13482 0.00327156 -0.00515393 0.134823 0.00334072 -0.00770751 0.134818 0.00290284 0.00757721 0.157365 0.000783974 0.00375768 0.157375 0.001243424 0.000537775 0.157379 0.00148752 -0.000283412 0.146142 0.002219165 0.00159134 0.16848 0.001159696 0.00123159 0.179485 0.00132253 -0.0012016 0.168483 0.001358215 -0.00089267 0.179492 0.001466928 0.00139605 0.1905 0.001677836 0.00398478 0.1905 0.001401377 0.00463744 0.188941 0.001336757 -0.0133159 0.112103 0.00276238 -0.0134441 0.112099 0.002628383 -0.0130927 0.11776 0.002472425 -0.0132551 0.117755 0.002410435 -0.0128003 0.123427 0.00229946 -0.0133446 0.100834 0.00316126 -0.013475 0.100832 0.00304152 -0.0135831 0.106454 0.00281669 -0.0136318 0.106452 0.00277187 -0.0135563 0.112094 0.002556586 -0.0103023 0.123461 0.00364443 -0.0119647 0.112119 0.00423033 -0.012993 0.112109 0.0031708 -0.011752 0.123447 0.00277155 -0.0123131 0.123438 0.00244522 -0.0106804 0.134792 0.002197905 -0.0115361 0.13478 0.002157815 -0.0129147 0.117765 0.002594327 -0.012564 0.123432 0.00234464 -0.0130255 0.123421 0.002323359 -0.012914 0.123424 0.002301747 -0.0134062 0.11775 0.002423089 -0.0133318 0.117752 0.002406325 -0.013242 0.123414 0.002437416 -0.0131347 0.123417 0.00236741 -0.0135487 0.117744 0.002533133 -0.0134784 0.117747 0.002464093 -0.01375 0.112085 0.002668995 -0.0137045 0.112088 0.00260106 -0.0137603 0.106447 0.002748563 -0.0139069 0.112072 0.00391636 -0.0137454 0.123395 0.00361069 -0.0137464 0.123396 0.003567 -0.0137357 0.123395 0.00365097 -0.0138882 0.112071 0.00395939 -0.0139638 0.100817 0.0043208 -0.0130744 0.112065 0.00418944 -0.013107 0.112066 0.00419891 -0.0131455 0.106428 0.00437342 -0.0131349 0.103617 0.00445823 -0.0131101 0.105021 0.00440735 -0.0130903 0.106427 0.00435863 -0.0130636 0.109244 0.00426734 -0.0130684 0.109244 0.00426894 -0.0130749 0.107835 0.00431199 -0.0130611 0.109244 0.00426691 -0.0130724 0.107835 0.00431157 -0.0131395 0.103617 0.00445971 -0.0130584 0.109244 0.00426727 -0.0130778 0.106427 0.00436097 -0.0130624 0.107835 0.00431415 -0.0130639 0.107835 0.00431423 -0.0130525 0.109244 0.00426942 -0.0130449 0.110654 0.00422655 -0.013051 0.109244 0.00426935 -0.0130434 0.110654 0.00422649 -0.0130793 0.106427 0.00436106 -0.0130978 0.105021 0.00440993 -0.0130381 0.112065 0.0041858 -0.0131545 0.102214 0.00451466 -0.0130373 0.112065 0.00418667 -0.0130506 0.108398 0.00431145 -0.0130322 0.112065 0.00420098 -0.0130379 0.114891 0.00410854 -0.0130389 0.112065 0.00418547 -0.0130394 0.114891 0.0041085 -0.0130404 0.112065 0.0041855 -0.0130451 0.114891 0.00410661 -0.0130463 0.112065 0.0041835 -0.0130477 0.114891 0.00410629 -0.0130489 0.112065 0.00418318 -0.0130502 0.114891 0.00410662 -0.0130514 0.112065 0.00418359 -0.0130549 0.114891 0.00410792 -0.0130562 0.112065 0.00418509 -0.0130445 0.11772 0.00403779 -0.0130459 0.11772 0.00403767 -0.0130514 0.11772 0.00403583 -0.013054 0.11772 0.00403547 -0.0130564 0.11772 0.00403569 -0.0130609 0.11772 0.00403671 -0.0134563 0.100814 0.00459363 -0.0131741 0.112066 0.00421454 -0.0119485 0.134773 0.002211172 -0.0131881 0.106462 0.00335845 -0.01223 0.10647 0.00441421 -0.0128398 0.12909 0.002373535 -0.0132996 0.134748 0.00315579 -0.0137218 0.123397 0.00338927 -0.0135921 0.12907 0.00343248 -0.0135975 0.12907 0.00347326 -0.0135949 0.129069 0.00351092 -0.0135856 0.129069 0.00354555 -0.0136966 0.123394 0.00372153 -0.0135317 0.129068 0.00363106 -0.0135711 0.129069 0.00357718 -0.0133638 0.134743 0.00348857 -0.0133854 0.134744 0.00343827 -0.0139114 0.100817 0.0043927 -0.0135803 0.123393 0.00382184 -0.0134857 0.129067 0.00367309 -0.0133351 0.134743 0.00352868 -0.013308 0.12339 0.00392509 -0.0131811 0.123389 0.00392364 -0.0131729 0.129063 0.00379762 -0.0130674 0.123388 0.00391139 -0.0130661 0.123388 0.00391173 -0.0130753 0.126225 0.00385441 -0.0130741 0.126225 0.00385487 -0.013077 0.127643 0.00382711 -0.0130748 0.129062 0.00380176 -0.0130726 0.126225 0.00385662 -0.0130809 0.129062 0.00379841 -0.0130724 0.123388 0.00390951 -0.013081 0.123388 0.00390914 -0.0130769 0.123388 0.0039089 -0.0130747 0.123388 0.003909 -0.0130717 0.1319 0.00374666 -0.0130741 0.129062 0.00380295 -0.0130655 0.1319 0.00375159 -0.0130726 0.130481 0.0037751 -0.0130443 0.134738 0.00369964 -0.0130453 0.134738 0.00369876 -0.0130575 0.133319 0.00372447 -0.0130585 0.133319 0.00372367 -0.0130668 0.1319 0.0037496 -0.0130678 0.1319 0.00374886 -0.0130432 0.134738 0.00370175 -0.01306 0.123388 0.00392713 -0.0130701 0.129062 0.00381624 -0.0130549 0.134738 0.00369259 -0.0130606 0.134738 0.00369003 -0.0130785 0.1319 0.00374377 -0.0130849 0.131901 0.00374195 -0.0130884 0.129062 0.00379642 -0.0130954 0.129062 0.00379533 -0.0130709 0.137576 0.00362026 -0.0131525 0.134739 0.00366854 -0.0131213 0.134739 0.00367857 -0.0131908 0.131902 0.00373082 -0.0132147 0.129064 0.00379415 -0.0132771 0.134742 0.00358618 -0.0134658 0.123392 0.00387897 -0.0132752 0.129064 0.00378498 -0.0132628 0.137582 0.00331209 -0.013392 0.134745 0.00337724 -0.0133911 0.134745 0.00340907 -0.0130795 0.140417 0.00318345 -0.0133741 0.134746 0.00330554 -0.0133868 0.134745 0.00334277 -0.0139925 0.0952298 0.00456194 -0.0139719 0.0952297 0.00459378 -0.0137721 0.100816 0.00449459 -0.0132331 0.137579 0.00345758 -0.0132528 0.13758 0.00341856 -0.013265 0.137581 0.00337025 -0.0131238 0.140416 0.00330284 -0.0131208 0.140415 0.00334908 -0.0130447 0.141832 0.00326929 -0.01304 0.141831 0.00335169 -0.0129526 0.143246 0.00337327 -0.0129638 0.143247 0.00331649 -0.0129596 0.143248 0.00323581 -0.0131101 0.140414 0.00338692 -0.0130834 0.140413 0.00344408 -0.012992 0.141829 0.00348357 -0.01313 0.137577 0.00358327 -0.0130898 0.138995 0.00355006 -0.0130439 0.140412 0.00351684 -0.01294 0.143249 0.0031837 -0.0131127 0.140417 0.00324767 -0.0132426 0.131902 0.00371698 -0.0131953 0.13474 0.00364987 -0.0130966 0.137576 0.00360684 -0.013061 0.138994 0.00357606 -0.0130198 0.140411 0.00354523 -0.013014 0.137575 0.00364215 -0.0130657 0.134738 0.00368914 -0.0130907 0.131901 0.00374172 -0.0131018 0.129062 0.00379572 -0.0130056 0.137575 0.00364941 -0.0130278 0.136157 0.00367404 -0.0130269 0.136157 0.00367499 -0.0129739 0.140411 0.00357636 -0.0130844 0.134739 0.00368499 -0.0130235 0.137575 0.00363728 -0.0129996 0.140411 0.00356199 -0.0129042 0.143244 0.00350322 -0.0129725 0.141828 0.00351432 -0.0129188 0.143244 0.00348324 -0.0129338 0.143245 0.00345021 -0.012758 0.146074 0.00347884 -0.0128731 0.143244 0.00353284 -0.0129604 0.140411 0.00358541 -0.0127905 0.146074 0.00342037 -0.0127967 0.146075 0.00338301 -0.0128775 0.144661 0.00333783 -0.0127955 0.146076 0.00330232 -0.0128812 0.144662 0.00328129 -0.0127706 0.146078 0.00316891 -0.0128683 0.144664 0.00320236 -0.0130397 0.134738 0.00371443 -0.00976797 0.134803 0.002374742 -0.00997736 0.146108 0.002081203 -0.0117894 0.140437 0.002308035 -0.0123523 0.134766 0.002333178 -0.0131382 0.129083 0.002599413 -0.0134509 0.123408 0.002672003 -0.0136437 0.123401 0.0030835 -0.00197726 0.146144 0.002298115 -0.00487238 0.14614 0.002167786 -0.00248903 0.157377 0.001601474 -0.00751047 0.146127 0.002021631 -0.00544896 0.157372 0.00175347 0.00421943 0.162948 0.001057845 0.0012807 0.162947 0.001252324 -0.00168292 0.162948 0.001432263 -0.00401441 0.168492 0.001611708 0.01306 0.123388 -0.00042713 0.0130393 0.134775 -0.00021379 0.0127418 0.146124 -1.225e-05 -0.00513681 0.179535 0.001855992 -0.0119394 0.157351 0.00315061 -0.0124293 0.151723 0.00324545 -0.0119173 0.157351 0.00310127 -0.0123921 0.151724 0.00315903 -0.0118523 0.157351 0.00301232 -0.0123101 0.151725 0.00303452 -0.0117266 0.157352 0.0028977 -0.0122083 0.151726 0.00294292 -0.0112785 0.162954 0.00303048 -0.0103564 0.168527 0.00278302 -0.0102717 0.168526 0.002702325 -0.0124344 0.151722 0.0033463 -0.0124221 0.151722 0.00340135 -0.0120953 0.15579 0.00331111 -0.0134202 0.129076 0.00298431 -0.0127477 0.134759 0.00254765 -0.0122811 0.14043 0.002508978 -0.011161 0.146097 0.002289795 -0.00974818 0.15736 0.00224078 -0.0083374 0.157364 0.002019175 -0.00680298 0.168505 0.001927268 -0.0131266 0.134752 0.00290002 -0.0127565 0.140423 0.00282502 -0.0123031 0.146084 0.0027537 -0.01112 0.157355 0.002599698 -0.00951021 0.168521 0.002397391 -0.0112865 0.162954 0.00306425 -0.0104111 0.168502 0.00287495 -0.010402 0.168527 0.00286116 -0.00927667 0.17407 0.002677632 -0.00923482 0.174069 0.002610241 -0.0119508 0.157319 0.00318471 -0.0101176 0.168525 0.002610416 -0.0114481 0.157353 0.002736501 -0.012064 0.151727 0.00284473 -0.0125707 0.146081 0.00294819 -0.00596403 0.185054 0.002177705 -0.006087 0.185057 0.002252542 -0.00507887 0.187783 0.00216289 -0.00610951 0.185057 0.00228508 -0.00509573 0.187783 0.002184759 -0.00611416 0.185058 0.002298646 -0.00509912 0.187783 0.002193965 -0.0061156 0.185058 0.002307215 -0.00510012 0.187783 0.002199846 -0.0104449 0.168363 0.00295501 -0.00787719 0.179555 0.002544549 -0.00928603 0.17407 0.002705508 -0.0129789 0.140419 0.00305063 -0.0128995 0.14325 0.00312337 -0.0126953 0.146079 0.00306348 -0.0125548 0.148904 0.0031019 -0.0126096 0.148902 0.00323099 -0.0126296 0.148901 0.00331487 -0.0126317 0.1489 0.00335616 -0.0126274 0.1489 0.00338192 -0.0129985 0.137688 0.00366302 -0.0129404 0.14041 0.00361548 -0.012744 0.146073 0.0035132 -0.0127527 0.146073 0.00348779 -0.0128664 0.143243 0.0035405 -0.0129524 0.140411 0.0035917 -0.0130487 0.134738 0.00369641 -0.0130086 0.137575 0.00364691 -0.0129476 0.14041 0.00359737 -0.0129451 0.14041 0.00360004 -0.00288481 0.0400641 0.00506844 -0.00317065 0.0373749 0.00494095 -0.00458594 0.0373751 0.00562374 -0.00315071 0.0455472 0.00573527 -0.00511174 0.0455485 0.00648748 -0.00442848 0.0400652 0.00586026 -0.00602284 0.040066 0.00639357 -0.00604363 0.0373752 0.0060532 -0.0056721 0.0347256 0.00547976 -0.00401133 0.0295168 0.00381925 -0.00179556 0.0243498 0.001907701 0.000862371 0.0243589 0.001657714 0.000172573 0.0191299 0.00026578 0.00290318 0.0191328 0.00023138 0.00104672 0.015 -0.00050927 0.00373894 0.015 -0.00043864 -0.00839883 0.0347247 0.00595838 -0.00666184 0.0295137 0.00407742 -0.00457584 0.0243458 0.002017346 -0.00274098 0.0191287 0.00028074 -0.00185085 0.015 -0.00054185 0.000946103 0.0511148 0.00396704 -0.00126413 0.0455453 0.00474654 0.00325149 0.0622845 0.00253065 -0.00206043 0.059507 0.0049851 -0.00447158 0.0786883 0.00344102 -0.00758771 0.0786884 0.00397441 -0.00749954 0.0841627 0.00394946 -0.00976359 0.0841625 0.0039089 0.00273031 0.0650432 0.002452912 -0.00205446 0.0622844 0.00467584 -0.00771375 0.0622844 0.00634978 -0.00827469 0.0677856 0.00569392 -0.00312209 0.0677854 0.0042632 -0.00242717 0.0650428 0.00443725 0.00175936 0.0677858 0.002504949 -0.0108078 0.0841623 0.00393879 -0.00912121 0.0786886 0.00425279 -0.00517134 0.0732413 0.00406112 -0.00110175 0.0732415 0.00288439 -0.0124342 0.0952427 0.00368402 -0.0120547 0.089681 0.00365374 -0.012886 0.0952404 0.00339506 -0.0123772 0.0896804 0.00361744 -0.013179 0.0952383 0.00328112 -0.0130846 0.095239 0.00330704 -0.0135344 0.100831 0.00300252 -0.00936408 0.0732418 0.00508144 -0.0126904 0.0896797 0.00361908 -0.00789645 0.0567156 0.00700921 -0.00851507 0.0511184 0.00750422 -0.00910946 0.0455497 0.00762944 -0.00921943 0.0400668 0.0071795 -0.00894896 0.0373753 0.00667466 -0.00972048 0.0347242 0.0063365 -0.00796488 0.029512 0.00433101 -0.00597347 0.0243437 0.002141303 -0.00423232 0.019128 0.00029791 -0.00334555 0.015 -0.00057536 -0.0106986 0.0567158 0.00752794 -0.0109634 0.0511189 0.00804013 -0.0110934 0.0455504 0.00815109 -0.0107788 0.0400672 0.00765017 -0.0048501 0.015 -0.00063568 -0.00572224 0.0191269 0.00032989 -0.00734542 0.0243402 0.002371466 -0.0101341 0.0295169 0.00556275 -0.0107882 0.0321079 0.00659547 -0.0100244 0.0295134 0.00539988 -0.0106044 0.0321041 0.00637477 -0.00973569 0.0295078 0.00515577 -0.0094956 0.0295081 0.00495617 -0.00748817 0.0175314 0.000829212 -0.00749016 0.0175311 0.000832438 -0.00749206 0.0175321 0.000835532 -0.00749559 0.0175369 0.000841316 -0.00748652 0.0175327 0.000826551 -0.00748437 0.0175364 0.000823103 -0.00748143 0.0175455 0.000818415 -0.00747631 0.0175829 0.000810313 -0.00749417 0.0179652 0.000838987 -0.00749794 0.0179821 0.000845187 -0.00750179 0.0179912 0.000851599 -0.00750703 0.0179972 0.00086042 -0.0079933 0.0191316 0.001728481 -0.00751451 0.018 0.000873218 -0.00751548 0.018 0.000874897 -0.00751752 0.0179992 0.000878425 -0.00751927 0.0179971 0.000881484 -0.00752166 0.0179916 0.000885678 -0.00752573 0.0179723 0.000892876 -0.00753066 0.0178917 0.000901714 -0.00750472 0.017565 0.000856519 -0.00837741 0.0217559 0.002545869 -0.0089106 0.0243542 0.00360937 -0.00890434 0.0243541 0.00360014 -0.0083572 0.0217557 0.002511451 -0.00889285 0.0243539 0.00355623 -0.00833944 0.0217557 0.002465917 -0.0088994 0.024354 0.00358844 -0.00858686 0.0217604 0.002679994 -0.00864812 0.021762 0.002742557 -0.00867261 0.0217625 0.00277489 -0.00910876 0.0243599 0.00367954 -0.00902325 0.0243571 0.00364616 -0.00843038 0.0217566 0.002593086 -0.00769719 0.0163074 0.001323348 -0.00821635 0.0191477 0.002015073 -0.00920231 0.0243629 0.00377778 -0.00919974 0.0256472 0.00416953 -0.00926454 0.0269298 0.00412588 -0.00942485 0.0269341 0.0043249 -0.00950017 0.0269368 0.00450394 -0.00950888 0.0269381 0.00471868 -0.00950838 0.0269382 0.00474179 -0.00951 0.0269382 0.00474939 -0.00891431 0.0243542 0.0036132 -0.00920717 0.0256473 0.00417927 -0.00920429 0.0256473 0.00417652 -0.00951308 0.0269383 0.00475481 -0.00951135 0.0269383 0.00475235 -0.00983367 0.0282288 0.0053329 -0.00983293 0.0282288 0.00533047 -0.0101663 0.0295203 0.00590347 -0.0101667 0.0295203 0.00589784 -0.00952441 0.0269387 0.00476075 -0.00951784 0.0269385 0.00475846 -0.00921856 0.0256476 0.0041852 -0.00921051 0.0256474 0.0041816 -0.008928 0.0243545 0.00362222 -0.00891844 0.0243543 0.00361658 -0.00840148 0.0217561 0.002572037 -0.0089525 0.0243551 0.00363049 -0.00954312 0.0269393 0.00476293 -0.0101695 0.0295205 0.00590992 -0.00983823 0.028229 0.00533771 -0.00984339 0.0282292 0.00533934 -0.0101813 0.0295191 0.00570848 -0.0101708 0.0295202 0.0058803 -0.0102286 0.0295228 0.00591652 -0.00793114 0.0191313 0.001639112 -0.00786539 0.0191312 0.001520712 -0.0092067 0.024363 0.00378654 -0.00947802 0.0256562 0.00432813 -0.00947431 0.0256561 0.00431929 -0.00975434 0.0269468 0.00487904 -0.00974552 0.0269465 0.00486803 -0.00951524 0.0269384 0.00475683 -0.0098363 0.0282289 0.00533647 -0.00983479 0.0282289 0.00533488 -0.0101672 0.0295204 0.00590738 -0.0101666 0.0295204 0.00590562 -0.0103363 0.030167 0.00618614 -0.0103363 0.0301669 0.00618405 -0.010508 0.0308144 0.00645914 -0.010509 0.0308143 0.00645386 -0.0105137 0.0308143 0.00643799 -0.0108619 0.0321124 0.00696812 -0.0108784 0.0321116 0.00683488 -0.0106813 0.0314629 0.00673306 -0.0101733 0.0295207 0.00591142 -0.0103399 0.0301672 0.00619134 -0.0103417 0.0301673 0.00619205 -0.010512 0.0308147 0.00646749 -0.010516 0.0308149 0.00646875 -0.0101857 0.0295212 0.00591267 -0.0105212 0.0308151 0.00646972 -0.0101681 0.0295205 0.0059088 -0.0103367 0.030167 0.00618788 -0.0105079 0.0308144 0.00646122 -0.0106812 0.0314628 0.00672757 -0.010857 0.0321124 0.00698292 -0.0108879 0.0321141 0.00701111 -0.0106351 0.0308204 0.00659399 -0.010336 0.0295275 0.00603875 -0.0108636 0.032113 0.00700195 -0.0108599 0.0321128 0.00700008 -0.0106873 0.0314632 0.00673816 -0.0108574 0.0321127 0.006998 -0.010684 0.0314631 0.00673653 -0.0106828 0.031463 0.00673554 -0.0105106 0.0308146 0.00646666 -0.0105094 0.0308145 0.00646565 -0.0103385 0.0301671 0.00619044 -0.0106819 0.031463 0.0067344 -0.0108564 0.0321126 0.00699681 -0.0108558 0.0321126 0.00699548 -0.0110312 0.0327636 0.00724927 -0.0110318 0.0327637 0.00725069 -0.0109445 0.032438 0.00712552 -0.0109467 0.0324381 0.00712785 -0.0108554 0.0321125 0.00699398 -0.0110305 0.0327635 0.00724417 -0.0112131 0.033416 0.00746155 -0.011577 0.0347263 0.00780731 -0.0112284 0.0334155 0.00734507 -0.0115654 0.0347266 0.00790917 -0.0110338 0.0327638 0.00725329 -0.0112085 0.0334163 0.00749659 -0.0112106 0.0334164 0.00749961 -0.0113852 0.0340707 0.00773245 -0.0110774 0.0327658 0.00728073 -0.0109052 0.0321148 0.00701854 -0.0109134 0.0321152 0.00702428 -0.0105783 0.0308174 0.00648216 -0.0105895 0.0308179 0.00648791 -0.0102579 0.0295239 0.00592278 -0.0102844 0.029525 0.00593693 -0.0112424 0.033418 0.00752766 -0.0112371 0.0334177 0.00752176 -0.0110706 0.0327655 0.00727493 -0.0110563 0.0327648 0.00726691 -0.0112468 0.0334182 0.00753496 -0.0110831 0.0327661 0.00728808 -0.0109205 0.0321155 0.00703172 -0.0105993 0.0308183 0.00649565 -0.0110366 0.0327639 0.00725571 -0.0112259 0.0334172 0.00751306 -0.0112517 0.0334194 0.0076286 -0.0114181 0.0340727 0.00780413 -0.0114116 0.0340721 0.00777109 -0.0112071 0.0334162 0.00749343 -0.0113838 0.0340706 0.00772879 -0.0115603 0.0347269 0.00795301 -0.0115772 0.034728 0.00799519 -0.00975793 0.026947 0.00490259 -0.00938058 0.0251862 0.00414174 -0.00920952 0.024363 0.00379913 -0.00894739 0.0230658 0.00328477 -0.0115661 0.0347257 0.00772373 -0.0122568 0.0400679 0.00828252 -0.0114289 0.034723 0.0074329 -0.012175 0.0373756 0.00824514 -0.0115349 0.0347247 0.00762978 -0.012243 0.0373753 0.00842001 -0.0128691 0.0400677 0.00884589 -0.0128957 0.0400668 0.00891424 -0.0148569 0.0511181 0.00865764 -0.0144572 0.0511202 0.00854435 -0.0138118 0.0455521 0.00901764 -0.0134394 0.045552 0.00883027 -0.013362 0.0427962 0.00900105 -0.0130637 0.0427961 0.00877587 -0.0150858 0.0511159 0.00877837 -0.0128186 0.0400683 0.00875796 -0.0125794 0.0400682 0.00850593 -0.013004 0.0455515 0.00867438 -0.0133555 0.0511198 0.00838697 -0.0134641 0.0567162 0.00769881 -0.0110307 0.0327636 0.00724772 -0.0112066 0.0334161 0.00748599 -0.0115597 0.0347267 0.00793472 -0.0141926 0.0455465 0.00931623 -0.0135906 0.0427912 0.00930247 -0.0136024 0.0427911 0.00934204 -0.0122166 0.0373748 0.00884029 -0.0129445 0.0400647 0.00915789 -0.0129481 0.0400649 0.00912061 -0.0115591 0.0347268 0.00794425 -0.011383 0.0340705 0.00772501 -0.0112065 0.0334161 0.00748995 -0.0129152 0.0400637 0.00923126 -0.0128782 0.040063 0.00933258 -0.0129812 0.0404848 0.00938697 -0.0136022 0.0427908 0.00938711 -0.0135702 0.0427893 0.00947549 -0.0138872 0.0441636 0.00951859 -0.0142187 0.0455461 0.00941286 -0.0139359 0.044379 0.009521 -0.0139456 0.044422 0.00952135 -0.0142128 0.0455464 0.00936131 -0.0139261 0.0443359 0.00952061 -0.014119 0.045547 0.00923763 -0.0147377 0.0483237 0.00916508 -0.0147667 0.0483236 0.00921549 -0.0147803 0.0483233 0.0092722 -0.0141943 0.0455444 0.00951512 -0.015284 0.0511137 0.00912699 -0.0145476 0.0472763 0.00958756 -0.0140421 0.0448532 0.00952239 -0.013965 0.0445082 0.00952191 -0.013931 0.0443574 0.00952081 -0.0139286 0.0443466 0.00952071 -0.0152972 0.0511127 0.00928295 -0.0160992 0.0566439 0.00855029 -0.0114408 0.0342028 0.00790943 -0.0115684 0.0347287 0.00808789 -0.01158 0.0347284 0.0080277 -0.0116084 0.0348931 0.0081419 -0.0106084 0.0622844 0.00682519 -0.0109089 0.0677857 0.0061062 -0.0137198 0.106449 0.002735653 -0.0136771 0.106451 0.00274422 -0.0136449 0.100829 0.00297465 -0.0135909 0.10083 0.00297964 -0.0133606 0.0952369 0.0032727 -0.0132709 0.0952376 0.00326916 -0.0128446 0.0896794 0.00363692 -0.0138907 0.100822 0.00332532 -0.0137963 0.100825 0.0030944 -0.0136213 0.0952346 0.00340057 -0.0135357 0.0952354 0.00333522 -0.0134799 0.0924518 0.00358065 -0.0129977 0.089679 0.00366804 -0.0128251 0.0841617 0.00424138 -0.0133009 0.0896783 0.00378012 -0.0135303 0.0677857 0.00617615 -0.0148424 0.0677857 0.00610541 -0.0154638 0.0677863 0.00621904 -0.0158322 0.0677868 0.00641334 -0.0162861 0.0622845 0.00736958 -0.0159101 0.0567141 0.00809637 -0.0159988 0.0567139 0.00822229 -0.0152732 0.0511151 0.00900219 -0.0160526 0.0567132 0.00835958 -0.0163688 0.0622845 0.00750559 -0.0161671 0.0677874 0.0067937 -0.0160852 0.0677871 0.00667442 -0.0156086 0.0732441 0.0062329 -0.016233 0.0679222 0.00695032 -0.0154736 0.0746658 0.00623742 -0.0156344 0.0732442 0.0062887 -0.0147951 0.0786899 0.00557677 -0.0146602 0.0786897 0.00544386 -0.0153731 0.0732435 0.00593093 -0.0151071 0.073243 0.00576166 -0.0137119 0.0786893 0.00508668 -0.0140551 0.0814202 0.00500697 -0.0137616 0.0814202 0.00486816 -0.0140454 0.0827893 0.00492369 -0.0140247 0.0869136 0.00468907 -0.0140373 0.0841613 0.00484299 -0.0141201 0.0855361 0.00488071 -0.0141005 0.0869135 0.00481392 -0.0140675 0.0896762 0.00468555 -0.014016 0.0896764 0.00454472 -0.0138882 0.0896767 0.00430543 -0.0138508 0.0869138 0.00447853 -0.0138082 0.0841614 0.00466587 -0.0146518 0.0732424 0.005639 -0.014142 0.0841613 0.00494929 -0.0142109 0.0841613 0.00504966 -0.0141523 0.085536 0.00493789 -0.0141693 0.085536 0.00498836 -0.0141315 0.0869134 0.00492836 -0.0142412 0.0841612 0.00512876 -0.0141771 0.0855359 0.00507034 -0.0141185 0.0869132 0.00501303 -0.0140651 0.0882932 0.00495679 -0.0140973 0.0882934 0.00486962 -0.0140166 0.0896757 0.0049016 -0.0138519 0.0924474 0.00485337 -0.0139617 0.0896754 0.0049618 -0.0140254 0.0882929 0.00501762 -0.0140954 0.086913 0.00507456 -0.014172 0.0855357 0.00513263 -0.0142556 0.0841611 0.00519188 -0.0143464 0.0827893 0.00525233 -0.0140049 0.0952305 0.00428289 -0.0139448 0.0952313 0.00399912 -0.0139199 0.0924494 0.00414586 -0.0141244 0.0869135 0.00487497 -0.0140994 0.0882935 0.00481352 -0.0140752 0.0896761 0.00472071 -0.0140184 0.09523 0.00448927 -0.0139805 0.100817 0.00427972 -0.0140208 0.0952301 0.00444844 -0.0140665 0.089676 0.00481211 -0.0139334 0.0924479 0.00479425 -0.0137634 0.0952286 0.00474903 -0.0140769 0.0896761 0.00475351 -0.0140737 0.089676 0.00478397 -0.0140139 0.0924483 0.00470066 -0.0138665 0.0952291 0.00469078 -0.0136394 0.100815 0.0045517 -0.0140085 0.0952299 0.00452709 -0.0142687 0.0841609 0.00534329 -0.0142682 0.0841609 0.00528989 -0.0143869 0.0827892 0.00535831 -0.0141588 0.0855355 0.00522324 -0.0141478 0.0855354 0.00526936 -0.0140582 0.0869127 0.00515832 -0.0140366 0.0869126 0.00519768 -0.0139661 0.0882925 0.00509506 -0.0139348 0.0882924 0.00512818 -0.0138821 0.0896748 0.00503344 -0.01555 0.0732438 0.00614059 -0.0149028 0.0786902 0.00578512 -0.0148781 0.07869 0.00572333 -0.0145601 0.0814203 0.00559172 -0.0139757 0.0869122 0.0052768 -0.0138569 0.0882919 0.00519195 -0.0137538 0.0896742 0.00510589 -0.0137635 0.0896742 0.00509938 -0.0138616 0.0882919 0.00518637 -0.0139865 0.0869123 0.00526005 -0.0139796 0.0869122 0.0052701 -0.0142516 0.0841607 0.00543353 -0.0145527 0.0814203 0.00554443 -0.0142567 0.0841608 0.00541263 -0.014122 0.0855352 0.0053278 -0.0139979 0.0869123 0.00524601 -0.0137803 0.0896743 0.00509118 -0.0138133 0.0896746 0.00507768 -0.0140195 0.0869125 0.00522291 -0.0141371 0.0855354 0.0052993 -0.0142648 0.0841609 0.0053783 -0.0145412 0.0814203 0.00549814 -0.0145152 0.0814203 0.00542854 -0.0135508 0.0952275 0.00481142 -0.0136196 0.0952277 0.00480232 -0.0136809 0.0924466 0.00493222 -0.0137369 0.0924467 0.00491489 -0.0138418 0.0896747 0.00506081 -0.0135051 0.0952274 0.00481549 -0.0136513 0.0910588 0.00503036 -0.0137484 0.0896741 0.00511045 -0.0135603 0.0924458 0.00495712 -0.0135582 0.0924458 0.00495984 -0.0136458 0.0910588 0.0050374 -0.0137442 0.0896749 0.00511639 -0.0137437 0.0896748 0.00511687 -0.0135513 0.0924461 0.00497222 -0.0137431 0.0896751 0.00511785 -0.01374 0.0896741 0.00513089 -0.0136505 0.0909126 0.0050604 -0.0132633 0.0985397 0.00466677 -0.0132665 0.0984524 0.0046706 -0.0132602 0.0986271 0.00466294 -0.013232 0.0994134 0.00462895 -0.013245 0.0990639 0.00464395 -0.013248 0.0989765 0.00464773 -0.0132761 0.0981905 0.00468218 -0.0132793 0.0981032 0.00468606 -0.0132922 0.0980159 0.00468536 -0.0132826 0.0980159 0.00468995 -0.0133391 0.0966202 0.00475366 -0.0132571 0.0987144 0.00465912 -0.0132276 0.0995883 0.00462151 -0.0139692 0.0869122 0.0052981 -0.0142416 0.0841607 0.00547922 -0.0152138 0.0511155 0.00888644 -0.0152511 0.0511154 0.00894168 -0.0139931 0.100818 0.00405376 -0.0139713 0.10082 0.00374135 -0.0137895 0.0952329 0.00361806 -0.0137062 0.0924506 0.00378916 -0.0136006 0.0896775 0.00397804 -0.0134727 0.0869142 0.00418566 -0.0133223 0.0841616 0.00441299 -0.016385 0.0655594 0.00724413 -0.0139888 0.100818 0.00423523 0.00844922 0.0204529 0.001119047 0.00835139 0.0204561 0.001044408 0.00857345 0.0217672 0.00064195 0.00885921 0.0243735 -0.00025788 0.0088021 0.0230708 0.00019406 0.00865402 0.0230755 0.00019525 0.008454 0.0217713 0.00061442 0.00825822 0.0204591 0.00099095 0.00806575 0.0191373 0.001316151 0.00793144 0.0191404 0.0011885 0.00806899 0.0204649 0.000912153 0.00820317 0.0217791 0.00059163 0.00847133 0.0243833 -0.00015294 0.00975793 0.026947 -0.00140259 0.00920952 0.024363 -0.00029913 0.00894739 0.0230658 0.00021523 0.00876777 0.0221483 0.00055534 0.00869383 0.0217629 0.00069131 0.00765833 0.0204741 0.000791603 0.00764458 0.0217915 0.00059809 0.00758509 0.0243987 0.00014135 0.00751146 0.0295561 -0.00093858 0.00782847 0.0347369 -0.00202627 0.0124236 0.0511024 -0.00353974 0.0140169 0.0448593 -0.00614477 0.0106122 0.0455307 -0.00337342 0.0128782 0.040063 -0.00583258 0.00890323 0.0400555 -0.00287319 0.0123381 0.0378675 -0.00545053 0.00825722 0.0373736 -0.00249274 0.0116084 0.0348931 -0.0046419 0.0107854 0.0314614 -0.00336121 0.0101174 0.0539054 -0.00127157 0.00897063 0.051103 -0.0009657 0.00638412 0.0455312 -0.00021723 0.00421764 0.0400557 0.00048757 0.00359592 0.0373736 0.00073884 0.00719775 0.0204774 0.00059835 0.00629932 0.0217909 0.00053605 0.005581 0.024398 0.00067814 0.00414254 0.0295554 0.000895366 0.00341975 0.0347367 0.000883325 0.00742638 0.0164429 0.00071729 0.00720009 0.0164461 0.00028906 0.00707271 0.0178028 0.00034017 0.00712357 0.0164478 0.00019665 0.00686441 0.0178032 0.00019691 0.00736484 0.0184765 0.00067304 0.00698176 0.0184757 0.00036892 0.00661192 0.0191429 0.00030068 0.00631708 0.0191406 0.00021893 0.00703568 0.0164496 0.00011125 0.00681961 0.0164534 -3.694e-05 0.0065157 0.0164568 -0.00014581 0.00595576 0.0191385 0.00016394 0.00551043 0.0217797 0.00056398 0.00744204 0.0164428 0.000758529 0.00713204 0.015 3.918e-05 0.00699784 0.015 -9.467e-05 0.00671552 0.015 -0.00024478 0.00598008 0.015 -0.00032538 0.00540965 0.0191371 0.00016834 0.00340462 0.0243728 0.001202916 0.0045238 0.024384 0.000957675 0.00117207 0.0295352 0.0023265 0.0074816 0.0567121 0.00062658 0.00522241 0.0511107 0.001507444 0.00243666 0.0455404 0.0024854 0.000257086 0.0400611 0.00315216 -0.000251404 0.0373745 0.00324125 -0.000212765 0.0347309 0.00311049 0.0157168 0.0536799 -0.00547307 0.0131977 0.0539049 -0.00350279 0.015751 0.0539126 -0.00544194 0.0137932 0.056708 -0.00338851 0.0161067 0.0567127 -0.00503994 0.0141422 0.0595039 -0.00319895 0.0163454 0.0595058 -0.00461217 0.0141767 0.0622847 -0.00293615 0.0164484 0.0622845 -0.00419384 0.0138595 0.0650455 -0.00260533 0.016451 0.0626669 -0.00413868 0.0132444 0.0677894 -0.00222108 0.0114023 0.0732454 -0.00135741 0.0158195 0.0719687 -0.00300181 0.0162437 0.0677876 -0.00346639 0.00315658 0.0786896 0.001455227 0.00679577 0.0732444 0.00021496 0.00989048 0.0677888 -0.00087086 0.0109436 0.0650452 -0.00126422 0.0115126 0.0622847 -0.00150903 0.0115099 0.0595041 -0.00157713 0.0110044 0.0567084 -0.00148668 -0.00010942 0.0841619 0.002560076 -0.00113945 0.0786886 0.002735271 0.00289065 0.0732423 0.001584615 0.00630918 0.0677867 0.00064594 0.00746579 0.0650438 0.00035979 0.00808156 0.0622845 0.00025108 0.00805976 0.0595057 0.00035015 0.00577058 0.0896773 0.000889749 -0.00250613 0.0896807 0.00337337 -0.0040937 0.0952413 0.00391545 -0.00556314 0.0896824 0.0041777 -0.00732531 0.0952444 0.00472477 -0.00741142 0.0896833 0.00451001 -0.00916346 0.0952459 0.00497565 -0.0047582 0.0841626 0.00376979 -0.00867868 0.0896835 0.00454155 -0.0103098 0.0952462 0.00487416 -0.00621055 0.0841627 0.00398226 -0.00497035 0.100838 0.00421869 -0.00828883 0.100842 0.00501245 -0.010121 0.100844 0.00519998 -0.0112018 0.100844 0.00500797 -0.0120026 0.100843 0.00449834 -0.0130214 0.100838 0.00353124 -0.0136079 0.112092 0.002548586 -0.0136573 0.11209 0.00256224 -0.00765039 0.179576 0.00231725 -0.00782664 0.179579 0.002432362 -0.00786004 0.17958 0.002484175 -0.00786665 0.179583 0.002505376 -0.00786847 0.179584 0.002515687 -0.00611296 0.185064 0.002322968 -0.00718806 0.179567 0.002173474 -0.00398478 0.1905 0.002098623 -0.00398552 0.1905 0.002092627 -0.00398324 0.1905 0.002085787 -0.00398251 0.1905 0.002084637 -0.00397104 0.1905 0.002073936 -0.00390532 0.1905 0.002047891 -0.00343775 0.1905 0.001980309 -0.00253524 0.1905 0.001919547 -0.000835514 0.1905 0.001856192 0.000185213 0.1905 0.001789576 0.00264813 0.1905 0.001570094 0.000983231 0.1905 0.001800103 -0.000830292 0.179547 0.002550695 -0.00994012 0.0679202 0.00845241 -0.0100615 0.0788111 0.0072176 -0.0128961 0.0788117 0.00732497 -0.0157782 0.0679225 0.00757543 -0.016233 0.0679222 0.00695032 -0.016385 0.0655594 0.00724413 -0.0098332 0.0402301 0.01106461 -0.0109802 0.0402283 0.01078423 -0.00956618 0.0348914 0.00963173 0.010336 0.0295275 -0.00253875 0.0107854 0.0314614 -0.00336121 0.0045385 0.0297188 0.0027745 0.00141193 0.0348962 0.00449416 0.00360043 0.0348996 0.002571557 0.00344521 0.0402198 0.00234476 0.00324405 0.0245175 0.00484587 0.00406449 0.0245324 0.00436976 0.00162064 0.0296916 0.00529793 0.000522694 0.0296799 0.00613522 -0.000631147 0.0296755 0.00675203 0.00206871 0.0245119 0.00515516 -0.00397643 0.1905 0.002125932 -0.00398478 0.1905 0.002098623 -0.00611296 0.185064 0.002322968 -0.00780224 0.179592 0.002652318 -0.00772074 0.17959 0.002740609 0.00771524 0.0161811 0.002097063 0.00772262 0.0161401 0.002058366 0.00777294 0.0164642 0.002015148 -0.00714174 0.018 0.00307625 -0.00680326 0.018 0.00330476 -0.0070298 0.0193189 0.00363243 -0.00643442 0.018 0.00344522 -0.006 0.018 0.0035 -0.00648984 0.0193181 0.00379921 0.00821396 0.0191341 0.001488412 0.00734292 0.0180417 0.00286468 0.00734672 0.0180209 0.0028638 0.00734957 0.0180052 0.00286315 0.00742333 0.018 0.00276815 0.00733691 0.018 0.00287924 0.00734862 0.0180104 0.00286337 0.0072714 0.018 0.00295252 0.00735051 0.018 0.00286293 0.00733526 0.0180835 0.00286643 0.00731974 0.0181668 0.00286996 0.0072879 0.0183334 0.0028771 0.0061962 0.018 0.00348897 0.006347 0.018 0.00346525 0.00624675 0.0193159 0.00353077 0.00648594 0.018 0.00343118 0.00657799 0.018 0.0034018 0.00660656 0.018 0.00339152 0.00662042 0.0179939 0.00338633 0.00689222 0.0171725 0.00328055 0.00671574 0.0175568 0.00334694 0.00704989 0.015 0.00315008 0.00662973 0.0179851 0.00338277 0.00663817 0.0179688 0.00337949 0.00665779 0.0178868 0.00337167 0.00441716 0.0193086 0.00376224 0.0048605 0.018 0.0035 0.006 0.018 0.0035 -0.00657804 0.0179974 0.00340194 -0.00760121 0.019319 0.00316775 -0.00729171 0.0179985 0.00293067 -0.00769095 0.0177613 0.002200781 -0.00821635 0.0191477 0.002015073 -0.00770068 0.0177177 0.002162544 -0.00777294 0.0164642 0.001484852 -0.00772262 0.0161401 0.001441634 -0.00763362 0.0179164 0.002377537 -0.00757202 0.0179838 0.002518935 -0.00746408 0.0179993 0.002708632 0.00752293 0.0166399 0.00287234 0.00772425 0.01527 0.002611511 0.00771317 0.0152706 0.002515724 0.00770832 0.015 0.002494121 0.00768547 0.0152735 0.002449819 0.00769115 0.0161492 0.002200013 0.00769918 0.0161879 0.002168663 0.00780267 0.0166536 0.001987878 0.00770295 0.0161965 0.002153056 0.00770706 0.0161987 0.002135304 0.00771031 0.0161952 0.002120583 0.00762948 0.015 0.002388209 0.00765639 0.0157181 0.002314694 0.00768041 0.0160576 0.00223861 0.00769096 0.0152756 0.00283067 0.00771896 0.015 0.00282628 0.00773542 0.015 0.002583279 0.00767242 0.0152786 0.00287407 0.00764765 0.0152822 0.00291449 0.00767129 0.015 0.00292103 0.00735878 0.015 0.0030982 0.00740229 0.015 0.0030846 0.00733216 0.016647 0.0030706 0.00759362 0.015 0.00299256 0.00684905 0.018 0.00328024 0.00668406 0.0193226 0.00326234 0.00678596 0.018 0.00331352 0.00672131 0.018 0.00334443 0.00678588 0.0179986 0.00331362 -0.0130506 0.108398 0.00431145 -0.0128849 0.100915 0.00518146 -0.0130322 0.112065 0.00420098 -0.0127376 0.123468 0.00449768 -0.01306 0.123388 0.00392713 -0.0124221 0.151722 0.00340135 -0.012744 0.146073 0.0035132 -0.0122591 0.146128 0.0041177 -0.0129404 0.14041 0.00361548 -0.0129985 0.137688 0.00366302 -0.0130397 0.134738 0.00371443 -0.0130701 0.129062 0.00381624 -0.0104449 0.168363 0.00295501 -0.0120953 0.15579 0.00331111 -0.0117176 0.157389 0.00360263 -0.0114221 0.15739 0.00385462 -0.0102069 0.168551 0.00323316 -0.00600935 0.185062 0.002461329 -0.00750524 0.179588 0.00288515 -0.00992884 0.16855 0.00344698 -0.0066211 0.179583 0.00309235 -0.00892784 0.168547 0.00376972 -0.0103913 0.157391 0.00425351 -0.00237757 0.1905 0.002200569 -0.00334355 0.1905 0.002245259 -0.0038138 0.1905 0.002208181 -0.00389737 0.1905 0.002183442 -0.00394198 0.1905 0.002160551 -0.0119466 0.123473 0.00499336 -0.0120975 0.100917 0.00569665 -0.0103518 0.112168 0.00538454 -0.010336 0.100922 0.00576661 -0.00867146 0.112175 0.00502446 -0.00857009 0.100926 0.00532837 -0.0102059 0.123482 0.00512845 -0.00843872 0.123492 0.00481015 -0.00789536 0.134831 0.00462148 -0.00983803 0.134821 0.00492114 -0.00706488 0.146148 0.00439447 -0.00918774 0.14614 0.0046854 -0.00597076 0.157397 0.00406516 -0.00819463 0.157394 0.00434403 -0.00461958 0.168537 0.00357072 -0.00678603 0.168542 0.00382222 -0.00275274 0.179562 0.00286645 -0.00469626 0.179573 0.00308269 9.89905e-05 0.1905 0.001922033 -0.00150645 0.1905 0.002117957 -0.0112814 0.146132 0.00456635 0.00194549 0.100938 0.002165404 0.0130768 0.105995 -0.00089118 -0.00653975 0.100931 0.00463267 0.0130711 0.106427 -0.00087636 0.0104156 0.168528 0.00055049 0.00819591 0.178421 0.000911034 -0.00237076 0.168529 0.00315348 0.0127418 0.146124 -1.225e-05 0.0123099 0.153244 0.0001313 -0.00359182 0.157402 0.00357972 0.0112879 0.162954 0.00037583 0.0107203 0.166748 0.0004921 0.0130322 0.112065 -0.00070098 0.0130379 0.11772 -0.0005533 -0.00670787 0.112184 0.00441913 0.01306 0.123388 -0.00042713 -0.00639204 0.123504 0.00425106 0.0130393 0.134775 -0.00021379 -0.00569736 0.134844 0.00408446 -0.00472892 0.146159 0.00387535 0.00452472 0.0219253 0.00423613 0.00523283 0.0219375 0.00392168 0.00489328 0.0245513 0.0037253 0.007389 0.016645 0.00302495 0.00678543 0.0193242 0.00318359 0.00743918 0.016643 0.00297699 0.00688445 0.0193258 0.00310056 0.00761973 0.015 0.00297287 0.00707444 0.0193282 0.00292307 0.00584485 0.0245673 0.0029074 0.00536184 0.0245603 0.00333035 0.00293634 0.0297063 0.00418151 0.00722101 0.018666 0.00289174 0.00562342 0.0193106 0.00371237 -0.00294718 0.0348879 0.00810463 -0.000372536 0.0348922 0.0060363 -0.00418791 0.040232 0.00878969 -0.0012474 0.0402275 0.00632248 -0.00431337 0.0457132 0.00875553 -0.00100058 0.045706 0.00614055 -0.00378361 0.0512768 0.00823564 -0.000138482 0.0512709 0.00566382 -0.00307143 0.0568666 0.0074708 0.000819468 0.0568639 0.00507039 0.0013539 0.0624267 0.00453836 0.00403308 0.0456936 0.002125697 0.00497563 0.0512607 0.001934736 0.00876777 0.0221483 0.00055534 0.00894739 0.0230658 0.00021523 0.00920952 0.024363 -0.00029913 0.00975793 0.026947 -0.00140259 0.00844922 0.0204529 0.001119047 0.00869383 0.0217629 0.00069131 0.0157168 0.0536799 -0.00547307 0.0140169 0.0448593 -0.00614477 0.0128782 0.040063 -0.00583258 0.0123381 0.0378675 -0.00545053 0.0116084 0.0348931 -0.0046419 0.015751 0.0539126 -0.00544194 0.0161067 0.0567127 -0.00503994 0.00587554 0.0568591 0.001791954 0.0163454 0.0595058 -0.00461217 0.00633556 0.062427 0.001717429 0.0164484 0.0622845 -0.00419384 0.016451 0.0626669 -0.00413868 0.0162437 0.0677876 -0.00346639 0.0111718 0.0679236 -0.00084877 0.00609958 0.0679231 0.001721326 0.00967714 0.0788118 -0.00025656 0.00439856 0.0788114 0.001872835 0.0142416 0.0841607 -0.00197922 0.00279141 0.0897921 0.002045457 0.013857 0.0882015 -0.00171828 0.0158195 0.0719687 -0.00300181 0.0156607 0.0732443 -0.00287355 0.0149205 0.0786903 -0.00238714 -0.00578257 0.0897915 0.00493567 -0.00434001 0.0788105 0.00537353 -0.0028403 0.0679195 0.00610913 -0.00264958 0.0624266 0.00670175 -0.00938058 0.0251862 0.00414174 -0.00920952 0.024363 0.00379913 -0.0086859 0.0245412 0.0048595 -0.00894739 0.0230658 0.00328477 -0.00869383 0.0217629 0.00280869 -0.0111544 0.0348941 0.00868804 -0.0116084 0.0348931 0.0081419 -0.0115684 0.0347287 0.00808789 -0.0109405 0.0321172 0.00712729 -0.00988082 0.0296985 0.00687851 -0.0112517 0.0334194 0.0076286 -0.0114408 0.0342028 0.00790943 -0.0106351 0.0308204 0.00659399 -0.010336 0.0295275 0.00603875 -0.00975793 0.026947 0.00490259 -0.0106419 0.0348936 0.00910313 -0.00952782 0.0296984 0.00720216 -0.00917804 0.0296965 0.0073856 -0.00821563 0.0245411 0.00527571 -0.00776094 0.0245386 0.00545532 -0.0122166 0.0373748 0.00884029 -0.0128782 0.040063 0.00933258 -0.0120538 0.040226 0.01014626 -0.0129812 0.0404848 0.00938697 -0.0107903 0.0457099 0.01136705 -0.00947842 0.0457121 0.0113016 -0.00984311 0.0512757 0.01090265 -0.00453814 0.018 0.0035 -0.00112168 0.018 0.0035 -0.00484763 0.0193145 0.00384005 -0.0014809 0.0193096 0.00385793 -0.00630283 0.0245285 0.00564489 -0.00328182 0.0245146 0.0057603 -0.00794255 0.0296886 0.00775159 -0.00534746 0.0296776 0.00797176 -0.00727329 0.0348885 0.00991903 -0.00867547 0.0402314 0.0110592 -0.0142416 0.0841607 0.00547922 -0.0145605 0.0814204 0.00567504 -0.0145943 0.0788122 0.00638733 -0.0149205 0.0786903 0.00588714 -0.0154736 0.0746658 0.00623742 -0.01374 0.0896741 0.00513089 -0.0139692 0.0869122 0.0052981 -0.0133079 0.0897858 0.00582428 -0.0142097 0.0788121 0.00676684 -0.0128638 0.0897864 0.00615537 -0.0125263 0.100916 0.00549856 -0.0123721 0.12347 0.00480011 -0.0117957 0.14613 0.00439393 -0.0131831 0.100813 0.00458567 -0.0133966 0.0952266 0.00483511 -0.0136505 0.0909126 0.0050604 -0.00787719 0.179555 0.002544549 -0.013532 0.0679214 0.00863555 -0.0136211 0.0624267 0.00939978 -0.00993655 0.056866 0.01012763 -0.0134215 0.056864 0.01019632 -0.0129125 0.0512715 0.01084375 -0.0120976 0.045707 0.01111531 0.0020905 0.018 0.0035 0.0016876 0.0193075 0.00383646 -0.00041254 0.0245086 0.00562514 -0.00284 0.029673 0.00769068 -0.00501016 0.0348872 0.00947495 -0.00637129 0.0402327 0.01045022 -0.00686206 0.0457143 0.01054082 -0.00679749 0.0512776 0.01001801 -0.00650217 0.0568669 0.00916192 -0.00727565 0.0788107 0.00646189 -0.0064221 0.0679196 0.00750417 -0.00630068 0.0624265 0.00825267 -0.0133207 0.0457034 0.01042895 -0.014354 0.0512685 0.01015346 -0.0150653 0.0568625 0.0095294 -0.0153662 0.0624268 0.00876638 -0.0152235 0.0679222 0.00803233 -0.0135927 0.0788119 0.00712213 -0.0123446 0.0897869 0.00635484 -0.0102191 0.0897887 0.00635185 -0.00811113 0.0897902 0.00578586 -0.0145476 0.0472763 0.00958756 -0.0152972 0.0511127 0.00928295 -0.0160992 0.0566439 0.00855029 0.00398478 0.1905 0.001401377 0.00463744 0.188941 0.001336757 0.00786992 0.179581 0.000956447 0.01374 0.0896741 -0.00163089 0.0133966 0.0952266 -0.00133511 0.0131831 0.100813 -0.00108567 -0.00253524 0.1905 0.001919547 -0.00150645 0.1905 0.002117957 -0.000835514 0.1905 0.001856192 9.89905e-05 0.1905 0.001922033 0.000185213 0.1905 0.001789576 0.000983231 0.1905 0.001800103 0.00139605 0.1905 0.001677836 0.00264813 0.1905 0.001570094 0.00398478 0.1905 0.001401377 -0.00398324 0.1905 0.002085787 -0.00398552 0.1905 0.002092627 -0.00398478 0.1905 0.002098623 -0.00394198 0.1905 0.002160551 -0.00389737 0.1905 0.002183442 -0.00343775 0.1905 0.001980309 -0.0038138 0.1905 0.002208181 -0.00334355 0.1905 0.002245259 -0.00237757 0.1905 0.002200569 -0.00390532 0.1905 0.002047891 -0.00397104 0.1905 0.002073936 -0.00398251 0.1905 0.002084637 -0.00397643 0.1905 0.002125932 0.0061962 0.018 0.00348897 0.006 0.018 0.0035 0.006 -0.018 0.0035 0.00770303 -0.016301 0.001347253 0.00770001 -0.0163066 0.001334712 0.00769719 -0.0163074 0.001323348 0.00774927 0.0167604 0.001800556 0.00774003 0.0164637 0.001936583 0.00772262 -0.0161401 0.001441634 0.00774118 0.0171494 0.001574535 0.00773961 0.0164553 0.00194037 0.00772262 0.0161401 0.002058366 0.00770068 -0.0177177 0.002162544 0.00771524 0.0161811 0.002097063 0.00770295 0.0161965 0.002153056 0.00769918 0.0161879 0.002168663 0.00770706 0.0161987 0.002135304 0.00771031 0.0161952 0.002120583 0.00770303 0.0174597 0.001347279 0.00771695 -0.0162146 0.001411488 0.0077091 -0.0162766 0.001373859 0.00769115 0.0161492 0.002200013 0.00768041 0.0160576 0.00223861 0.00766795 0.015594 0.002279584 0.00765639 0.0157181 0.002314694 0.00762948 0.015 0.002388209 0.00729171 0.015 0.00293067 0.00746408 -0.0179993 0.002708632 0.00757202 -0.0179838 0.002518935 0.00763362 -0.0179164 0.002377537 0.00769095 -0.0177613 0.002200781 0.00657804 -0.0179974 0.00340194 0.00680326 -0.018 0.00330476 0.00704989 0.015 0.00315008 0.00714174 -0.018 0.00307625 0.00729171 -0.0179985 0.00293067 0.00671574 0.0175568 0.00334694 0.00665779 0.0178868 0.00337167 0.00657799 0.018 0.0034018 0.00663817 0.0179688 0.00337949 0.00662973 0.0179851 0.00338277 0.00662042 0.0179939 0.00338633 0.00660656 0.018 0.00339152 0.00643442 -0.018 0.00344522 0.00648594 0.018 0.00343118 0.006347 0.018 0.00346525 0.00738949 0.0148 0.00068613 0.00767874 -0.0162463 0.001255696 0.00763469 -0.0159972 0.001125276 0.0075215 -0.0150645 0.000885395 0.00749819 -0.0148 0.000845605 0.00729171 0.0148 0.00056933 0.00740091 0.01507 0.00070121 0.00742141 0.0156402 0.00072917 0.00768972 -0.0162934 0.001294636 0.00769439 -0.0163046 0.001312352 0.00744204 0.0164428 0.000758529 0.00745414 0.0174511 0.000776353 0.00766815 0.0176111 0.001221047 0.00745423 0.0178538 0.000776495 0.0075496 0.0179559 0.000936826 0.00745297 0.0179545 0.000774609 0.00753414 0.0179841 0.000908034 0.00745103 0.0179798 0.000771732 0.00751549 0.018 0.0008749 0.00752381 0.0179963 0.00088947 0.00744937 0.0179861 0.000769272 0.00744728 0.0179899 0.000766197 0.00744413 0.0179927 0.000761576 0.00743846 0.0179949 0.000753338 0.00742809 0.0179966 0.00073853 0.00737701 0.018 0.00067002 0.00729171 -0.0148 0.00056933 0.0068654 -0.0148 0.00022896 0.00677932 0.0148 0.0001831 0.00657799 -0.0148 9.82e-05 0.006 -0.0148 -7.632783e-17 0.006 0.0148 1.387779e-17 -0.00750964 0.0177825 0.000864855 -0.00753066 0.0178917 0.000901714 -0.00752573 0.0179723 0.000892876 -0.00751752 0.0179992 0.000878425 -0.00751548 0.018 0.000874897 -0.00751927 0.0179971 0.000881484 -0.00752166 0.0179916 0.000885678 -0.00748437 0.0175364 0.000823103 -0.00748652 0.0175327 0.000826551 -0.0074932 0.0175553 0.000837393 -0.00748817 0.0175314 0.000829212 -0.00749016 0.0175311 0.000832438 -0.00750472 0.017565 0.000856519 -0.00749559 0.0175369 0.000841316 -0.00749206 0.0175321 0.000835532 -0.00749794 0.0179821 0.000845187 -0.00749417 0.0179652 0.000838987 -0.00747631 0.0175829 0.000810313 -0.00748143 0.0175455 0.000818415 -0.00750179 0.0179912 0.000851599 -0.00750703 0.0179972 0.00086042 -0.00751451 0.018 0.000873218 0.00672131 0.018 0.00334443 0.00678583 0.018 0.00331364 0.00678596 0.018 0.00331352 0.00684905 0.018 0.00328024 0.00672131 0.018 0.00334443 0.00678588 0.0179986 0.00331362 0.00678583 0.018 0.00331364 0.00684905 0.018 0.00328024 0.0072714 0.018 0.00295252 0.00733691 0.018 0.00287924 0.00735051 0.018 0.00286293 0.00742333 0.018 0.00276815 -0.00713981 0.018 0.00042209 -0.00722227 0.0179982 0.00049758 -0.0072222 0.018 0.00049751 -0.00729961 0.018 0.00057803 -0.00713981 0.018 0.00042209 -0.0072222 0.018 0.00049751 -0.00722239 0.018 0.00049788 -0.00729961 0.018 0.00057803 -0.00674893 0.018 0.00016835 -0.00685383 0.0179985 0.00022243 -0.00685383 0.018 0.00022243 -0.00695485 0.018 0.00028345 -0.00674893 0.018 0.00016835 -0.00685383 0.018 0.00022243 -0.00685374 0.018 0.00022265 -0.00695485 0.018 0.00028345 -0.00138564 -0.0068 -5.551115e-17 -0.0008 -0.00738564 -5.551115e-17 -0.006 -0.0148 -7.632783e-17 -0.00138564 0.0068 -6.938894e-18 -0.0016 0.006 -1.387779e-17 -0.006 0.0148 1.387779e-17 0.0008 -0.00738564 -5.551115e-17 0.00138564 -0.0068 -5.551115e-17 0.006 -0.0148 -7.632783e-17 0.001 0.00173205 -2.775558e-17 9.992007e-16 0.002 -2.775558e-17 0.006 0.0148 1.387779e-17 9.992007e-16 -0.0076 -5.551115e-17 -0.00138564 0.0052 -1.387779e-17 -0.0008 0.00461436 -1.387779e-17 -0.00173205 0.001 -2.775558e-17 0.001 -0.00173205 -3.469447e-17 0.00173205 -0.001 -3.469447e-17 0.002 2.00752e-15 -3.469447e-17 0.00173205 0.001 -2.775558e-17 -0.00173205 -0.001 -3.469447e-17 -0.001 -0.00173205 -3.469447e-17 -0.00138564 -0.0052 -4.857226e-17 -0.0016 -0.006 -4.857226e-17 9.992007e-16 0.0044 -1.387779e-17 -0.001 0.00173205 -2.775558e-17 0.0008 0.00461436 -1.387779e-17 0.00138564 0.0052 -1.387779e-17 0.0016 0.006 -1.387779e-17 0.00138564 0.0068 -6.938894e-18 -0.002 1.994596e-15 -2.775558e-17 0.0016 -0.006 -4.857226e-17 0.00138564 -0.0052 -4.857226e-17 0.0008 -0.00461436 -4.857226e-17 9.992007e-16 -0.002 -3.469447e-17 9.992007e-16 -0.0044 -4.857226e-17 -0.0008 -0.00461436 -4.857226e-17 0.0008 0.00738564 -6.938894e-18 9.992007e-16 0.0076 -6.938894e-18 -0.0008 0.00738564 -6.938894e-18 -0.0061962 -0.018 0.00348897 -0.006 -0.018 0.0035 -0.006 0.018 0.0035 -0.00770303 0.016301 0.001347253 -0.00770001 0.0163066 0.001334712 -0.00769719 0.0163074 0.001323348 -0.00729171 -0.0148 0.00056933 -0.0068654 0.0148 0.00022896 -0.00677932 -0.0148 0.0001831 -0.006 0.0148 1.387779e-17 -0.006 -0.0148 -7.632783e-17 -0.00738949 -0.0148 0.00068613 -0.00767874 0.0162463 0.001255696 -0.00763469 0.0159972 0.001125276 -0.0075215 0.0150645 0.000885395 -0.00749819 0.0148 0.000845605 -0.00729171 0.0148 0.00056933 -0.00740091 -0.01507 0.00070121 -0.00742141 -0.0156402 0.00072917 -0.00770303 -0.0174597 0.001347279 -0.00744204 -0.0164428 0.000758529 -0.00745414 -0.0174511 0.000776353 -0.00766815 -0.0176111 0.001221047 -0.00745423 -0.0178538 0.000776495 -0.0075496 -0.0179559 0.000936826 -0.00745297 -0.0179545 0.000774609 -0.00753414 -0.0179841 0.000908034 -0.00745103 -0.0179798 0.000771732 -0.00751549 -0.018 0.0008749 -0.00752381 -0.0179963 0.00088947 -0.00744937 -0.0179861 0.000769272 -0.00744728 -0.0179899 0.000766197 -0.00744413 -0.0179927 0.000761576 -0.00743846 -0.0179949 0.000753338 -0.00742809 -0.0179966 0.00073853 -0.00737701 -0.018 0.00067002 -0.00774927 -0.0167604 0.001800556 -0.00774003 -0.0164637 0.001936583 -0.00772262 0.0161401 0.001441634 -0.00774118 -0.0171494 0.001574535 -0.00773961 -0.0164553 0.00194037 -0.00772262 -0.0161401 0.002058366 -0.00770068 0.0177177 0.002162544 -0.00771524 -0.0161811 0.002097063 -0.00770295 -0.0161965 0.002153056 -0.00769918 -0.0161879 0.002168663 -0.00770706 -0.0161987 0.002135304 -0.00771031 -0.0161952 0.002120583 -0.00771695 0.0162146 0.001411488 -0.0077091 0.0162766 0.001373859 -0.00769439 0.0163046 0.001312352 -0.00768972 0.0162934 0.001294636 -0.00769115 -0.0161492 0.002200013 -0.00768041 -0.0160576 0.00223861 -0.00766795 -0.015594 0.002279584 -0.00765639 -0.0157181 0.002314694 -0.00762948 -0.015 0.002388209 -0.00729171 -0.015 0.00293067 -0.00746408 0.0179993 0.002708632 -0.00757202 0.0179838 0.002518935 -0.00763362 0.0179164 0.002377537 -0.00769095 0.0177613 0.002200781 -0.00657804 0.0179974 0.00340194 -0.00680326 0.018 0.00330476 -0.00704989 -0.015 0.00315008 -0.00714174 0.018 0.00307625 -0.00729171 0.0179985 0.00293067 -0.00671574 -0.0175568 0.00334694 -0.00665779 -0.0178868 0.00337167 -0.00657799 -0.018 0.0034018 -0.00663817 -0.0179688 0.00337949 -0.00662973 -0.0179851 0.00338277 -0.00662042 -0.0179939 0.00338633 -0.00660656 -0.018 0.00339152 -0.00643442 0.018 0.00344522 -0.00648594 -0.018 0.00343118 -0.006347 -0.018 0.00346525 0.00173205 -0.001 0.0035 0.00138564 -0.0052 0.0035 0.002 1.995722e-15 0.0035 0.0016 -0.006 0.0035 0.006 -0.018 0.0035 -0.00138564 -0.0052 0.0035 -0.0008 -0.00461436 0.0035 0.001 -0.00173205 0.0035 9.992007e-16 -0.0044 0.0035 0.0008 -0.00461436 0.0035 0.0008 0.00738564 0.0035 0.00138564 0.0068 0.0035 0.006 0.018 0.0035 0.0016 0.006 0.0035 0.00138564 0.0052 0.0035 -0.0016 0.006 0.0035 -0.00138564 0.0068 0.0035 -0.006 0.018 0.0035 -0.0008 0.00738564 0.0035 -0.00453814 0.018 0.0035 9.992007e-16 0.0076 0.0035 0.00138564 -0.0068 0.0035 0.0008 -0.00738564 0.0035 0.00453814 -0.018 0.0035 9.992007e-16 -0.0076 0.0035 -0.006 -0.018 0.0035 -0.0048605 -0.018 0.0035 -0.0008 -0.00738564 0.0035 -0.0020905 -0.018 0.0035 0.00112168 -0.018 0.0035 -0.001 -0.00173205 0.0035 -0.00173205 -0.001 0.0035 -0.002 1.983287e-15 0.0035 -0.00173205 0.001 0.0035 -0.00138564 0.0052 0.0035 -0.0008 0.00461436 0.0035 -0.001 0.00173205 0.0035 9.992007e-16 0.0044 0.0035 9.992007e-16 0.002 0.0035 0.0008 0.00461436 0.0035 0.001 0.00173205 0.0035 0.00173205 0.001 0.0035 0.0048605 0.018 0.0035 0.0020905 0.018 0.0035 -0.00112168 0.018 0.0035 9.992007e-16 -0.002 0.0035 -0.0016 -0.006 0.0035 -0.00138564 -0.0068 0.0035 0.0072596 0.015 0.00024351 0.00727261 0.015 0.00027252 0.00686838 0.015 4.03e-06 0.00699784 0.015 -9.467e-05 0.00713204 0.015 3.918e-05 0.00720228 0.015 0.00013737 -0.00694547 0.015 4.454e-05 -0.00643916 0.015 -0.00040169 -0.006 0.015 -0.0002 -0.0063692 0.015 -0.00044278 -0.00566553 0.015 -0.00066923 0.006 0.015 -0.0002 0.00598008 0.015 -0.00032538 0.00671552 0.015 -0.00024478 -0.00552942 0.015 -0.00067662 -0.0048501 0.015 -0.00063568 -0.00334555 0.015 -0.00057536 -0.00185085 0.015 -0.00054185 0.00104672 0.015 -0.00050927 0.00373894 0.015 -0.00043864 0.00735878 0.015 0.0030982 0.00704989 0.015 0.00315008 0.00729171 0.015 0.00293067 0.00767129 0.015 0.00292103 0.00761973 0.015 0.00297287 0.00759362 0.015 0.00299256 0.00740229 0.015 0.0030846 0.00771896 0.015 0.00282628 0.00773542 0.015 0.002583279 0.00770832 0.015 0.002494121 0.00762948 0.015 0.002388209 0.00729171 0.0148 0.00056933 0.00677932 0.0148 0.0001831 0.0067861 0.0148765 0.00016947 0.00738981 0.0148308 0.00068263 0.00738949 0.0148 0.00068613 0.00736414 0.0149469 0.00055392 0.00738199 0.0148976 0.00063544 0.00738581 0.0148774 0.00065598 0.00738813 0.0148588 0.00066989 0.00686838 0.015 4.03e-06 0.00727261 0.015 0.00027252 0.00732806 0.0149863 0.00042321 0.0068343 0.0149848 7.256e-05 0.006 0.015 -0.0002 0.006 0.0149848 -0.00012346 0.006 0.0148765 -1.522e-05 0.006 0.0149 -2.679e-05 0.0068054 0.0149414 0.00013065 0.006 0.0149414 -5.858e-05 0.006 0.0149732 -0.0001 0.006 0.0148 1.387779e-17 0.006 0.0148 1.387779e-17 -0.006 0.0148 1.387779e-17 0.006 0.0148765 -1.522e-05 -0.006 0.0148765 -1.522e-05 0.006 0.0149 -2.679e-05 -0.006 0.0149 -2.679e-05 0.006 0.0149414 -5.858e-05 -0.006 0.0149414 -5.858e-05 0.006 0.0149732 -0.0001 -0.006 0.0149732 -0.0001 0.006 0.0149848 -0.00012346 -0.006 0.0149848 -0.00012346 0.006 0.015 -0.0002 -0.006 0.015 -0.0002 -0.00694547 0.015 4.454e-05 -0.006 0.015 -0.0002 -0.006 0.0149848 -0.00012346 -0.00699627 0.0149984 0.00010352 -0.0069597 0.0149999 6.096e-05 -0.00692646 0.0149848 0.00012164 -0.00717766 0.0149777 0.00031262 -0.00689437 0.0149414 0.00017804 -0.00738618 0.0149441 0.00058416 -0.00745802 0.0149136 0.00071954 -0.00687293 0.0148765 0.00021572 -0.00748673 0.0148804 0.000795315 -0.00749819 0.0148 0.000845605 -0.007499 0.0148227 0.000844449 -0.00729171 0.0148 0.00056933 -0.00749767 0.0148423 0.000836026 -0.0074933 0.0148637 0.000817755 -0.006 0.0149732 -0.0001 -0.006 0.0149414 -5.858e-05 -0.006 0.0149 -2.679e-05 -0.006 0.0148765 -1.522e-05 -0.006 0.0148 1.387779e-17 -0.0068654 0.0148 0.00022896 0.002 2.00752e-15 -3.469447e-17 0.002 1.995722e-15 0.0035 0.00173205 0.001 -2.775558e-17 0.00173205 0.001 0.0035 0.001 0.00173205 -2.775558e-17 0.001 0.00173205 0.0035 9.992007e-16 0.002 -2.775558e-17 9.992007e-16 0.002 0.0035 -0.001 0.00173205 -2.775558e-17 -0.001 0.00173205 0.0035 -0.00173205 0.001 -2.775558e-17 -0.00173205 0.001 0.0035 -0.002 1.995729e-15 -2.775558e-17 -0.002 1.98442e-15 0.0035 -0.00173205 -0.001 -3.469447e-17 -0.00173205 -0.001 0.0035 -0.001 -0.00173205 -3.469447e-17 -0.001 -0.00173205 0.0035 9.992007e-16 -0.002 -3.469447e-17 9.992007e-16 -0.002 0.0035 0.001 -0.00173205 -3.469447e-17 0.001 -0.00173205 0.0035 0.00173205 -0.001 -3.469447e-17 0.00173205 -0.001 0.0035 0.0016 -0.006 -4.857226e-17 0.0016 -0.006 0.0035 0.00138564 -0.0052 -4.857226e-17 0.00138564 -0.0052 0.0035 0.0008 -0.00461436 -4.857226e-17 0.0008 -0.00461436 0.0035 9.992007e-16 -0.0044 -4.857226e-17 9.992007e-16 -0.0044 0.0035 -0.0008 -0.00461436 -4.857226e-17 -0.0008 -0.00461436 0.0035 -0.00138564 -0.0052 -4.857226e-17 -0.00138564 -0.0052 0.0035 -0.0016 -0.006 -4.857226e-17 -0.0016 -0.006 0.0035 -0.00138564 -0.0068 -5.551115e-17 -0.00138564 -0.0068 0.0035 -0.0008 -0.00738564 -5.551115e-17 -0.0008 -0.00738564 0.0035 9.992007e-16 -0.0076 -5.551115e-17 9.992007e-16 -0.0076 0.0035 0.0008 -0.00738564 -5.551115e-17 0.0008 -0.00738564 0.0035 0.00138564 -0.0068 -5.551115e-17 0.00138564 -0.0068 0.0035 0.0016 0.006 -1.387779e-17 0.0016 0.006 0.0035 0.00138564 0.0068 -6.938894e-18 0.00138564 0.0068 0.0035 0.0008 0.00738564 -6.938894e-18 0.0008 0.00738564 0.0035 9.992007e-16 0.0076 -6.938894e-18 9.992007e-16 0.0076 0.0035 -0.0008 0.00738564 -6.938894e-18 -0.0008 0.00738564 0.0035 -0.00138564 0.0068 -6.938894e-18 -0.00138564 0.0068 0.0035 -0.0016 0.006 -1.387779e-17 -0.0016 0.006 0.0035 -0.00138564 0.0052 -1.387779e-17 -0.00138564 0.0052 0.0035 -0.0008 0.00461436 -1.387779e-17 -0.0008 0.00461436 0.0035 9.992007e-16 0.0044 -1.387779e-17 9.992007e-16 0.0044 0.0035 0.0008 0.00461436 -1.387779e-17 0.0008 0.00461436 0.0035 0.00138564 0.0052 -1.387779e-17 0.00138564 0.0052 0.0035</float_array>
          <technique_common>
            <accessor count="3586" source="#verts-array-array" stride="3">
              <param type="float" name="X"/>
              <param type="float" name="Y"/>
              <param type="float" name="Z"/>
            </accessor>
          </technique_common>
        </source>
        <source id="normals-array">
          <float_array count="10758" id="normals-array-array">0 -1 0 0 -1 0 0 1 0 0 1 0 0.2873265 -0.02085557 -0.9576056 0.2918477 -0.03000978 -0.9559939 0.2992187 -0.03048829 -0.9536973 -0.5849331 -0.05765285 -0.8090299 -0.4208945 -0.1187082 -0.8993087 -0.1808566 -0.1018152 -0.9782252 0.4016931 0.2464958 -0.8819765 0.482484 0.1855714 -0.8560213 0.4913217 0.1990783 -0.8479215 -0.7179996 0.2880572 -0.63364 -0.7334948 0.2593992 -0.6282495 -0.701584 0.2461364 -0.6687277 0.8403787 -0.05659607 0.5390367 0.2356935 -0.06092377 0.9699159 -0.02848552 -0.03573135 0.9989554 -0.7508795 -0.003070855 0.6604321 -0.7812625 -0.0006904732 0.6242022 -0.3768334 -0.02699965 0.9258875 -0.6740884 -0.008900623 0.738597 -0.4669246 -0.0219709 0.8840241 -0.357915 -0.0284494 0.9333207 0.7629057 -0.00560313 -0.6464855 0.6381708 0.01827817 -0.7696778 0.7840218 -0.01750219 -0.6204865 0.9130105 -0.002586149 -0.4079279 0.9782867 -0.02294029 -0.2059825 0.9995772 -0.02644578 0.01208333 -0.01000841 0.1178647 -0.9929792 0.2403408 0.07529985 -0.9677635 0.1803093 0.1135122 -0.9770382 0.7128499 0.0484984 -0.6996377 0.4512785 0.0558767 -0.8906321 0.3320456 0.07571885 -0.9402193 0.966486 0.2514435 0.0517778 0.9407385 0.2856963 0.182726 0.9492216 0.2766947 0.1497276 0.9562243 0.2131981 -0.2004535 0.9439234 0.1857668 -0.2729456 0.9689654 0.2471613 0.004161571 0.8277314 0.1572632 -0.5386362 0.8524523 0.08374624 -0.5160539 0.8403435 0.04928486 -0.539809 0.9131389 0.1209484 -0.3892928 0.9470882 0.1207719 -0.2973853 0.9743703 0.1922167 -0.1168556 0.9738527 0.2032588 -0.1014732 0.9422353 0.1037788 -0.3184693 0.8611055 -0.009835213 -0.5083312 0.7471694 -0.1096908 -0.6555195 0.8968744 0.01556514 -0.4420114 0.9703544 0.2325203 -0.06592877 0.963497 0.2669046 0.02086892 0.9349426 0.3151938 0.1628963 0.8190682 -0.03053257 -0.5728832 0.8978246 0.05474787 -0.4369368 0.9627675 0.1659357 -0.2134108 0.8266905 0.0005258041 -0.5626566 0.784871 -0.03525626 -0.6186554 0.9479288 0.08853932 -0.3059277 0.6465037 -0.1545534 -0.7470918 0.780605 -0.09085135 -0.6183866 0.7346633 -0.1202848 -0.6676836 0.8530314 -0.02895512 -0.5210557 0.8419577 -0.02147483 -0.539116 0.8951851 0.01859394 -0.4453066 0.8920721 0.01416804 -0.4516709 0.9451907 0.08838826 -0.3143279 0.8173532 -0.0538326 -0.5736164 0.476556 -0.2490341 -0.8431349 0.367026 -0.2927152 -0.8829551 0.5996452 -0.1880666 -0.7778538 0.7347815 -0.01765068 -0.6780742 0.5495594 -0.117704 -0.8271217 0.4289948 -0.2353725 -0.8721028 0.2487312 0.1199296 -0.961119 0.161839 0.06298895 -0.9848048 0.1929103 0.02099321 -0.9809918 -0.4685033 -0.09717008 -0.8781017 -0.2399136 -0.1139087 -0.9640883 -0.2536948 -0.0452198 -0.9662268 -0.00583411 -0.05173952 -0.9986436 0.3125639 0.1300528 -0.9409517 0.2950048 0.1310843 -0.9464613 0.3540809 0.1056372 -0.9292295 0.2927612 0.07961409 -0.9528654 0.378615 0.10439 -0.9196485 0.3989743 0.08467942 -0.9130437 0.3265509 0.1117491 -0.9385503 0.3061861 -0.1579574 -0.9387755 0.4330688 -0.08926475 -0.8969299 0.280648 -0.1703482 -0.944573 0.4164602 -0.04365336 -0.9081053 0.4816895 -0.07176058 -0.8733989 0.4832798 -0.09500875 -0.8702953 0.4643811 -0.09213022 -0.8808304 0.9910635 -0.0742885 -0.1107896 0.9936486 -0.07832764 0.08079083 0.9925611 -0.1079275 -0.05633964 0.6963156 -0.03983388 0.7166295 0.8381041 -0.05206216 0.5430202 0.8809613 -0.05364321 0.4701379 0.8297514 -0.02491378 0.5575768 0.9327512 -0.02141167 0.3598843 0.9386231 -0.03228633 0.3434301 0.5531547 -0.0169168 0.8329068 0.4540715 -0.01704286 0.8908022 0.5903196 -0.01561818 0.8070185 0.4541646 -0.01667077 0.8907618 0.7430664 -0.01173503 0.6691147 0.7156397 -0.01294946 0.6983496 0.8879754 -0.007639166 0.4598276 -0.02662145 -0.02022752 0.9994409 -0.1546925 -0.02303066 0.9876942 -0.1382723 -0.02208004 0.9901481 0.9347044 -0.02166511 -0.3547652 0.9679793 -0.0093199 -0.2508569 0.9997494 -0.01314575 -0.01811878 0.6792366 -0.04707545 0.7324081 0.8267089 -0.03589264 0.5614838 -0.5255934 -0.02272246 0.8504324 -0.2359344 -0.03084104 0.9712795 0.8464946 -0.02943026 0.5315833 0.6741559 -0.04214231 0.7373858 0.09508313 -0.002117055 -0.9954671 0.1009438 -0.01486626 -0.9947811 0.1436219 -0.001682083 -0.9896312 0.243124 0.001005244 -0.9699947 0.2473138 -0.02182376 -0.9686896 0.2554746 -0.02058017 -0.9665967 0.2547392 -0.005557969 -0.9669938 0.2661666 -0.0237613 -0.9636341 -0.9093308 -0.04108562 -0.4140404 -0.8962346 -0.02791723 -0.442701 -0.8417545 -0.05645252 -0.5369009 0.9663174 0.04707335 -0.2530114 0.9666308 0.04731334 -0.2517664 0.9346075 0.007036201 -0.3556112 -0.8889732 0.1263012 -0.4401984 -0.819551 0.177757 -0.5447372 -0.8773357 0.170955 -0.4483931 -0.8619993 0.07298796 -0.5016272 -0.9515022 0.0124589 -0.3073895 -0.9621767 -0.001089379 -0.272424 -0.9822589 0.03121816 -0.1849133 -0.9819573 0.03107849 -0.1865313 -0.9798705 0.03002518 -0.1973636 -0.9784608 0.02870458 -0.2044275 -0.97608 0.02471557 -0.2160023 -0.9688202 -0.006948968 -0.2476674 -0.9484415 -0.1205621 -0.2931271 -0.9295023 -0.04560689 -0.3659857 -0.7865984 -0.003849817 -0.6174529 -0.8339629 -0.001067545 -0.5518194 -0.8488834 -0.006748084 -0.5285371 -0.8287051 0.0001397331 -0.5596854 -0.8286949 0.0001108835 -0.5597005 -0.8262041 -0.004261666 -0.5633548 -0.8283626 -0.0007350101 -0.5601918 -0.813395 -0.01333797 -0.5815588 -0.8212246 -0.003681387 -0.5705932 -0.8257326 -0.003860958 -0.5640486 -0.8275817 -0.002292309 -0.5613406 -0.7646473 -0.002250571 -0.644445 -0.8516601 0.06558056 -0.5199752 -0.8555192 0.06634478 -0.5135029 -0.6386041 0.0764361 -0.76573 -0.8432675 0.06332566 -0.5337507 -0.8422468 0.2168656 -0.493548 -0.9029692 0.1982376 -0.381246 -0.9047862 0.1912195 -0.380522 -0.9028768 0.2046287 -0.3780749 -0.9046995 0.1945073 -0.3790589 -0.9039877 0.2039408 -0.375785 -0.9111109 0.1894538 -0.3660384 -0.9144297 0.1803617 -0.3623368 -0.9114638 0.1517261 -0.3823779 0.9510626 0.1148333 -0.2868681 0.9400873 0.140981 -0.3104194 0.9288069 0.08533659 -0.3606042 0.9310827 0.1112986 -0.3474156 0.9182948 0.09287352 -0.3848495 0.9149558 0.08958642 -0.3934846 0.9681393 0.05358459 -0.2446121 0.9734188 0.05092896 -0.2232984 0.9284011 0.03632778 -0.3697995 0.9740678 0.05029432 -0.2205957 0.9691156 0.08184466 -0.2326293 0.9145593 -0.001021061 -0.4044506 0.9442447 0.01746213 -0.3287812 0.8532294 -0.01071788 -0.5214256 0.9570779 0.03760532 -0.2873809 0.963404 0.04459407 -0.264318 0.7686312 -0.02884326 -0.6390416 0.7780833 -0.02506188 -0.6276609 0.8420776 -0.0174047 -0.5390755 0.5643999 -0.09793112 -0.819672 0.5325347 -0.1188773 -0.8380185 0.5192206 -0.1961055 -0.8318369 0.688645 -0.09560507 -0.7187682 0.7439774 -0.08305408 -0.6630231 0.7668429 -0.04086579 -0.6405326 0.8586923 -0.009556523 -0.5124024 0.6984593 -0.03786013 -0.7146477 0.7054788 -0.04332607 -0.7074055 0.754759 -0.02909867 -0.6553565 0.7576388 -0.02239325 -0.6522899 -0.1930305 -0.2783229 -0.9408908 0.2523493 -0.1992715 -0.9468953 0.198456 -0.2827981 -0.9384245 0.319005 -0.1925539 -0.9279864 0.4887369 -0.112487 -0.8651491 0.4106583 -0.1881333 -0.8921691 0.6999334 -0.06052004 -0.7116394 0.4521804 -0.2170225 -0.8651209 0.3978456 -0.1419282 -0.9064079 0.1531148 -0.2030121 -0.9671308 -0.004420808 -0.2371781 -0.9714561 0.2814613 -0.02717314 -0.9591878 0.2866714 -0.03054763 -0.9575418 0.278958 -0.01909764 -0.9601134 0.2866673 -0.03143011 -0.9575145 0.2715826 -0.01315973 -0.9623252 0.2756057 -0.02597322 -0.9609198 0.1305348 0.03978825 -0.990645 0.1498599 0.01195107 -0.988635 0.1765494 0.01176394 -0.9842215 0.05641768 -0.02045823 -0.9981976 0.05774003 -0.02193797 -0.9980906 0.06179545 -0.01822949 -0.9979223 0.1009214 -0.01536496 -0.9947757 0.07968368 -0.01228679 -0.9967445 0.06690368 -0.004598824 -0.9977488 0.1586449 0.0359163 -0.9866822 0.2156598 0.007410543 -0.9764404 0.1141141 0.04850785 -0.9922827 0.2172704 0.02029542 -0.9759004 0.2252706 0.01494962 -0.9741815 0.2643172 -0.01005396 -0.9643834 0.2463258 -0.001302386 -0.9691862 0.2377516 0.006035619 -0.9713072 0.1480051 0.005810991 -0.9889695 0.1328499 0.02570168 -0.9908029 -0.07931133 0.01409246 -0.9967503 -0.09668711 0.05643646 -0.9937135 -0.4149895 0.02050551 -0.9095951 -0.4149692 0.08612314 -0.9057502 -0.0806284 0.09205453 -0.9924843 -0.3149087 0.1239838 -0.9409891 0.1933045 0.02969029 -0.9806895 0.101604 0.0619948 -0.9928914 -0.06549763 0.1073341 -0.9920632 -0.2138496 0.1185358 -0.9696482 0.1291204 0.01127671 -0.9915648 0.1013626 0.02786433 -0.9944592 0.05528443 0.04093103 -0.9976313 0.09096336 0.05981233 -0.9940564 0.06290165 -0.0009462148 -0.9980193 0.05958687 -0.02337583 -0.9979494 0.08004974 -0.002974374 -0.9967864 0.07918825 -0.02396017 -0.9965717 0.09161367 -0.0258292 -0.9954596 0.1061889 0.003239873 -0.9943407 0.09035965 -0.01799002 -0.9957467 -0.7534055 0.05617694 -0.6551522 -0.6338805 0.04938231 -0.7718529 -0.4634289 0.05779992 -0.884247 -0.2080799 0.03694053 -0.977414 -0.08411399 0.02396622 -0.9961679 -0.715382 -0.007371485 -0.6986947 -0.6140173 0.007733663 -0.7892547 -0.5945292 0.02949368 -0.8035329 -0.6013689 0.02991018 -0.7984114 -0.3531253 0.04103554 -0.9346757 -0.4779078 0.1331072 -0.8682664 -0.6454986 0.09552388 -0.7577643 -0.7433851 0.07608884 -0.6645217 -0.4982024 0.1022145 -0.8610148 -0.4343006 0.06919664 -0.8981062 -0.1238809 0.03396621 -0.9917156 0.04139328 0.004795412 -0.9991314 -0.5683984 0.07894868 -0.8189569 -0.2831338 0.04684761 -0.9579356 0.2838453 -0.007913907 -0.9588374 0.105802 0.004800059 -0.9943756 0.3617831 -0.000316356 -0.9322622 0.08470291 0.01687108 -0.9962634 0.6540238 -0.02780698 -0.7559628 0.4628454 -0.01810911 -0.886254 0.79414 -0.02238454 -0.6073225 0.6030449 -0.01382975 -0.7975874 0.8928851 -0.004455247 -0.4502626 0.7424845 0.000514001 -0.669863 0.9223833 0.01138415 -0.3861081 0.9193461 0.001901147 -0.3934452 0.9913531 -0.0227852 0.1292276 0.9981686 -0.01830664 -0.05765611 0.931727 -0.02673012 0.3621744 0.8488751 -0.02415875 0.528041 0.873745 -0.02327677 0.4858269 -0.2563586 -0.02667088 0.9662137 -0.253299 -0.02648975 0.9670253 0.01597213 -0.03785025 0.9991558 -0.2179559 -0.03597502 0.9752954 -0.2810205 -0.02955446 0.9592466 0.5439371 -0.04280713 0.8380334 -0.2433706 -0.02826195 0.9695215 -0.4164849 -0.02637818 0.9087599 -0.4024374 -0.02662721 0.9150602 -0.01870555 -0.03055354 0.9993581 0.856932 -0.02609956 0.5147682 -0.8661546 -0.005950765 0.4997407 0.2385177 -0.03155547 0.9706254 0.9259789 -0.02372444 0.3768293 0.9392646 -0.01960887 0.3426331 -0.02154242 -0.03267153 0.999234 0.1505997 -0.03174939 0.9880849 0.05671259 -0.02990348 0.9979426 0.9471859 -0.01599514 0.3202859 0.9438623 -0.01457087 0.3300178 -0.2976683 -0.02978356 0.9542046 0.897778 -0.02897992 0.4394938 0.5736859 -0.02491685 0.8186963 -0.753655 -0.0134129 0.6571333 0.8552594 -0.01760713 0.517901 -0.1503844 -0.03307657 0.9880741 0.9419168 -0.0104071 0.335685 0.9154591 -0.00995353 0.402288 0.1852644 -0.02697814 0.9823183 0.1723889 -0.02557323 0.9846969 0.1526131 -0.02809388 0.9878866 0.2195141 -0.02527499 0.9752819 0.222632 -0.02801666 0.9744999 -0.004275759 -0.02612168 0.9996496 -0.01985391 -0.02838723 0.9993998 -0.1990656 -0.02580945 0.9796462 -0.2304378 -0.02715072 0.9727082 -0.322185 -0.02483585 0.9463509 -0.2654794 -0.02683769 0.9637429 0.8667583 -0.009205967 0.4986435 0.2026755 -0.02254751 0.9789863 0.228158 -0.02235106 0.9733675 0.0231361 -0.02359957 0.9994537 -0.1564141 -0.02389597 0.9874025 -0.3551123 -0.0233927 0.9345309 0.09706326 -0.03557821 0.9946421 -0.2203928 -0.02720642 0.9750317 0.2078206 -0.01604586 -0.9780353 -0.8524909 0.02138662 -0.5223043 -0.6638358 0.02449012 -0.7474773 0.4566066 -0.02731355 -0.8892494 0.86431 -0.0331767 -0.501864 0.9810744 -0.02051152 -0.1925418 0.9551527 -0.02673743 -0.2949042 0.999045 -0.03082538 -0.03096723 0.9856971 -0.03375513 0.1651117 0.9401554 -0.03544996 0.3388969 0.77593 -0.02945438 0.630131 0.7437885 -0.03505174 0.6674953 0.861987 -0.03599148 0.5056511 0.870202 -0.04216761 0.4908874 0.9544762 -0.04265552 0.2952215 0.7074722 -0.0299499 0.7061063 0.5538554 -0.03042311 0.8320569 0.5731759 -0.03255073 0.8187856 0.7604362 -0.0407104 0.6481353 0.135417 -0.02629675 0.9904397 -0.07660196 -0.02370676 0.9967799 0.02725903 -0.02228184 0.99938 0.302858 -0.01917691 0.9528427 0.4405983 -0.01752681 0.8975332 0.3371345 -0.01786537 0.941287 0.5152198 -0.01578794 0.8569126 0.4690458 -0.01646399 0.8830204 0.7861961 -0.01238151 0.617853 0.859498 -0.008492969 0.5110686 0.3474197 -0.01811123 0.9375348 0.2848014 -0.01931671 0.9583919 -0.08296804 -0.02125047 0.9963256 -0.006578697 -0.02091501 0.9997596 0.131323 -0.02039457 0.9911298 0.4419672 -0.01860729 0.8968382 0.9162402 -0.008561299 0.4005378 0.8152459 -0.01470552 0.5789282 0.5277287 -0.01690628 0.8492447 0.7868036 -0.01926361 0.6169028 0.6154854 -0.02042645 0.7878835 0.5990563 -0.01881346 0.8004859 0.7076205 -0.01815842 0.7063593 0.7272905 -0.01612146 0.6861403 0.5439845 -0.01789985 0.8389043 0.930214 -0.01649167 0.3666468 0.9484685 -0.004106398 0.3168449 0.9496607 -0.003539352 0.3132602 0.9572563 -0.006533028 0.2891672 0.4678585 -0.02104292 0.8835528 0.2926649 -0.02038385 0.9559978 0.3314536 -0.01916967 0.9432768 0.1560273 -0.01929092 0.9875644 0.2053675 -0.01909043 0.9784987 0.04657706 -0.01951661 0.998724 0.3549198 -0.02665336 0.9345167 0.3533421 -0.02586527 0.9351366 0.2388099 -0.02351706 0.9707815 0.2116399 -0.0238406 0.9770569 0.1162901 -0.02449105 0.9929133 0.6598543 -0.03543856 0.7505574 0.3653879 -0.02947596 0.9303886 0.3182833 -0.02836106 0.9475713 0.9649649 -0.0429926 -0.2588326 0.9973915 -0.03948946 -0.06042227 0.9929779 -0.04190633 0.1106291 0.8455958 -0.0381666 -0.5324576 0.922449 -0.03213651 -0.3847792 0.9709883 -0.03555676 -0.2364689 0.8760316 -0.02834391 0.4814201 0.7635697 -0.034764 0.644789 0.4958149 -0.03367354 0.8677751 0.8213434 -0.04545175 0.5686203 0.9353232 -0.04878187 0.3504151 0.993297 -0.04893305 0.1047216 0.9965277 -0.05108057 -0.06575231 0.9839966 -0.05381378 0.1698668 0.9893689 -0.05572101 -0.1343293 0.9758549 -0.05614487 0.2110807 0.9744438 -0.05440694 0.2179432 0.9958708 -0.05633408 0.07118849 0.977673 -0.05303572 -0.2033293 0.9353652 -0.05286228 0.3497105 0.8916744 -0.04705944 0.4502246 0.8987118 -0.04789632 0.4359163 0.6984146 -0.03856396 0.7146537 0.8032976 -0.03658027 0.5944535 0.8235797 -0.04081687 0.56573 0.8880779 -0.0478349 -0.4571974 0.9426215 -0.04408444 -0.3309401 0.4844084 -0.02619185 0.8744498 0.5105642 -0.02894999 0.8593522 0.5203359 -0.03181873 0.8533687 0.5905136 -0.03337117 0.8063374 0.7026792 -0.03826882 0.710477 0.5626421 -0.02509356 0.8263197 0.1939426 -0.01999828 0.980809 0.05721525 -0.01949932 0.9981714 -0.04350771 -0.01957667 0.9988613 0.6968138 -0.0253005 0.7168057 0.8527566 -0.02106801 0.5218834 0.6339646 -0.02224924 0.7730419 0.5223451 -0.03152863 0.8521511 0.1937746 -0.02124805 0.9808159 0.6191151 -0.02648152 0.7848536 0.5650978 -0.03464664 0.8242961 0.741183 -0.04305647 0.6699209 0.7611118 -0.04107145 0.647319 0.8624474 -0.04646064 0.5040099 0.943867 -0.04939614 0.3266115 0.8638945 -0.03367352 0.502546 0.7362291 -0.03929451 0.6755906 0.5875972 -0.0306109 0.8085744 0.9609194 -0.05640956 0.27102 0.9953296 -0.05930427 0.07617114 0.9923343 -0.05567722 0.11033 0.9930766 -0.06394456 -0.09853958 0.9969897 -0.06112711 -0.0476968 0.9189941 -0.0572785 -0.3900885 0.9315623 -0.05666395 -0.3591391 0.9636427 -0.01513276 0.2667652 -0.2056142 0.06736515 -0.9763118 0.09803798 0.001854264 -0.9951809 0.2814617 -0.02748496 -0.9591788 0.3855198 -0.02555443 -0.9223456 0.7131808 -0.03563178 -0.7000739 0.8336877 -0.03461836 -0.5511501 0.9412077 -0.03088812 -0.3364134 -0.002333891 0.07738086 -0.9969989 -0.05220556 0.06689326 -0.9963934 0.04233872 0.03030482 -0.9986436 -0.01192485 0.03497749 -0.999317 0.07121292 0.007115338 -0.9974358 0.0821613 0.01491621 -0.9965074 0.06107162 0.02100945 -0.9979123 0.07018154 0.01139258 -0.9974692 0.0988573 -0.005934617 -0.9950839 0.2419507 -0.01320218 -0.9701987 0.2117048 -0.007732804 -0.9773031 0.1719929 -0.005625585 -0.9850821 0.1229239 -0.02551238 -0.9920881 0.9412268 -0.09011107 -0.3255335 0.9504833 -0.068268 -0.3031848 0.8612365 -0.08222004 -0.5015092 0.8790074 -0.06146467 -0.4728298 0.74365 -0.07155059 -0.6647294 0.7578194 -0.05245823 -0.6503521 0.591204 -0.0536301 -0.804737 0.6168623 -0.0432034 -0.7858844 0.8095645 -0.09617656 -0.5790987 0.7783592 -0.1185219 -0.6165303 0.6033057 -0.08230822 -0.7932513 0.9311182 -0.05361189 0.3607557 0.9734443 -0.07141389 0.2174998 0.9778877 -0.07552635 0.1950164 0.9877182 -0.08198803 -0.1330066 0.890022 -0.03247006 -0.4547599 0.5838443 -0.02997734 -0.811312 0.4667356 -0.03664123 -0.8836375 0.2746134 -0.02470659 -0.9612373 0.2036934 -0.01923092 -0.9788458 0.1241733 -0.009751353 -0.9922126 0.1415511 -0.01360522 -0.9898374 0.7585349 -0.03265672 -0.6508136 0.6370784 -0.03759376 -0.7698817 0.487455 -0.03541951 -0.8724294 0.3231729 -0.02807467 -0.9459234 0.254346 -0.02920869 -0.9666721 0.8676417 -0.1315499 0.4794711 0.9606302 -0.1658774 -0.2228773 0.9017598 -0.156391 -0.402953 0.8881036 -0.1898271 -0.418614 0.6445213 -0.1257536 -0.754174 0.9948334 -0.1014692 -0.003255772 0.424143 -0.05323556 -0.9040292 0.4435862 -0.03725196 -0.8954572 0.4988108 -0.0368872 -0.8659256 0.6355131 -0.03801083 -0.7711539 0.3421612 -0.09530941 -0.9347951 0.6699783 -0.2069262 -0.7129591 0.5703607 -0.1990742 -0.7969053 0.8526655 -0.2776911 -0.4425485 0.8322406 -0.3080703 -0.4609428 0.9192788 -0.3090338 -0.2437716 0.9067783 -0.3452318 -0.2420085 0.944033 -0.3243896 -0.05977585 0.7068137 -0.3011445 0.6400988 0.9795687 -0.1568783 -0.1258348 0.9656809 -0.2533374 -0.05727632 0.8601661 -0.2140039 0.4629433 0.7562937 -0.03698694 -0.6531859 0.771748 -0.04181272 -0.6345524 0.7495707 -0.04202655 -0.6605888 0.8236643 -0.05385939 -0.5645142 0.9483073 -0.06053626 -0.3115263 0.9880983 -0.06151475 -0.1409884 0.996313 -0.06342642 0.05777116 0.8730062 -0.06295338 0.4836291 0.9760617 -0.02422214 0.2161408 0.9695201 -0.03143066 0.2429875 0.9445533 -0.04537966 0.3252072 0.9015031 -0.01293069 0.4325794 0.6756034 -0.03625418 0.7363733 0.6922232 -0.0311902 0.7210092 0.5468744 -0.02077805 0.8369568 0.6507495 -0.02517101 0.7588752 0.7450814 -0.03100572 0.6662525 0.8221991 -0.03224408 0.568286 0.3515185 -0.1194743 -0.9285261 0.3815129 -0.09257976 -0.9197157 0.2396948 -0.1507342 -0.9590754 0.270773 -0.0963336 -0.9578109 0.3101816 -0.03644482 -0.9499785 0.3480641 0.01065534 -0.9374102 0.19804 -0.2150986 -0.9563016 0.1423025 -0.279229 -0.9496216 0.07024746 -0.2886643 -0.9548498 0.1409196 -0.211325 -0.9672039 0.01323098 -0.2317448 -0.9726866 0.02632615 -0.1910958 -0.9812183 -0.01179936 -0.1778432 -0.9839881 -0.02563486 -0.1482504 -0.9886176 0.222144 -0.2383581 -0.9454298 0.1405119 -0.3046193 -0.9420528 0.06166013 -0.3209792 -0.9450769 0.008784839 -0.2525308 -0.967549 -0.01241677 -0.1940453 -0.980914 0.3352193 0.09012271 -0.9378198 0.4163633 0.05532625 -0.9075134 0.3436436 0.05680654 -0.9373805 0.4316999 0.01646653 -0.901867 0.4524535 -0.03670209 -0.8910324 0.2091328 0.13924 -0.9679234 0.2234975 0.1226069 -0.9669625 -0.5355244 -0.05794922 -0.8425292 -0.1719487 0.008078934 -0.9850728 -0.4729281 -0.01697535 -0.8809375 -0.4627461 0.02074051 -0.8862482 -0.3368264 0.01396762 -0.9414632 -0.1950802 0.03671441 -0.9800999 -0.05075418 0.04982322 -0.9974676 0.0603383 0.0763018 -0.9952574 0.1457135 0.1053558 -0.983701 0.1946751 0.1416005 -0.9705931 0.1778562 0.1092431 -0.977974 -8.439612e-05 0.007478038 -0.999972 0.2375457 0.08403309 -0.9677347 0.2533897 0.02905787 -0.9669278 0.2670031 -0.04170177 -0.962793 0.2626338 -0.1213399 -0.9572357 0.1907829 -0.1735744 -0.9661645 0.3482388 -0.2045838 -0.9148089 0.2525477 -0.2889838 -0.9234219 0.1180463 -0.3252947 -0.9382156 0.01536657 -0.2664896 -0.9637153 -0.02574768 -0.2069747 -0.9780074 -0.04095124 -0.2265445 -0.9731396 0.03869117 -0.2832256 -0.9582725 0.2241169 -0.32237 -0.9197006 0.8988944 0.04636775 -0.435705 0.6848602 -0.1014514 -0.7215775 0.7423315 -0.09428046 -0.6633665 0.7756311 -0.02743176 -0.6305901 0.6307535 -0.1626743 -0.7587405 0.5804115 -0.1749729 -0.7953031 0.8362468 -0.01493846 -0.5481498 0.8579518 -0.005878522 -0.5136965 -0.6712466 -0.3119005 -0.6724181 0.84815 -0.04061803 -0.5281967 0.7904993 -0.06000463 -0.6095165 0.8625171 -0.01729382 -0.5057324 0.8660889 -0.01127173 -0.4997629 0.8678286 -0.008307501 -0.4967942 0.8701303 -0.00434946 -0.4928025 0.8714246 -0.002120407 -0.4905249 0.8605421 -0.001359748 -0.5093775 0.8695906 -0.003303836 -0.4937624 0.8724899 -0.0003048037 -0.4886321 0.8472348 0.005636234 -0.5311887 0.8450609 0.003772499 -0.5346567 0.8563908 0.0008822483 -0.5163275 0.8554636 -0.006920579 -0.5178167 0.8462809 -0.009028205 -0.5326604 0.8496852 0.00777698 -0.527233 0.8428748 0.0019482 -0.5381062 0.8389123 -0.001156409 -0.5442654 0.8027837 -0.07190548 -0.5919188 0.7726665 -0.09838432 -0.627142 0.8789705 -0.011186 -0.4767449 0.9002732 0.006631838 -0.4352749 0.9724974 0.1471772 -0.1805208 0.9405501 0.05838618 -0.334599 0.9521271 0.08624324 -0.2932851 0.5966221 -0.1651397 -0.7853476 0.7532637 -0.08015289 -0.6528165 0.7884409 -0.05533179 -0.6126168 0.5082039 -0.2326406 -0.8292208 0.2685006 -0.3188039 -0.9089948 0.5240447 -0.2032213 -0.8270902 0.967602 0.09977122 -0.2319312 0.8413319 0.004758335 -0.5404979 0.833061 -0.05241174 -0.5506926 0.9612052 0.2629204 0.08341161 0.6613189 -0.1659858 -0.7315094 0.8583403 -0.01466896 -0.5128711 0.9652367 0.1452361 -0.2173124 0.9712163 0.2380816 -0.007485826 0.9756921 0.1991294 -0.09150041 0.9456077 0.09153706 -0.3121652 0.6673039 -0.1630008 -0.7267299 0.6199328 -0.1922479 -0.7607391 0.7659779 -0.102436 -0.6346533 0.7486562 -0.110289 -0.6537203 0.867954 -0.01038254 -0.4965361 0.9173686 0.05669673 -0.3939801 0.9650721 0.2598511 0.03336433 0.970449 0.2394712 -0.0297031 0.9407148 0.3076349 0.1428863 0.1997516 -0.3591481 -0.9116534 0.4082169 -0.288285 -0.8661701 0.3672856 -0.3025044 -0.879541 0.4709542 -0.2624969 -0.842198 0.3954906 -0.2823818 -0.8739838 0.556408 -0.2179135 -0.8018253 0.659235 -0.1494303 -0.7369395 0.2468018 -0.3289493 -0.9115269 0.1473924 -0.3716012 -0.9166177 0.4820416 -0.2441213 -0.8414516 0.3984132 -0.2875423 -0.8709686 0.0951696 -0.3845219 -0.918197 0.9717965 0.2008413 -0.1235895 0.9416767 0.3064222 0.1391056 0.1262555 -0.3709204 -0.9200422 0.8449561 -0.04808017 -0.5326701 0.8849348 -0.000977813 -0.4657139 0.9400857 0.05628711 -0.3362598 0.9535211 0.07952457 -0.2906429 0.6996014 -0.1488035 -0.6988672 0.9144761 0.02259413 -0.4040085 0.9321903 0.04921773 -0.3586068 0.5925611 -0.2045794 -0.779114 0.6239456 -0.1812418 -0.76016 0.8025845 -0.0614035 -0.5933699 0.9005376 0.04399522 -0.4325465 0.9624588 0.1514782 -0.2252277 0.9718155 0.2107989 -0.1055385 0.9533959 0.2889676 0.0867983 0.9471315 0.2998411 0.1141805 0.9143949 0.3372419 0.2239415 0.9287393 0.3244466 0.1793814 0.9209512 0.3295036 0.2080294 0.9668865 0.2546478 -0.01688163 0.9458886 0.131371 -0.2967095 0.2087367 -0.3468821 -0.914386 0.4285706 -0.2594028 -0.8654695 0.1245694 -0.3637562 -0.9231272 0.3807036 -0.2707604 -0.8841683 0.2156499 -0.3295384 -0.9191842 0.07195038 -0.3850036 -0.9201062 -0.009069301 -0.3893608 -0.9210407 0.7417681 -0.09839704 -0.6633989 0.9367872 0.103007 -0.3343939 0.969256 0.2438676 -0.03273052 0.9479303 0.2988414 0.1101002 0.9021901 0.344378 0.2597246 0.349156 -0.2717306 -0.8968013 0.9761532 0.1796888 -0.1218068 0.9617472 0.1121399 -0.2499339 0.3783178 -0.2559418 -0.8895895 0.53371 -0.185873 -0.8249878 -0.00309424 -0.3785286 -0.9255844 0.6995237 -0.09473946 -0.7083015 0.526403 -0.1980408 -0.8268493 0.7081415 -0.0971638 -0.6993531 0.558982 -0.1909552 -0.8068923 0.7413276 -0.0832558 -0.6659594 0.6231896 -0.1646527 -0.7645418 0.8564214 0.01785154 -0.5159687 0.8454366 0.01478391 -0.5338711 0.9365793 0.1212055 -0.328829 0.9316323 0.120454 -0.3428586 0.8643962 0.04173698 -0.501076 0.8662482 0.03823144 -0.4981491 0.5027843 -0.1932227 -0.8425396 0.9680179 0.1995744 -0.1520243 0.9569245 0.2830464 0.06465476 0.9301938 0.3169627 0.185133 0.9674847 0.2528707 -0.00545346 0.9647481 0.2628545 0.01298264 0.941226 0.2971768 0.1605604 0.7243069 -0.06663374 -0.6862503 0.8707596 0.05514056 -0.4886074 0.7439296 -0.04478498 -0.6667556 0.8830149 0.06990906 -0.4641094 0.7193091 -0.08465971 -0.6895122 0.4673867 -0.2269457 -0.8544269 0.6416733 -0.1432136 -0.7534888 0.5566965 -0.2014602 -0.8059174 0.5215434 -0.2198765 -0.824407 0.3169544 -0.3138013 -0.8950244 0.583275 -0.2040064 -0.7862389 0.8039612 -0.01415079 -0.5945134 0.6769981 -0.09151836 -0.7302725 0.5584111 -0.1709901 -0.8117509 0.4733321 -0.2065827 -0.8563178 0.9105498 0.07958279 -0.4056668 0.8536246 0.01183556 -0.5207543 0.7972822 -0.04466015 -0.6019523 0.6963125 -0.1278218 -0.7062651 0.5655583 -0.1587927 -0.8092766 0.6287714 -0.1147353 -0.7690789 0.9593589 0.2670363 0.09122582 0.9724284 0.2321537 -0.02208475 0.9186401 0.1009079 -0.381992 0.9469511 0.1510765 -0.2836539 0.9479238 0.1585895 -0.2762063 0.9546372 0.1561836 -0.2535243 0.9605219 0.1610345 -0.2268604 0.977402 0.1510678 -0.147864 0.9809659 0.1593531 -0.1109613 0.969829 0.1106482 -0.2172294 0.9206914 0.03496439 -0.388722 0.9585052 0.1850393 -0.2168598 0.4913957 -0.03610131 -0.8701879 0.9508461 0.1810856 -0.2511963 0.8926993 0.1452458 -0.4266048 0.7975169 0.08897019 -0.5967002 0.7484587 0.113585 -0.653382 0.5928875 0.1394675 -0.7931161 0.8109752 0.1431276 -0.567304 0.9367907 0.176636 -0.3020312 0.2033679 0.123681 -0.9712592 0.1386164 0.08886938 -0.9863507 0.3904029 0.07304616 -0.9177417 0.3015741 0.02326005 -0.953159 0.5814154 0.03844298 -0.8126982 0.6498746 0.03202632 -0.7593664 0.9650838 0.1919932 -0.1781904 0.9438431 0.3020177 0.1339606 0.9473931 0.2907208 0.1338943 0.8197031 0.184321 -0.5423214 0.8916482 0.185173 -0.4131276 0.9665302 0.2168961 -0.1370233 0.9382252 0.2620719 0.2259467 0.9691984 0.2459117 -0.01348475 0.9696239 0.2424661 -0.03224395 0.9688969 0.2248979 -0.1032457 0.9693369 0.2358689 -0.06893362 0.9017171 0.2685019 0.3388408 0.9043632 0.2725788 0.3283718 0.9244277 0.2489055 0.288928 0.9576679 0.2332744 0.1686866 0.4456893 0.1404875 0.8840952 0.4664738 0.1255751 0.8755759 0.9772085 0.2040883 0.05840883 0.8616342 0.1995414 0.4666581 0.8733907 0.2006147 0.4437821 0.9445003 0.2046528 -0.2569756 0.8411373 0.195943 0.5040777 0.5538584 0.1757624 -0.8138479 0.7323886 0.1873222 -0.6546124 0.7259308 0.1599532 -0.6689091 0.6845028 0.1602968 -0.7111687 0.7991308 0.1892521 -0.5705906 0.9115054 0.1972117 -0.360923 0.9581344 0.1678415 0.2319647 0.9466559 0.1992875 0.2532334 0.9818543 0.1700296 -0.08397627 0.8716783 0.1471476 -0.467466 0.8759326 0.1852763 -0.4454377 0.9613809 0.173821 -0.2133847 0.9783241 0.1967521 -0.06457922 0.9155548 0.204912 0.3460788 0.8866343 0.2021874 0.4159326 0.8870752 0.2010548 0.4155412 0.8302765 0.1986387 0.520753 0.9805895 0.1771058 -0.08412982 0.9511508 0.141781 -0.2742451 0.3056952 0.166805 -0.9374042 0.08411326 0.1593852 -0.9836266 0.02419242 0.1386149 -0.9900508 0.9475631 0.2836811 0.1471368 0.3423406 -0.1121298 -0.9328611 0.2627064 -0.02413485 -0.9645739 0.182363 0.0540237 -0.981746 0.1255708 0.1076783 -0.9862238 0.105252 0.1292688 -0.9860079 0.09278484 0.1341702 -0.986605 0.1688245 0.1273359 -0.9773862 0.05914182 0.07037887 -0.9957656 0.05617471 0.03743068 -0.9977191 -0.3629625 0.03589346 -0.9311122 0.0958367 0.05020753 -0.99413 -0.233807 0.03662589 -0.9715929 0.1360435 0.06795931 -0.9883692 -0.04375685 0.05433012 -0.9975638 0.1573911 0.08954497 -0.9834682 0.9574149 0.02223222 -0.2878583 0.8699486 0.03560344 -0.4918554 0.7026776 0.06387469 -0.7086355 0.519615 0.0748763 -0.8511133 0.5255443 0.08696298 -0.84631 0.2711976 0.0969695 -0.9576266 0.265911 0.1146923 -0.9571505 0.5266842 0.08740276 -0.8455557 0.3094962 0.07244178 -0.9481373 0.4859978 0.05033132 -0.8725096 0.4460051 0.09606376 -0.8898602 0.03279941 0.1381611 -0.9898665 0.2994244 0.1340754 -0.9446527 0.5757932 0.1166162 -0.809236 0.5964431 -0.01125145 -0.8025765 0.3976759 0.031057 -0.9170002 0.4040586 0.03645777 -0.9140063 0.1375481 0.07655886 -0.9875319 0.3278866 0.08413402 -0.9409633 0.06391773 0.1017927 -0.9927501 0.7828649 0.09158119 -0.6154148 0.5336887 0.166971 -0.8290338 0.3696804 0.1551746 -0.9161098 0.4904805 0.1103851 -0.8644328 0.6567338 0.07719917 -0.7501607 0.9106341 -0.0365808 -0.4115913 0.9303356 -0.09252171 -0.3548456 0.9721094 -0.09081575 -0.2162308 0.7921885 -0.05071841 -0.6081653 0.6584745 -0.004267147 -0.7525909 0.6001359 0.05078522 -0.7982843 0.8163259 0.02715482 -0.5769529 0.6669876 0.04123102 -0.7439271 0.8330558 0.01878988 -0.5528698 0.8967153 0.007660816 -0.4425416 0.9600724 0.006326996 -0.2796801 0.9136683 0.02164258 -0.4058839 0.8218452 0.0459066 -0.5678583 0.69548 0.05824237 -0.7161811 0.8871606 -0.008920421 -0.4613745 0.7687113 0.01819582 -0.639337 0.5897109 0.04681071 -0.8062566 0.9574802 -0.02689598 -0.2872424 0.9990325 -0.04340443 -0.007085061 0.9664253 -0.04885322 0.2522608 0.89237 -0.05027528 0.4484955 0.9799996 -0.03413018 0.1960509 0.8107355 -0.04862842 0.5833894 0.988121 0.007826148 -0.1534788 0.955696 0.02106164 -0.2936009 0.9085691 0.03061735 -0.416611 0.9679538 -0.005568263 -0.2510664 0.9949069 -0.01295531 -0.09996171 0.9910072 -0.006977262 -0.1336262 0.9875717 -0.014404 0.1565075 0.9595094 -0.01596642 0.2812239 0.9998247 -0.005673644 -0.01784192 0.9282453 -0.03436505 0.3703777 0.6766272 -0.04555141 0.7349154 0.4210864 -0.04600421 0.9058531 0.5316669 -0.05220484 0.8453431 0.7057069 -0.05935765 0.7060131 0.8167943 -0.06411107 0.5733558 0.9251759 -0.0659633 0.3737626 0.9921774 -0.06331497 0.107588 0.9816473 -0.04881878 -0.1843511 0.8905065 -0.04539281 -0.4527004 0.9995144 -0.01597672 0.02675367 0.9838128 -0.02289487 0.1777305 0.788845 -0.03821705 0.6134028 0.5879709 -0.04068481 0.8078582 0.3102315 -0.0349096 0.9500199 0.9415458 -0.02216416 0.336155 0.9946288 -0.09076054 0.04976094 0.9950045 -0.07529782 -0.06554586 0.9468017 -0.069199 -0.3142897 0.9785455 -0.08176362 0.1891122 0.9541493 -0.09488255 0.2838949 0.8924964 -0.08133516 0.4436607 0.8492192 -0.0916427 0.5200273 0.7583923 -0.07627868 0.6473197 0.7450867 -0.08596779 0.661404 0.6145943 -0.06813194 0.7858956 0.9388158 0.1313337 -0.3183966 0.9951394 0.03339182 -0.09264194 0.8713786 -0.005351057 -0.490582 0.7745619 0.01920226 -0.6322066 0.8763222 -0.057436 -0.4782891 0.8061976 -0.03703631 -0.5904861 0.9471019 -0.1086573 -0.3019795 0.8986393 -0.07931521 -0.4314587 0.9903898 -0.1119494 -0.08121192 0.9754726 -0.09384472 -0.1991138 0.9661456 -0.112488 0.2321832 0.9676876 -0.1171101 0.2233067 0.9438372 -0.1075521 0.3124161 0.9706195 -0.1371861 -0.1976811 0.9849155 -0.1251414 -0.1195039 0.9801848 -0.119571 -0.1579259 0.4066589 -0.07553359 0.9104522 0.748991 -0.1004233 0.6549257 0.4961863 -0.08339158 0.8642019 0.796409 -0.10615 0.5953695 0.5431699 -0.09336732 0.8344154 0.8395799 -0.1095213 0.5320814 0.7408519 -0.1005717 0.6640962 0.9112507 -0.108678 0.3972547 0.9629987 -0.09331857 0.2528341 0.9925978 -0.1213897 -0.003747897 0.969896 -0.1189581 0.212487 0.9513078 -0.1065754 0.2892321 0.4450798 -0.07317009 0.8924965 0.7778701 -0.09684683 0.6209177 0.9099845 -0.1040398 0.4013776 0.9799954 -0.104219 0.1695506 0.9526713 -0.07955306 -0.2934087 0.8969775 -0.05716295 -0.4383649 0.1086077 -0.04577945 0.99303 0.2404683 -0.04722046 0.9695077 0.4310387 -0.06375453 0.9000783 0.3840575 -0.05600636 0.921609 0.5334413 -0.07197513 0.8427692 0.4331927 -0.06231953 0.8991442 0.7388777 -0.09358523 0.6673092 0.3976169 -0.07338673 0.9146121 0.5619164 -0.08893729 0.822399 0.004637176 -0.04987498 0.9987447 0.5039906 -0.08649083 0.8593677 0.9847584 -0.07224541 0.1582137 0.8357582 -0.09382125 0.5410229 -0.005562176 -0.04795823 0.9988339 0.9911412 -0.06593609 0.1152893 0.5054443 -0.08197605 0.8589564 0.8293726 -0.0814701 0.5527239 0.9885442 -0.06043399 -0.1383045 0.7190103 0.01398886 0.6948586 0.6925659 -0.05056274 0.7195803 0.437736 -0.0548797 0.8974271 -0.4261309 -0.02405688 0.9043416 0.2312938 -0.04636831 0.9717783 0.7173905 -0.05493803 0.6945018 -0.7044282 -0.006517875 0.7097453 -0.6864593 -0.007968204 0.7271246 -0.540946 -0.01683016 0.8408889 -0.4863433 -0.0209948 0.8735156 0.1037735 -0.0469167 0.9934938 -0.5430935 -0.01724158 0.8394952 0.02481418 -0.05929664 0.9979319 -0.3890189 -0.0262784 0.9208549 -0.4686957 -0.008893695 0.8833149 0.889431 -0.07179725 0.4513953 0.7785443 -0.0950418 0.6203513 0.9234775 -0.09179537 0.3725089 0.9674253 -0.08940831 0.2368425 0.7376995 -0.08624891 0.6695973 0.9997256 -0.0051502 -0.02285123 0.9909928 0.006824295 -0.1337414 0.8650711 0.04055933 -0.500007 0.7728282 0.06474694 -0.6313037 0.6532462 0.07833753 -0.7530821 0.500659 0.09364057 -0.8605649 0.3950788 0.1208256 -0.9106668 0.7823326 0.05220445 -0.6206693 0.9946023 -0.0107497 0.1032027 -0.5614468 0.3232282 -0.7617749 -0.5222634 0.3078881 -0.7952646 -0.2714444 0.3418746 -0.8996887 0.1794301 0.2949365 -0.9385187 -0.05974043 0.3378573 -0.9392995 0.04898792 0.2983578 -0.9531961 -0.1503615 0.3048027 -0.9404716 -0.4238361 0.2808453 -0.8610975 -0.6559474 0.1965303 -0.7287721 -0.3263649 0.230998 -0.9165838 -0.03939352 0.2500806 -0.9674233 0.2689239 0.252265 -0.9295388 0.3701865 0.3010924 -0.878809 0.151563 0.3085 -0.9390721 -0.1042542 0.3488079 -0.9313775 -0.301672 0.3589849 -0.8832462 -0.3429598 0.359702 -0.8677517 -0.3111691 0.1504844 -0.9383647 -0.0187875 0.1545652 -0.9878039 0.2713317 0.170765 -0.9472161 0.4684122 0.1607868 -0.8687563 0.5483946 0.09491258 -0.8308159 0.5917839 -0.1700566 -0.7879547 0.6085482 -0.1354733 -0.7818671 0.5980431 -0.1406686 -0.7890227 0.6019492 -0.06710637 -0.7957097 0.5892304 -0.06976626 -0.8049473 0.5891701 0.01962084 -0.8077707 0.5769084 0.01510906 -0.8166691 0.5686941 0.1080616 -0.8154199 0.5709538 0.1899043 -0.7987165 0.5953279 -0.1833375 -0.7822864 0.5851937 -0.1606953 -0.7948115 0.5890869 -0.1823442 -0.7872275 0.5648007 -0.1383605 -0.8135456 0.5563183 -0.1227705 -0.82185 0.5693838 -0.1490742 -0.8084424 0.5729154 -0.1375774 -0.8079854 0.5634465 -0.08486014 -0.8217827 0.5498986 -0.02078421 -0.8349728 -0.2844353 0.03767029 -0.9579549 0.02025722 0.007070708 -0.9997698 0.2722087 0.04424617 -0.9612204 0.4583018 0.07790417 -0.8853758 0.52756 0.03120735 -0.8489444 -0.9084016 -0.02537391 -0.417328 -0.8311665 -0.07916271 -0.5503594 -0.654297 -0.07495855 -0.7525135 -0.7298797 -0.09404116 -0.677076 -0.451303 -0.1320309 -0.8825494 -0.6590592 -0.03583513 -0.7512369 -0.5196822 -0.1136037 -0.8467731 -0.3104809 -0.118198 -0.9432024 -0.2010269 -0.1427661 -0.9691264 -0.634573 -0.109828 -0.7650196 -0.4503389 -0.1221495 -0.8844628 -0.1832104 -0.1236599 -0.9752652 -0.06952139 -0.1456176 -0.9868953 0.07492392 -0.1010232 -0.9920588 -0.9348292 0.007934305 -0.3550091 -0.7573216 -0.07548255 -0.6486651 -0.5893206 -0.08885668 -0.802998 -0.2962935 -0.09031138 -0.9508175 -0.06610751 -0.1074881 -0.9920061 0.01650289 -0.1478987 -0.9888648 0.1789357 -0.139624 -0.9739031 0.2526797 -0.03670436 -0.9668535 0.3809417 -0.03970146 -0.9237463 0.4930511 -0.04379901 -0.8688972 0.5218382 -0.09626514 -0.8475954 0.537629 -0.1183104 -0.8348399 0.5343612 -0.09346308 -0.840073 0.5191707 -0.05641049 -0.8528069 0.4872807 -0.03308971 -0.8726183 0.3749615 -0.04564278 -0.9259161 0.4150631 -0.1171646 -0.9022167 0.454307 -0.02949344 -0.8903568 0.4640975 -0.121029 -0.8774768 0.4774469 -0.07066873 -0.8758141 0.5216419 -0.1444205 -0.8408522 0.5284203 -0.1039652 -0.8425931 0.5628178 -0.1642375 -0.8101001 0.571301 -0.184147 -0.7998156 0.3280856 -0.02852195 -0.9442173 0.3477138 -0.04756075 -0.9363936 0.38224 -0.08473792 -0.9201696 0.3005506 -0.007530812 -0.9537362 0.3359801 0.01267865 -0.9417838 0.3917609 0.0288139 -0.9196158 0.4321761 0.02057896 -0.9015544 0.4767087 -0.00503047 -0.8790469 0.5164178 -0.04754125 -0.8550161 0.541812 -0.09436005 -0.8351861 0.3112596 -0.02935383 -0.9498715 0.3174634 -0.03237142 -0.9477178 0.3092783 -0.02806734 -0.9505573 0.3174214 -0.03781395 -0.9475303 0.3308924 -0.04269192 -0.9427023 0.3044935 -0.03002068 -0.9520412 0.2993505 -0.02474369 -0.9538223 0.2771971 -0.01981319 -0.9606088 0.2508018 -0.002167317 -0.968036 0.3241675 0.04411943 -0.9449703 0.3829138 0.06616261 -0.9214117 0.4117256 0.06397299 -0.9090597 0.4401641 0.04206248 -0.8969316 0.466833 0.006299879 -0.8843231 0.2936063 -0.02252418 -0.955661 0.2709203 -0.0213824 -0.9623643 0.2629559 -0.01451996 -0.9646986 0.2163955 -0.03472134 -0.9756882 0.188059 -0.02559706 -0.9818241 0.09543983 -0.07494447 -0.99261 0.0210613 -0.05312463 -0.9983658 0.1892119 -0.05444688 -0.9804256 -0.1105612 -0.1324525 -0.9850038 -0.260147 -0.09395164 -0.9609873 0.06228865 -0.07358074 -0.9953422 0.2545828 -0.008324403 -0.9670152 0.165788 -0.01127025 -0.986097 -0.04060774 -0.02350141 -0.9988987 -0.3659118 -0.04204328 -0.9296994 -0.6113243 -0.04318454 -0.790201 -0.7208691 -0.02562211 -0.6925974 0.05904567 0.02728413 -0.9978824 0.4615361 0.01084727 -0.8870551 0.4237358 -0.09303603 -0.9009952 0.6966464 -0.1770733 -0.6952185 0.8725965 -0.2346906 -0.428364 0.938584 -0.24667 -0.2412757 0.9661495 -0.2339954 -0.1086335 0.9391431 -0.3424705 0.026912 0.2238474 -0.04022102 -0.9737939 0.9236249 -0.3660088 0.1138185 0.9250551 -0.3671571 -0.09730746 0.8458897 -0.3306069 -0.4185327 0.7260285 -0.2739246 -0.6307519 0.4918906 -0.1719795 -0.8535026 0.2305643 -0.06501261 -0.9708828 0.09748988 -0.01546244 -0.9951164 0.05466172 -0.01269389 -0.9984242 0.05752444 -0.02762131 -0.9979619 0.07779522 -0.03462226 -0.996368 -6.199831e-15 1 -2.884476e-15 -6.112026e-15 1 -2.741036e-15 -4.510536e-15 1 4.390427e-15 -4.806948e-15 1 6.305041e-15 -6.906728e-15 1 -2.455316e-15 -6.746514e-15 1 -3.884339e-15 -2.596871e-15 1 2.946511e-15 -2.472971e-15 1 3.21629e-15 -3.602628e-15 1 4.202876e-16 -3.022872e-15 1 2.548312e-15 -9.148975e-16 1 -3.044813e-15 -1.486342e-15 1 1.333483e-14 -1.997844e-15 1 1.281671e-14 -4.119796e-15 1 4.441025e-15 -1.9287e-15 1 -1.735378e-15 -3.309885e-15 1 7.725608e-16 -3.450397e-15 1 1.29286e-15 -3.049431e-15 1 -3.584152e-15 -3.316248e-15 1 2.779927e-15 -3.007952e-15 1 7.846372e-15 -0.1388325 -0.03656171 0.9896407 -0.1379564 -0.04677857 0.989333 -0.1701353 -0.03268053 0.9848787 -0.1546909 -0.1280458 0.97963 -0.1492283 -0.09822105 0.9839124 0.1206995 -0.1087743 0.9867116 0.8072085 -0.150654 0.5707169 0.8008997 -0.138211 0.5826298 0.7213273 -0.1340434 0.6794993 0.740525 -0.09124382 0.6658057 0.1156211 0.1552523 0.9810854 0.3659374 0.2064151 0.9074594 0.2723736 0.3396781 0.9002396 0.6746832 0.03496441 0.7372789 0.6490129 0.0999877 0.7541782 0.560164 0.01226583 0.8282909 0.6003072 0.1370861 0.7879331 -0.6785996 -0.1162844 0.7252452 -0.6834742 -0.1268839 0.7188627 -0.6703054 -0.1678459 0.7228543 -0.669909 -0.1588799 0.7252442 -0.6677844 -0.1332751 0.7323262 -0.661171 -0.1642623 0.732032 -0.6513967 -0.1027339 0.75175 -0.6624455 -0.09752472 0.7427347 -0.6508528 -0.00965738 0.7591425 -0.383382 0.01262215 0.9235036 -0.5542663 -0.1108127 0.82493 -0.6165852 -0.1334249 0.7758998 -0.5379798 -0.04831207 0.8415722 -0.4383222 0.05524385 0.8971186 -0.2314122 0.1523933 0.9608458 0.7962674 -0.3335402 0.5046872 0.8920046 -0.3604735 0.2727393 0.7639687 -0.2918296 0.5754888 0.7783181 -0.2410435 0.5797578 0.6358232 -0.2070443 0.7435466 -0.9518946 0.1114144 0.2854532 -0.9492387 0.1079831 0.2954412 -0.9533288 0.1095741 0.2813499 0.606455 0.2819841 0.7434361 0.4493293 0.2709295 0.8512934 0.4435169 0.3213571 0.8366734 -0.8092931 -0.04788365 0.5854501 -0.7696564 -0.114362 0.6281325 -0.7698997 -0.1138034 0.6279357 -0.7625593 -0.1675164 0.6248532 -0.026443 -0.9990667 -0.03415486 -0.7517292 -0.1122937 0.649841 -0.7698317 -0.1138753 0.628006 -0.6791164 -0.1004019 0.7271316 -0.7688347 -0.1123489 0.6295005 -0.7690098 -0.1156313 0.6286917 -0.7670397 -0.1181238 0.6306321 -0.7465389 -0.1251662 0.6534624 -0.104721 0.03559327 0.9938645 -0.1990563 0.03360108 0.9794118 -0.4034503 -0.007701977 0.9149692 -0.2752474 0.02270693 0.9611052 -0.3242424 0.01108887 0.945909 -0.3453747 0.004871358 0.9384522 -0.3542299 0.002049074 0.9351561 -0.3674504 0.00623833 0.9300222 -0.3215518 0.01589341 0.9467586 -0.1694714 0.04682026 0.9844223 -0.3631024 -0.0008732535 0.9317488 -0.3845477 -0.008039515 0.9230701 -0.3397726 0.008459597 0.9404696 -0.04777043 0.1988374 0.9788675 -0.007231413 0.2009165 0.9795817 -0.07532296 0.09823334 0.9923088 0.3369246 0.2505061 0.9075949 0.1516801 0.2961153 0.9430317 0.1991924 0.2619755 0.944294 0.04780495 0.2379777 0.9700934 0.7304854 0.3026828 0.612188 0.713743 0.2823659 0.6409683 0.8329676 0.2495134 0.4938705 0.8290295 0.2699854 0.4897121 0.8205956 0.2408895 0.5182617 0.8630856 0.2007935 0.4634277 0.8691166 0.1955223 0.4543208 0.8356598 0.2517939 0.4881317 0.8349312 0.2549037 0.4877644 0.801336 0.2691319 0.5342552 -0.8789027 -0.04368795 0.4749962 -0.9967366 -0.08058135 0.004781104 -0.9618861 -0.09917856 -0.2548309 -0.9057949 -0.01318459 -0.4235112 -0.9207597 -0.02589478 -0.3892698 -0.9690476 0.005947963 0.2468023 -0.966031 0.07037714 0.2486588 -0.9501899 0.09795875 0.2958772 -0.9742378 0.1524988 0.1661468 -0.9656568 0.1325781 0.2234503 -0.9587589 0.1227471 0.2563484 -0.8228211 0.04075655 -0.5668371 -0.9941875 -0.05626418 0.09179118 -0.9680537 0.01082942 0.250509 -0.9614261 -0.09240897 0.2590759 -0.9617022 -0.0930272 0.2578272 -0.991664 -0.07028848 -0.1079911 -0.8851562 -0.0854072 0.4573884 -0.787036 -0.08146204 0.611505 -0.8090799 -0.08383863 0.5816878 -0.52205 -0.06415066 0.850499 -0.5705241 -0.09923927 0.815263 -0.4595916 -0.0548633 0.8864342 -0.4095299 -0.01675767 0.9121428 -0.4460438 -0.02342146 0.8947046 -0.5489495 -0.055427 0.8340157 -0.2419106 0.02945298 0.9698514 -0.379064 -0.008416684 0.9253322 -0.5282982 -0.04368917 0.8479341 0.8710027 -0.007425892 0.4912221 0.8710888 -0.008348541 0.4910545 0.7666256 -0.01935714 0.6418026 0.9449556 -0.01585254 0.3268143 0.7957376 -0.04563279 0.60392 0.9523021 -0.01435242 0.3048191 0.7136519 -0.06879233 0.6971145 0.7810591 -0.05102973 0.6223686 0.6552867 -0.04533125 0.7540188 0.7812191 -0.04164349 0.6228664 0.7345901 -0.02798256 0.6779339 0.6965951 -0.02239391 0.7171149 0.7410666 -0.0265436 0.6709066 0.8492624 -0.01381438 0.5277903 0.8006699 -0.1522397 0.5794401 0.7356643 -0.07393314 0.6732993 0.7745642 -0.09331129 0.6255743 0.5202222 -0.07271623 0.8509296 0.7131922 -0.1607534 0.6822867 0.529759 -0.2314163 0.8159669 0.3954884 -0.156989 0.9049549 0.4651062 -0.1215606 0.876869 0.1134774 -0.09844344 0.9886515 0.1691172 -0.07954644 0.9823806 0.2050454 -0.05626863 0.9771337 -0.07138768 -0.06247843 0.99549 0.004653394 -0.078749 0.9968836 0.1641781 -0.1234275 0.9786783 0.3469121 -0.1796079 0.9205395 0.5496396 -0.2529937 0.7961724 0.2494495 -0.02678954 0.9680172 0.2312538 -0.04688783 0.9717629 -0.09071851 -0.02785871 0.9954868 -0.1009149 -0.04170131 0.9940207 -0.2516897 -0.02066772 0.9675873 -0.2819453 -0.03754705 0.9586955 -0.04879703 -0.01840683 0.9986391 -0.2201344 -0.00982373 0.9754201 -0.1946418 -0.006189536 0.9808549 -0.03598671 -0.01638571 0.9992179 -0.176029 -0.009167213 0.9843423 -0.03880204 -0.02160913 0.9990132 -0.1617232 -0.01843073 0.986664 -0.04096456 -0.0330811 0.9986128 -0.1481882 -0.03172338 0.9884502 -0.04492096 -0.04841947 0.9978164 -0.1356312 -0.04511545 0.9897317 -0.05777881 -0.06206949 0.996398 -0.1294835 -0.05106839 0.9902656 -0.1100899 -0.055478 0.9923721 0.191819 -0.03363329 0.9808538 -0.2761776 -0.01075137 0.9610465 -0.2631353 0.02161232 0.9645168 -0.2505545 0.02927267 0.9676598 -0.2508249 0.02696093 0.9676569 -0.2423197 0.01854168 0.9700193 -0.2514532 -0.003025492 0.9678647 -0.1994817 -0.005073664 0.9798884 -0.1873014 -0.01561266 0.9821784 -0.1907402 -0.01979782 0.9814409 -0.2060115 -0.008831633 0.9785097 -0.2058099 -0.002436662 0.978589 -0.1993104 -0.0006749978 0.9799362 -0.2336524 0.02184351 0.9720748 -0.2303421 0.01647505 0.9729702 -0.2330586 0.001450403 0.9724616 -0.2215245 0.01290752 0.9750694 -0.2188082 -0.001311723 0.975767 -0.2151302 0.007345285 0.9765577 -0.2106398 0.005163182 0.9775501 -0.2851946 0.09020579 0.9542154 -0.512938 -0.0764835 0.8550116 -0.6219457 -0.1565565 0.7672507 -0.6588419 -0.08518264 0.7474431 -0.6232169 -0.1198117 0.7728168 -0.7334522 -0.09307695 0.6733384 -0.6553922 -0.131379 0.7437745 -0.6612274 -0.07113776 0.7468051 -0.7279946 -0.1498493 0.6690061 -0.6405263 -0.1677831 0.749383 -0.6443898 -0.1605169 0.7476604 -0.7269263 -0.1203117 0.6760941 -0.1661066 0.1168334 0.9791622 -0.5863826 -0.04112936 0.8089894 -0.6366429 -0.09511697 0.7652703 -0.6186544 -0.0364644 0.7848166 -0.6422011 -0.03353703 0.7658022 -0.5921589 -0.02492807 0.8054356 -0.6197756 0.01178388 0.7846906 -0.5407421 -0.03954074 0.8402586 -0.5820335 0.01493311 0.8130277 -0.4800017 -0.06361781 0.8749578 -0.5358732 0.002129519 0.8442958 -0.4784679 -0.06070868 0.8760039 -0.6268015 0.05554256 0.7771968 -0.5882676 0.0766672 0.8050238 -0.6862988 -0.137555 0.7141936 -0.6794106 -0.1638201 0.7152372 -0.6688314 -0.1681555 0.7241466 -0.7528726 -0.09684936 0.6510015 -0.6648931 -0.09907676 0.7403384 -0.5857859 0.1838441 0.7893391 -0.613211 0.126532 0.7797191 -0.643696 0.06349481 0.7626427 -0.6609532 -0.002304086 0.7504236 -0.6677942 -0.06741979 0.7412864 -0.5482127 0.06026062 0.8341651 -0.523747 0.1413814 0.8400597 -0.5011165 0.01173106 0.8653003 -0.4984024 0.1375233 0.8559687 -0.4999269 0.1102362 0.8590233 -0.3844877 0.003505829 0.9231234 -0.3758778 0.02306306 0.9263822 -0.3489864 0.008308557 0.9370909 -0.3178672 0.03095754 0.9476297 -0.3154783 -0.01993781 0.9487233 -0.3622005 -0.0423985 0.9311354 -0.4399657 -0.04317149 0.8969763 -0.4477494 -0.004747777 0.8941465 -0.4742669 0.05800356 0.8784683 -0.4486929 0.0403476 0.8927748 -0.4101919 0.01419517 0.9118887 -0.37574 0.02809859 0.926299 -0.5668473 0.172742 0.8055087 -0.5440489 0.1837638 0.8186829 -0.544824 0.176383 0.8197901 -0.2769763 -0.006101358 0.9608574 -0.3061245 -0.03009586 0.9515157 -0.3357532 -0.05987143 0.9400453 -0.3658266 -0.09066396 0.9262564 -0.404317 -0.1105715 0.9079106 -0.430184 -0.1044533 0.8966779 0.8111501 0.3661208 0.4560603 0.8141802 0.3525782 0.4613017 0.7252767 0.3719736 0.579318 0.8389461 0.3220243 0.4387138 0.846349 0.3153183 0.4292642 0.4834092 0.3880129 0.7847047 0.5285018 0.3997962 0.7488985 0.698908 0.3931809 0.5974415 0.7556908 0.3855381 0.529426 0.7206596 0.3821239 0.5784731 0.7074155 0.3796117 0.5962032 0.7704338 0.3901049 0.504232 0.7803076 0.3823918 0.4948703 0.8200051 0.3731691 0.4339776 0.2281001 0.3740317 0.8989275 0.3397527 0.399372 0.8515105 0.4983761 0.3475498 0.7942483 0.6510064 0.3529094 0.6720459 0.7170538 0.3633928 0.5947937 0.6179113 0.3059399 0.7242834 0.5717454 0.234614 0.7861701 0.6485536 0.2708394 0.7113538 0.6536174 0.203768 0.7288778 0.0699334 0.009370383 0.9975077 -0.1589738 -0.02920857 0.9868506 -0.1336309 -0.108375 0.9850876 0.005803901 0.2461364 0.9692178 0.001687431 0.2626078 0.9649012 0.01770426 0.2895374 0.9570029 0.002540354 0.3013841 0.9534994 0.08183344 0.3698793 0.9254688 0.001274025 0.3638838 0.9314435 0.1731594 0.3972655 0.9012191 -0.006945283 0.3635499 0.9315489 -0.03132509 0.2708038 0.9621247 -0.1226988 0.09810281 0.9875833 0.8442423 -0.1591332 0.5117925 0.7680369 -0.1680778 0.6179556 0.6088948 -0.1490253 0.7791268 0.8516346 -0.09680142 0.5151193 0.876379 -0.1160919 0.4674212 0.7412443 -0.09443719 0.6645589 0.8605852 -0.1148294 0.4961928 0.8001184 -0.140071 0.5832586 0.8447191 -0.1541578 0.512528 0.4794943 -0.08866196 0.8730546 0.5453864 -0.04889966 0.8367571 0.5306276 -0.02970077 0.8470845 0.4180573 -0.04023675 0.9075291 0.8963638 -0.04368853 0.4411612 0.9116858 -0.05864929 0.4066807 0.860377 -0.07966539 0.5033934 0.8337546 -0.2384988 0.4979674 0.1459959 -0.1317927 0.9804672 0.1585253 -0.1390207 0.9775188 -0.1459048 -0.1412225 0.979167 0.1853765 -0.1150233 0.9759125 0.2365819 -0.05523787 0.9700401 0.3405075 0.06807844 0.937774 -0.001869668 0.2503427 0.9681555 -0.01500544 0.2814261 0.9594656 -0.1076534 0.2980784 0.9484514 -0.2414685 0.2357572 0.9413349 -0.3649193 0.1185812 0.9234567 -0.4254446 0.01757045 0.9048139 -0.4277706 -0.0482278 0.9025998 -0.3984931 -0.0934091 0.9124023 -0.362578 -0.1213243 0.9240225 -0.3044451 -0.09706463 0.9475714 -0.3137496 -0.1214948 0.9417007 -0.3358716 -0.1323588 0.9325618 0.5500497 -0.06322522 0.8327352 0.5857576 -0.09039376 0.8054297 0.4936551 -0.1342078 0.8592397 0.3884031 -0.1216945 0.9134186 0.1775149 -0.07811067 0.9810133 -0.1302071 -0.06800566 0.9891518 -0.3000999 -0.06685542 0.9515621 0.6907254 -0.0387036 0.7220807 -0.1252221 -0.01130228 0.9920644 -0.15351 -0.03097079 0.9876616 -0.1801526 -0.01621522 0.983505 -0.3178653 0.03090623 0.947632 -0.2985738 0.01906661 0.9541961 -0.2774387 0.03185501 0.9602151 -0.2774529 0.03088071 0.9602428 0 -1 0 0 -1 0 0 -1 0 0 -1 0 0 -1 0 1.498572e-15 -1 -5.059737e-15 2.955598e-14 -1 -1.018539e-13 6.902347e-14 -1 -5.445168e-13 6.965001e-14 -1 -5.517979e-13 0 -1 0 0 -1 0 0 -1 0 0 -1 0 0 -1 0 0 -1 0 0 -1 0 0 -1 0 0 -1 0 0 -1 0 0 -1 0 0 -1 0 0 -1 0 0 -1 0 0 -1 0 0 -1 0 0 -1 0 0.4582285 0 -0.8888344 0.4879089 0 -0.8728946 0.4879089 0 -0.8728946 0.5170355 0 -0.855964 7.946364e-14 -1 -4.080565e-14 7.194245e-14 -1 -3.694342e-14 8.778463e-15 -1 -4.507859e-15 0 -1 0 0.6752157 0.00242669 -0.7376163 0.6992165 0.0006102932 -0.7149097 0.697611 0.0007336558 -0.7164764 0.7208911 -0.001082809 -0.6930475 0.8624001 0.000757504 -0.5062268 0.8697994 0.0008862151 -0.4934048 0.8695793 0.0008164757 -0.4937926 0.8644987 0.01156243 -0.5025021 0.8661648 0.0008521202 -0.4997577 0.8671012 0.001026519 -0.498131 0.8687018 0.000609444 -0.495335 0.8494042 -0.002176791 -0.5277383 0.8498485 -0.001637742 -0.5270246 0.8528565 -0.001336346 -0.5221436 0.8505915 -0.0009752306 -0.5258261 0.8517455 -0.0007860235 -0.5239551 0.8570434 -0.0005175055 -0.515244 0.8540531 -0.0003285027 -0.5201858 0.851214 -0.006363076 -0.5247801 0.8583936 0.0007312884 -0.5129911 0.8554504 0.0008910915 -0.5178839 0.849936 -0.001952502 -0.5268823 0.8493244 -0.002174103 -0.5278667 0.8619436 0.007464221 -0.5069492 0.8618191 0.00047058 -0.5072156 0.8647366 5.128532e-05 -0.5022256 0 -1 0 1.073411e-14 -1 -1.162862e-14 1.162444e-13 -1 -1.259315e-13 1.283238e-13 -1 -1.390174e-13 -0.4306868 -0.002488844 0.902498 -0.4494494 -0.003290338 0.8932997 -0.4485553 -0.003251986 0.8937492 -0.4671255 -0.004051884 0.8841818 -4.688926e-15 1 8.47751e-15 -6.891724e-15 1 7.595628e-15 -4.092289e-15 1 5.72491e-15 -4.165543e-15 1 1.809573e-15 -7.143134e-15 1 -1.441629e-14 -1.04634e-14 1 -5.104226e-14 3.773006e-16 1 1.154061e-14 0 1 0 -1.198286e-14 1 1.052734e-14 -5.844626e-15 1 5.577677e-15 0 1 0 0.09352992 0.9808667 -0.1707417 0.05031618 0.9796035 -0.1945385 0.07896848 0.9503782 -0.3009075 0.1388969 0.9711615 -0.1937859 0.1598275 0.9748927 -0.1550464 0.1641445 0.929461 -0.3303919 0.2634181 0.909183 -0.3224858 0.3086317 0.7295906 -0.6102819 0.2984141 0.885763 -0.3554897 0.459308 0.7424244 -0.4876907 0.4635023 0.3581816 -0.8104761 0.726736 0.4082906 -0.552407 0.2456348 -0.378528 -0.8924013 0.5133812 0.1951645 -0.8356737 0.6657363 -0.2874866 -0.6885831 0.7715374 0.3367942 -0.5397219 0.7996158 0.0589659 -0.5976099 0.7975514 0.1214517 -0.5908987 0.7865999 0.2381401 -0.5696928 0.1353987 0.8481602 -0.5121439 0.1811165 0.7060792 -0.6845794 0.2179944 0.5223948 -0.8243677 0.2062592 0.293678 -0.9333865 0.1643669 0.1924759 -0.9674381 -3.373834e-15 0.9808459 -0.1947852 -3.373834e-15 0.9808459 -0.1947852 -3.334111e-15 0.9468104 -0.321792 -3.334111e-15 0.9468104 -0.321792 -3.128017e-15 0.8488538 -0.5286277 -3.128017e-15 0.8488538 -0.5286277 -2.760007e-15 0.7071356 -0.707078 -2.760007e-15 0.7071356 -0.707078 -2.246428e-15 0.5279391 -0.8492822 -1.986135e-15 0.5279391 -0.8492822 -1.329043e-15 0.3211518 -0.9470277 -1.067793e-15 0.3211518 -0.9470277 -6.487846e-16 0.1951298 -0.9807774 -6.487846e-16 0.1951298 -0.9807774 -0.6581576 -0.03862701 -0.7518887 -0.4157285 0.1951145 -0.8883131 -0.3928756 0.3910827 -0.8322879 -0.7673083 0.1536692 -0.6225943 -0.7642796 0.08064766 -0.6398224 -0.4059861 0.7639762 -0.5015134 -0.5026583 0.6072288 -0.6153111 -0.6902057 0.3314042 -0.643263 -0.7690502 0.271276 -0.5787668 -0.08033728 0.981403 -0.1743391 -0.07909785 0.9897281 -0.1190872 -0.2145607 0.9294725 -0.3000742 -0.1525912 0.933412 -0.3247429 -0.04571735 0.9798203 -0.194582 -0.07131832 0.9501443 -0.3035449 -0.2105389 0.3234837 -0.9225138 -0.189439 0.5214842 -0.8319658 -0.2976914 0.7197299 -0.6271911 -0.1582645 0.7090737 -0.687144 -0.1185423 0.8482801 -0.5161091 -0.2245476 0.1901468 -0.9557314 -0.2789588 0.01909749 -0.9601131 -0.2866723 0.03095084 -0.9575286 -0.2918477 0.03000978 -0.9559939 -0.2873265 0.02085557 -0.9576056 -0.2992187 0.03048829 -0.9536973 -0.3044935 0.03002068 -0.9520412 -0.3087507 0.03230561 -0.9505942 -0.3001965 0.02535137 -0.9535404 -0.3108802 0.02583476 -0.9500979 -0.3151385 0.03487997 -0.9484045 -0.3308924 0.04269192 -0.9427023 0.5849331 0.05765285 -0.8090299 0.4208945 0.1187082 -0.8993087 0.1808566 0.1018152 -0.9782252 -0.4016931 -0.2464958 -0.8819765 -0.482484 -0.1855714 -0.8560213 -0.4913217 -0.1990783 -0.8479215 -0.8403787 0.05659607 0.5390367 -0.2356935 0.06092377 0.9699159 0.02848552 0.03573135 0.9989554 0.7508795 0.003070855 0.6604321 0.7812625 0.0006904732 0.6242022 0.3768334 0.02699965 0.9258875 0.6740884 0.008900623 0.738597 0.4669246 0.0219709 0.8840241 0.357915 0.0284494 0.9333207 -0.5054443 0.08197605 0.8589564 -0.8293726 0.0814701 0.5527239 -0.7190103 -0.01398886 0.6948586 -0.3976169 0.07338673 0.9146121 -0.004637176 0.04987498 0.9987447 -0.7388777 0.09358523 0.6673092 -0.5619164 0.08893729 0.822399 -0.7408519 0.1005717 0.6640962 -0.975767 0.113207 -0.1872507 -0.985189 0.1229405 -0.1195336 -0.9927551 0.120067 -0.00460098 -0.7629057 0.00560313 -0.6464855 -0.6381708 -0.01827817 -0.7696778 -0.7840218 0.01750219 -0.6204865 -0.3976759 -0.031057 -0.9170002 -0.3056952 -0.166805 -0.9374042 -0.5336887 -0.166971 -0.8290338 -0.5757932 -0.1166162 -0.809236 -0.2994244 -0.1340754 -0.9446527 -0.03279941 -0.1381611 -0.9898665 -0.08411326 -0.1593852 -0.9836266 -0.1457135 -0.1053558 -0.983701 -0.1688245 -0.1273359 -0.9773862 -0.1803093 -0.1135122 -0.9770382 -0.7128499 -0.0484984 -0.6996377 -0.4512785 -0.0558767 -0.8906321 -0.3320456 -0.07571885 -0.9402193 -0.9562243 -0.2131981 -0.2004535 -0.9439234 -0.1857668 -0.2729456 -0.9689654 -0.2471613 0.004161571 -0.8277314 -0.1572632 -0.5386362 -0.7484587 -0.113585 -0.653382 -0.8109752 -0.1431276 -0.567304 -0.5928875 -0.1394675 -0.7931161 -0.9470882 -0.1207719 -0.2973853 -0.9743703 -0.1922167 -0.1168556 -0.9738527 -0.2032588 -0.1014732 -0.9422353 -0.1037788 -0.3184693 -0.8611055 0.009835213 -0.5083312 -0.7471694 0.1096908 -0.6555195 -0.8968744 -0.01556514 -0.4420114 -0.9703544 -0.2325203 -0.06592877 -0.963497 -0.2669046 0.02086892 -0.9349426 -0.3151938 0.1628963 -0.8190682 0.03053257 -0.5728832 -0.8978246 -0.05474787 -0.4369368 -0.9627675 -0.1659357 -0.2134108 -0.8266905 -0.0005258041 -0.5626566 -0.784871 0.03525626 -0.6186554 -0.9479288 -0.08853932 -0.3059277 -0.6465037 0.1545534 -0.7470918 -0.780605 0.09085135 -0.6183866 -0.7346633 0.1202848 -0.6676836 -0.8530314 0.02895512 -0.5210557 -0.8419577 0.02147483 -0.539116 -0.8951851 -0.01859394 -0.4453066 -0.8920721 -0.01416804 -0.4516709 -0.9451907 -0.08838826 -0.3143279 -0.8173532 0.0538326 -0.5736164 -0.476556 0.2490341 -0.8431349 -0.367026 0.2927152 -0.8829551 -0.5996452 0.1880666 -0.7778538 -0.7347815 0.01765068 -0.6780742 -0.5495594 0.117704 -0.8271217 -0.4289948 0.2353725 -0.8721028 0.4685033 0.09717008 -0.8781017 0.2399136 0.1139087 -0.9640883 0.2536948 0.0452198 -0.9662268 -0.4163633 -0.05532625 -0.9075134 -0.4316999 -0.01646653 -0.901867 -0.3436436 -0.05680654 -0.9373805 -0.3480641 -0.01065534 -0.9374102 -0.3061861 0.1579574 -0.9387755 -0.4330688 0.08926475 -0.8969299 -0.280648 0.1703482 -0.944573 -0.9910635 0.0742885 -0.1107896 -0.9936486 0.07832764 0.08079083 -0.9925611 0.1079275 -0.05633964 -0.6963156 0.03983388 0.7166295 -0.8381041 0.05206216 0.5430202 -0.8809613 0.05364321 0.4701379 -0.8297514 0.02491378 0.5575768 -0.9327512 0.02141167 0.3598843 -0.9386231 0.03228633 0.3434301 -0.5531547 0.0169168 0.8329068 -0.4540715 0.01704286 0.8908022 -0.5903196 0.01561818 0.8070185 -0.4541646 0.01667077 0.8907618 -0.7430664 0.01173503 0.6691147 -0.7156397 0.01294946 0.6983496 -0.8879146 0.007826702 0.4599418 0.02662145 0.02022752 0.9994409 0.1546925 0.02303066 0.9876942 0.1382723 0.02208004 0.9901481 -0.9347044 0.02166511 -0.3547652 -0.9679793 0.0093199 -0.2508569 -0.9997494 0.01314575 -0.01811878 -0.6792366 0.04707545 0.7324081 -0.8267089 0.03589264 0.5614838 0.5255934 0.02272246 0.8504324 0.2359344 0.03084104 0.9712795 -0.8464946 0.02943026 0.5315833 -0.6741559 0.04214231 0.7373858 -0.09508313 0.002117055 -0.9954671 -0.1009438 0.01486626 -0.9947811 -0.1436219 0.001682083 -0.9896312 -0.2547392 0.005557969 -0.9669938 -0.2554746 0.02058017 -0.9665967 -0.2661666 0.0237613 -0.9636341 -0.281465 0.02717987 -0.9591865 0.9093308 0.04108562 -0.4140404 0.8962346 0.02791723 -0.442701 0.8417545 0.05645252 -0.5369009 -0.9663174 -0.04707335 -0.2530114 -0.9666308 -0.04731334 -0.2517664 -0.9346075 -0.007036201 -0.3556112 0.8889732 -0.1263012 -0.4401984 0.819551 -0.177757 -0.5447372 0.8773357 -0.170955 -0.4483931 0.8619993 -0.07298796 -0.5016272 0.9515022 -0.0124589 -0.3073895 0.9621767 0.001089379 -0.272424 0.9822589 -0.03121816 -0.1849133 0.9819573 -0.03107849 -0.1865313 0.9798705 -0.03002518 -0.1973636 0.9784608 -0.02870458 -0.2044275 0.97608 -0.02471557 -0.2160023 0.9688202 0.006948968 -0.2476674 0.9484415 0.1205621 -0.2931271 0.9295023 0.04560689 -0.3659857 0.7865984 0.003849817 -0.6174529 0.8339629 0.001067545 -0.5518194 0.8488834 0.006748084 -0.5285371 0.8287051 -0.0001397331 -0.5596854 0.8286949 -0.0001108835 -0.5597005 0.8262041 0.004261666 -0.5633548 0.8283626 0.0007350101 -0.5601918 0.813395 0.01333797 -0.5815588 0.8212246 0.003681387 -0.5705932 0.8257326 0.003860958 -0.5640486 0.8275817 0.002292309 -0.5613406 0.7646473 0.002250571 -0.644445 0.8516601 -0.06558056 -0.5199752 0.8555192 -0.06634478 -0.5135029 0.6386041 -0.0764361 -0.76573 0.8432675 -0.06332566 -0.5337507 0.8422468 -0.2168656 -0.493548 0.7298583 -0.259126 -0.6325825 0.9029692 -0.1982376 -0.381246 0.9047862 -0.1912195 -0.380522 0.9028768 -0.2046287 -0.3780749 0.9046995 -0.1945073 -0.3790589 0.9039877 -0.2039408 -0.375785 0.9111109 -0.1894538 -0.3660384 0.9144297 -0.1803617 -0.3623368 0.9114638 -0.1517261 -0.3823779 -0.9510626 -0.1148333 -0.2868681 -0.9400873 -0.140981 -0.3104194 -0.9288069 -0.08533659 -0.3606042 -0.9310827 -0.1112986 -0.3474156 -0.9182948 -0.09287352 -0.3848495 -0.9149558 -0.08958642 -0.3934846 -0.9681393 -0.05358459 -0.2446121 -0.9734188 -0.05092896 -0.2232984 -0.9284011 -0.03632778 -0.3697995 -0.9740678 -0.05029432 -0.2205957 -0.9691156 -0.08184466 -0.2326293 -0.9145593 0.001021061 -0.4044506 -0.9442447 -0.01746213 -0.3287812 -0.8532294 0.01071788 -0.5214256 -0.9570779 -0.03760532 -0.2873809 -0.963404 -0.04459407 -0.264318 -0.7054788 0.04332607 -0.7074055 -0.754759 0.02909867 -0.6553565 -0.5325347 0.1188773 -0.8380185 -0.7686312 0.02884326 -0.6390416 -0.6984593 0.03786013 -0.7146477 -0.7668429 0.04086579 -0.6405326 -0.7576388 0.02239325 -0.6522899 -0.7780833 0.02506188 -0.6276609 -0.8420776 0.0174047 -0.5390755 -0.8586923 0.009556523 -0.5124024 -0.7439774 0.08305408 -0.6630231 -0.688645 0.09560507 -0.7187682 -0.5192206 0.1961055 -0.8318369 -0.5643999 0.09793112 -0.819672 -0.4887369 0.112487 -0.8651491 -0.4106583 0.1881333 -0.8921691 0.1930305 0.2783229 -0.9408908 -0.2523493 0.1992715 -0.9468953 -0.198456 0.2827981 -0.9384245 -0.319005 0.1925539 -0.9279864 -0.6999334 0.06052004 -0.7116394 -0.4521804 0.2170225 -0.8651209 -0.3978456 0.1419282 -0.9064079 -0.1531148 0.2030121 -0.9671308 0.004420808 0.2371781 -0.9714561 -0.2715826 0.01315973 -0.9623252 -0.2756057 0.02597322 -0.9609198 -0.1305348 -0.03978825 -0.990645 -0.1498599 -0.01195107 -0.988635 -0.1765494 -0.01176394 -0.9842215 -0.05641921 0.02045737 -0.9981976 -0.05774329 0.021938 -0.9980904 -0.06179557 0.01822838 -0.9979224 -0.1009214 0.01536496 -0.9947757 -0.07968368 0.01228679 -0.9967445 -0.06690368 0.004598824 -0.9977488 -0.1586449 -0.0359163 -0.9866822 -0.215667 -0.007395146 -0.976439 -0.1141141 -0.04850785 -0.9922827 -0.2172704 -0.02029542 -0.9759004 -0.2252706 -0.01494962 -0.9741815 -0.2643172 0.01005396 -0.9643834 -0.2463258 0.001302386 -0.9691862 -0.2377516 -0.006035619 -0.9713072 -0.1480051 -0.005810991 -0.9889695 -0.1328499 -0.02570168 -0.9908029 0.07931133 -0.01409246 -0.9967503 0.09668711 -0.05643646 -0.9937135 0.4149895 -0.02050551 -0.9095951 0.4149692 -0.08612314 -0.9057502 0.0806284 -0.09205453 -0.9924843 0.3149087 -0.1239838 -0.9409891 -0.2431701 -0.001032672 -0.9699831 -0.1933045 -0.02969029 -0.9806895 -0.101604 -0.0619948 -0.9928914 0.06549763 -0.1073341 -0.9920632 0.2138496 -0.1185358 -0.9696482 -0.1291204 -0.01127671 -0.9915648 -0.1013626 -0.02786433 -0.9944592 -0.05528443 -0.04093103 -0.9976313 -0.09096336 -0.05981233 -0.9940564 -0.06290165 0.0009462148 -0.9980193 -0.05958687 0.02337583 -0.9979494 -0.08004974 0.002974374 -0.9967864 -0.07918825 0.02396017 -0.9965717 -0.09161367 0.0258292 -0.9954596 -0.1061889 -0.003239873 -0.9943407 -0.09036131 0.01799011 -0.9957465 0.7534055 -0.05617694 -0.6551522 0.6338805 -0.04938231 -0.7718529 0.4634289 -0.05779992 -0.884247 0.2080799 -0.03694053 -0.977414 0.08411399 -0.02396622 -0.9961679 0.715382 0.007371485 -0.6986947 0.6140173 -0.007733663 -0.7892547 0.5945292 -0.02949368 -0.8035329 0.6013689 -0.02991018 -0.7984114 0.3531253 -0.04103554 -0.9346757 0.4779078 -0.1331072 -0.8682664 0.6454986 -0.09552388 -0.7577643 0.7433851 -0.07608884 -0.6645217 0.4982024 -0.1022145 -0.8610148 0.4343006 -0.06919664 -0.8981062 0.1238809 -0.03396621 -0.9917156 -0.04139328 -0.004795412 -0.9991314 0.5683984 -0.07894868 -0.8189569 0.2831338 -0.04684761 -0.9579356 -0.2838453 0.007913907 -0.9588374 -0.105802 -0.004800059 -0.9943756 -0.3617831 0.000316356 -0.9322622 -0.08470291 -0.01687108 -0.9962634 -0.6540238 0.02780698 -0.7559628 -0.4628454 0.01810911 -0.886254 -0.79414 0.02238454 -0.6073225 -0.6030449 0.01382975 -0.7975874 -0.8928851 0.004455247 -0.4502626 -0.7424845 -0.000514001 -0.669863 -0.9223833 -0.01138415 -0.3861081 -0.9193461 -0.001901147 -0.3934452 -0.9913531 0.0227852 0.1292276 -0.9981686 0.01830664 -0.05765611 -0.931727 0.02673012 0.3621744 -0.8488751 0.02415875 0.528041 -0.873745 0.02327677 0.4858269 0.2563586 0.02667088 0.9662137 0.253299 0.02648975 0.9670253 -0.01597213 0.03785025 0.9991558 0.2179559 0.03597502 0.9752954 0.2810205 0.02955446 0.9592466 -0.5439371 0.04280713 0.8380334 0.2433706 0.02826195 0.9695215 0.4164849 0.02637818 0.9087599 0.4024374 0.02662721 0.9150602 0.01870555 0.03055354 0.9993581 -0.856932 0.02609956 0.5147682 0.8661546 0.005950765 0.4997407 -0.2385177 0.03155547 0.9706254 -0.9259789 0.02372444 0.3768293 -0.9392646 0.01960887 0.3426331 0.02154242 0.03267153 0.999234 -0.1505997 0.03174939 0.9880849 -0.05671259 0.02990348 0.9979426 -0.9471859 0.01599514 0.3202859 -0.9438623 0.01457087 0.3300178 0.2976683 0.02978356 0.9542046 -0.897778 0.02897992 0.4394938 -0.5736859 0.02491685 0.8186963 0.753655 0.0134129 0.6571333 -0.8552594 0.01760713 0.517901 0.1503844 0.03307657 0.9880741 -0.9419168 0.0104071 0.335685 -0.9154591 0.00995353 0.402288 -0.1852644 0.02697814 0.9823183 -0.1723889 0.02557323 0.9846969 -0.1526131 0.02809388 0.9878866 -0.2195141 0.02527499 0.9752819 -0.222632 0.02801666 0.9744999 0.004275759 0.02612168 0.9996496 0.01985391 0.02838723 0.9993998 0.1990656 0.02580945 0.9796462 0.2304378 0.02715072 0.9727082 0.322185 0.02483585 0.9463509 0.2654794 0.02683769 0.9637429 -0.8667583 0.009205967 0.4986435 -0.2026755 0.02254751 0.9789863 -0.228158 0.02235106 0.9733675 -0.0231361 0.02359957 0.9994537 0.1564141 0.02389597 0.9874025 0.3551123 0.0233927 0.9345309 -0.09706326 0.03557821 0.9946421 0.2203928 0.02720642 0.9750317 -0.2078206 0.01604586 -0.9780353 0.8524909 -0.02138662 -0.5223043 0.6638358 -0.02449012 -0.7474773 -0.4566066 0.02731355 -0.8892494 -0.86431 0.0331767 -0.501864 -0.9810744 0.02051152 -0.1925418 -0.9551527 0.02673743 -0.2949042 -0.999045 0.03082538 -0.03096723 -0.9856971 0.03375513 0.1651117 -0.9401554 0.03544996 0.3388969 -0.77593 0.02945438 0.630131 -0.7437885 0.03505174 0.6674953 -0.861987 0.03599148 0.5056511 -0.870202 0.04216761 0.4908874 -0.9544762 0.04265552 0.2952215 -0.7074722 0.0299499 0.7061063 -0.5538554 0.03042311 0.8320569 -0.5731759 0.03255073 0.8187856 -0.7604362 0.0407104 0.6481353 -0.135417 0.02629675 0.9904397 0.07660196 0.02370676 0.9967799 -0.02725903 0.02228184 0.99938 -0.302858 0.01917691 0.9528427 -0.4405983 0.01752681 0.8975332 -0.3371345 0.01786537 0.941287 -0.5152198 0.01578794 0.8569126 -0.4690458 0.01646399 0.8830204 -0.7861961 0.01238151 0.617853 -0.8586873 0.008511621 0.5124293 -0.3474197 0.01811123 0.9375348 -0.2848014 0.01931671 0.9583919 0.08296804 0.02125047 0.9963256 0.006578697 0.02091501 0.9997596 -0.131323 0.02039457 0.9911298 -0.4419672 0.01860729 0.8968382 -0.9162402 0.008561299 0.4005378 -0.8152459 0.01470552 0.5789282 -0.5277287 0.01690628 0.8492447 -0.7868036 0.01926361 0.6169028 -0.6154854 0.02042645 0.7878835 -0.5990563 0.01881346 0.8004859 -0.7076205 0.01815842 0.7063593 -0.7272905 0.01612146 0.6861403 -0.5439845 0.01789985 0.8389043 -0.930214 0.01649167 0.3666468 -0.948382 0.004516372 0.317098 -0.9572542 0.006533114 0.2891743 -0.4678585 0.02104292 0.8835528 -0.2926649 0.02038385 0.9559978 -0.3314536 0.01916967 0.9432768 -0.1560273 0.01929092 0.9875644 -0.2053675 0.01909043 0.9784987 -0.04657706 0.01951661 0.998724 -0.3549198 0.02665336 0.9345167 -0.3533421 0.02586527 0.9351366 -0.2388099 0.02351706 0.9707815 -0.2116399 0.0238406 0.9770569 -0.1162901 0.02449105 0.9929133 -0.6598543 0.03543856 0.7505574 -0.3653879 0.02947596 0.9303886 -0.3182833 0.02836106 0.9475713 -0.9649649 0.0429926 -0.2588326 -0.9973915 0.03948946 -0.06042227 -0.9929779 0.04190633 0.1106291 -0.8455958 0.0381666 -0.5324576 -0.922449 0.03213651 -0.3847792 -0.9709883 0.03555676 -0.2364689 -0.8760316 0.02834391 0.4814201 -0.7635697 0.034764 0.644789 -0.4958149 0.03367354 0.8677751 -0.8213434 0.04545175 0.5686203 -0.9353232 0.04878187 0.3504151 -0.993297 0.04893305 0.1047216 -0.9965277 0.05108057 -0.06575231 -0.9839966 0.05381378 0.1698668 -0.9893689 0.05572101 -0.1343293 -0.9758549 0.05614487 0.2110807 -0.9744438 0.05440694 0.2179432 -0.9958708 0.05633408 0.07118849 -0.977673 0.05303572 -0.2033293 -0.9353652 0.05286228 0.3497105 -0.8916744 0.04705944 0.4502246 -0.8987118 0.04789632 0.4359163 -0.6984146 0.03856396 0.7146537 -0.8032976 0.03658027 0.5944535 -0.8235797 0.04081687 0.56573 -0.8880779 0.0478349 -0.4571974 -0.9426215 0.04408444 -0.3309401 -0.4844084 0.02619185 0.8744498 -0.5105642 0.02894999 0.8593522 -0.5203359 0.03181873 0.8533687 -0.5905136 0.03337117 0.8063374 -0.7026792 0.03826882 0.710477 -0.5626421 0.02509356 0.8263197 -0.1939426 0.01999828 0.980809 -0.05721525 0.01949932 0.9981714 0.04350771 0.01957667 0.9988613 -0.6968138 0.0253005 0.7168057 -0.8527566 0.02106801 0.5218834 -0.6339646 0.02224924 0.7730419 -0.5223451 0.03152863 0.8521511 -0.1937746 0.02124805 0.9808159 -0.6191151 0.02648152 0.7848536 -0.5650978 0.03464664 0.8242961 -0.741183 0.04305647 0.6699209 -0.7611118 0.04107145 0.647319 -0.8624474 0.04646064 0.5040099 -0.943867 0.04939614 0.3266115 -0.8536716 0.05211233 0.5181979 -0.7362291 0.03929451 0.6755906 -0.5875972 0.0306109 0.8085744 -0.9609194 0.05640956 0.27102 -0.9953296 0.05930427 0.07617114 -0.9923343 0.05567722 0.11033 -0.9930766 0.06394456 -0.09853958 -0.9969897 0.06112711 -0.0476968 -0.9189941 0.0572785 -0.3900885 -0.9315623 0.05666395 -0.3591391 -0.9636427 0.01513276 0.2667652 0.2056142 -0.06736515 -0.9763118 -0.09803798 -0.001854264 -0.9951809 -0.2814617 0.02748496 -0.9591788 -0.3855198 0.02555443 -0.9223456 -0.7131808 0.03563178 -0.7000739 -0.8336877 0.03461836 -0.5511501 -0.9412077 0.03088812 -0.3364134 0.002333891 -0.07738086 -0.9969989 0.05220556 -0.06689326 -0.9963934 -0.04233872 -0.03030482 -0.9986436 0.01192485 -0.03497749 -0.999317 -0.07121292 -0.007115338 -0.9974358 -0.0821613 -0.01491621 -0.9965074 -0.06107162 -0.02100945 -0.9979123 -0.07018154 -0.01139258 -0.9974692 -0.0988573 0.005934617 -0.9950839 -0.2420372 0.01396994 -0.9701664 -0.2117047 0.00774377 -0.977303 -0.1719929 0.005625585 -0.9850821 -0.1229239 0.02551238 -0.9920881 -0.9412268 0.09011107 -0.3255335 -0.9504833 0.068268 -0.3031848 -0.8612365 0.08222004 -0.5015092 -0.8790074 0.06146467 -0.4728298 -0.74365 0.07155059 -0.6647294 -0.7578194 0.05245823 -0.6503521 -0.591204 0.0536301 -0.804737 -0.6168623 0.0432034 -0.7858844 -0.8095645 0.09617656 -0.5790987 -0.7783592 0.1185219 -0.6165303 -0.6033057 0.08230822 -0.7932513 -0.9779003 0.07576479 0.1948605 -0.9733339 0.07190091 0.2178333 -0.9877182 0.08198803 -0.1330066 -0.890022 0.03247006 -0.4547599 -0.5838443 0.02997734 -0.811312 -0.4667356 0.03664123 -0.8836375 -0.2746134 0.02470659 -0.9612373 -0.2036934 0.01923092 -0.9788458 -0.1241733 0.009751353 -0.9922126 -0.1415511 0.01360522 -0.9898374 -0.7585349 0.03265672 -0.6508136 -0.6370784 0.03759376 -0.7698817 -0.487455 0.03541951 -0.8724294 -0.3231729 0.02807467 -0.9459234 -0.254346 0.02920869 -0.9666721 -0.8676417 0.1315499 0.4794711 -0.9606302 0.1658774 -0.2228773 -0.9017598 0.156391 -0.402953 -0.8881036 0.1898271 -0.418614 -0.6445213 0.1257536 -0.754174 -0.9948334 0.1014692 -0.003255772 -0.424143 0.05323556 -0.9040292 -0.4435862 0.03725196 -0.8954572 -0.4988108 0.0368872 -0.8659256 -0.6355131 0.03801083 -0.7711539 -0.3421612 0.09530941 -0.9347951 -0.6699783 0.2069262 -0.7129591 -0.5703607 0.1990742 -0.7969053 -0.8526655 0.2776911 -0.4425485 -0.8322406 0.3080703 -0.4609428 -0.9192788 0.3090338 -0.2437716 -0.9067783 0.3452318 -0.2420085 -0.944033 0.3243896 -0.05977585 -0.7068137 0.3011445 0.6400988 -0.9795687 0.1568783 -0.1258348 -0.9656809 0.2533374 -0.05727632 -0.8601661 0.2140039 0.4629433 -0.7562937 0.03698694 -0.6531859 -0.771748 0.04181272 -0.6345524 -0.7495707 0.04202655 -0.6605888 -0.8236643 0.05385939 -0.5645142 -0.9483073 0.06053626 -0.3115263 -0.9880983 0.06151475 -0.1409884 -0.996313 0.06342642 0.05777116 -0.8730062 0.06295338 0.4836291 -0.9760617 0.02422214 0.2161408 -0.9695201 0.03143066 0.2429875 -0.9442446 0.05208048 0.3250996 -0.9056354 0.05163741 0.4209015 -0.6756034 0.03625418 0.7363733 -0.6922232 0.0311902 0.7210092 -0.5468744 0.02077805 0.8369568 -0.6507495 0.02517101 0.7588752 -0.7450814 0.03100572 0.6662525 -0.8221991 0.03224408 0.568286 -0.4832798 0.09500875 -0.8702953 -0.4643811 0.09213022 -0.8808304 -0.3515185 0.1194743 -0.9285261 -0.4164602 0.04365336 -0.9081053 -0.3101816 0.03644482 -0.9499785 -0.3815129 0.09257976 -0.9197157 -0.270773 0.0963336 -0.9578109 -0.2396948 0.1507342 -0.9590754 -0.19804 0.2150986 -0.9563016 -0.1423025 0.279229 -0.9496216 -0.07024746 0.2886643 -0.9548498 -0.1409196 0.211325 -0.9672039 -0.01323098 0.2317448 -0.9726866 -0.02632615 0.1910958 -0.9812183 0.01179936 0.1778432 -0.9839881 0.02563486 0.1482504 -0.9886176 -0.222144 0.2383581 -0.9454298 -0.1405119 0.3046193 -0.9420528 -0.06166013 0.3209792 -0.9450769 -0.008784839 0.2525308 -0.967549 0.01241677 0.1940453 -0.980914 -0.4524535 0.03670209 -0.8910324 -0.4816895 0.07176058 -0.8733989 -0.3989743 -0.08467942 -0.9130437 -0.3352193 -0.09012271 -0.9378198 -0.1929103 -0.02099321 -0.9809918 -0.161839 -0.06298895 -0.9848048 0.00583411 0.05173952 -0.9986436 8.439612e-05 -0.007478038 -0.999972 -0.378615 -0.10439 -0.9196485 -0.3265509 -0.1117491 -0.9385503 -0.2234975 -0.1226069 -0.9669625 -0.2091328 -0.13924 -0.9679234 -0.2950048 -0.1310843 -0.9464613 -0.3125639 -0.1300528 -0.9409517 -0.3540809 -0.1056372 -0.9292295 -0.05914182 -0.07037887 -0.9957656 -0.1778562 -0.1092431 -0.977974 -0.2487312 -0.1199296 -0.961119 -0.2927612 -0.07961409 -0.9528654 0.5355244 0.05794922 -0.8425292 0.1719487 -0.008078934 -0.9850728 0.4729281 0.01697535 -0.8809375 0.05075418 -0.04982322 -0.9974676 0.1950802 -0.03671441 -0.9800999 0.3368264 -0.01396762 -0.9414632 0.4627461 -0.02074051 -0.8862482 -0.1946751 -0.1416005 -0.9705931 -0.0603383 -0.0763018 -0.9952574 -0.2375457 -0.08403309 -0.9677347 -0.2533897 -0.02905787 -0.9669278 -0.2670031 0.04170177 -0.962793 -0.2626338 0.1213399 -0.9572357 -0.1907829 0.1735744 -0.9661645 -0.3482388 0.2045838 -0.9148089 -0.2525477 0.2889838 -0.9234219 -0.1180463 0.3252947 -0.9382156 -0.01536657 0.2664896 -0.9637153 0.02574768 0.2069747 -0.9780074 -0.1255708 -0.1076783 -0.9862238 -0.182363 -0.0540237 -0.981746 -0.2627064 0.02413485 -0.9645739 -0.3423406 0.1121298 -0.9328611 0.04095124 0.2265445 -0.9731396 -0.03869117 0.2832256 -0.9582725 -0.2241169 0.32237 -0.9197006 -0.8988944 -0.04636775 -0.435705 -0.6848602 0.1014514 -0.7215775 -0.7423315 0.09428046 -0.6633665 -0.7756311 0.02743176 -0.6305901 -0.6307535 0.1626743 -0.7587405 -0.5804115 0.1749729 -0.7953031 -0.8496852 -0.00777698 -0.527233 -0.8462809 0.009028205 -0.5326604 -0.8554636 0.006920579 -0.5178167 -0.8563908 -0.0008822483 -0.5163275 -0.8472348 -0.005636234 -0.5311887 -0.8450609 -0.003772499 -0.5346567 -0.8428748 -0.0019482 -0.5381062 -0.8389123 0.001156409 -0.5442654 0.6712466 0.3119005 -0.6724181 -0.8362468 0.01493846 -0.5481498 -0.8579518 0.005878522 -0.5136965 -0.84815 0.04061803 -0.5281967 -0.7904993 0.06000463 -0.6095165 -0.8625171 0.01729382 -0.5057324 -0.8660889 0.01127173 -0.4997629 -0.8678286 0.008307501 -0.4967942 -0.8701303 0.00434946 -0.4928025 -0.8714246 0.002120407 -0.4905249 -0.8724899 0.0003048037 -0.4886321 -0.8695906 0.003303836 -0.4937624 -0.8605421 0.001359748 -0.5093775 -0.8027837 0.07190548 -0.5919188 -0.7726665 0.09838432 -0.627142 -0.8789705 0.011186 -0.4767449 -0.9002732 -0.006631838 -0.4352749 -0.9724974 -0.1471772 -0.1805208 -0.9405501 -0.05838618 -0.334599 -0.9521271 -0.08624324 -0.2932851 -0.5966221 0.1651397 -0.7853476 -0.7532637 0.08015289 -0.6528165 -0.7884409 0.05533179 -0.6126168 -0.5082039 0.2326406 -0.8292208 -0.2685006 0.3188039 -0.9089948 -0.5240447 0.2032213 -0.8270902 -0.967602 -0.09977122 -0.2319312 -0.8413319 -0.004758335 -0.5404979 -0.833061 0.05241174 -0.5506926 -0.9612052 -0.2629204 0.08341161 -0.6613189 0.1659858 -0.7315094 -0.8583403 0.01466896 -0.5128711 -0.9652367 -0.1452361 -0.2173124 -0.9712163 -0.2380816 -0.007485826 -0.9756921 -0.1991294 -0.09150041 -0.9456077 -0.09153706 -0.3121652 -0.6673039 0.1630008 -0.7267299 -0.6199328 0.1922479 -0.7607391 -0.7659779 0.102436 -0.6346533 -0.7486562 0.110289 -0.6537203 -0.867954 0.01038254 -0.4965361 -0.9173686 -0.05669673 -0.3939801 -0.9650721 -0.2598511 0.03336433 -0.970449 -0.2394712 -0.0297031 -0.9407148 -0.3076349 0.1428863 -0.1997516 0.3591481 -0.9116534 -0.4082169 0.288285 -0.8661701 -0.3672856 0.3025044 -0.879541 -0.4709542 0.2624969 -0.842198 -0.3954906 0.2823818 -0.8739838 -0.556408 0.2179135 -0.8018253 -0.659235 0.1494303 -0.7369395 -0.2468018 0.3289493 -0.9115269 -0.1473924 0.3716012 -0.9166177 -0.4820416 0.2441213 -0.8414516 -0.3984132 0.2875423 -0.8709686 -0.0951696 0.3845219 -0.918197 -0.9717965 -0.2008413 -0.1235895 -0.9416767 -0.3064222 0.1391056 -0.1262555 0.3709204 -0.9200422 -0.8449561 0.04808017 -0.5326701 -0.8849348 0.000977813 -0.4657139 -0.9400857 -0.05628711 -0.3362598 -0.9535211 -0.07952457 -0.2906429 -0.6996014 0.1488035 -0.6988672 -0.9144761 -0.02259413 -0.4040085 -0.9321903 -0.04921773 -0.3586068 -0.5925611 0.2045794 -0.779114 -0.6239456 0.1812418 -0.76016 -0.8025845 0.0614035 -0.5933699 -0.9005376 -0.04399522 -0.4325465 -0.9624588 -0.1514782 -0.2252277 -0.9718155 -0.2107989 -0.1055385 -0.9533959 -0.2889676 0.0867983 -0.9471315 -0.2998411 0.1141805 -0.9143949 -0.3372419 0.2239415 -0.9287393 -0.3244466 0.1793814 -0.9209512 -0.3295036 0.2080294 -0.9668865 -0.2546478 -0.01688163 -0.9458886 -0.131371 -0.2967095 -0.2087367 0.3468821 -0.914386 -0.4285706 0.2594028 -0.8654695 -0.1245694 0.3637562 -0.9231272 -0.3807036 0.2707604 -0.8841683 -0.2156499 0.3295384 -0.9191842 -0.07195038 0.3850036 -0.9201062 0.009069301 0.3893608 -0.9210407 -0.7417681 0.09839704 -0.6633989 -0.9367872 -0.103007 -0.3343939 -0.969256 -0.2438676 -0.03273052 -0.9479303 -0.2988414 0.1101002 -0.9021901 -0.344378 0.2597246 -0.349156 0.2717306 -0.8968013 -0.9761532 -0.1796888 -0.1218068 -0.9617472 -0.1121399 -0.2499339 -0.3783178 0.2559418 -0.8895895 -0.53371 0.185873 -0.8249878 0.00309424 0.3785286 -0.9255844 -0.6995237 0.09473946 -0.7083015 -0.526403 0.1980408 -0.8268493 -0.7081415 0.0971638 -0.6993531 -0.558982 0.1909552 -0.8068923 -0.7413276 0.0832558 -0.6659594 -0.6231896 0.1646527 -0.7645418 -0.8564214 -0.01785154 -0.5159687 -0.8454366 -0.01478391 -0.5338711 -0.9365793 -0.1212055 -0.328829 -0.9316323 -0.120454 -0.3428586 -0.8643962 -0.04173698 -0.501076 -0.8662482 -0.03823144 -0.4981491 -0.5027843 0.1932227 -0.8425396 -0.9680179 -0.1995744 -0.1520243 -0.9569245 -0.2830464 0.06465476 -0.9301938 -0.3169627 0.185133 -0.9674847 -0.2528707 -0.00545346 -0.9647481 -0.2628545 0.01298264 -0.941226 -0.2971768 0.1605604 -0.7243069 0.06663374 -0.6862503 -0.8707596 -0.05514056 -0.4886074 -0.7439296 0.04478498 -0.6667556 -0.8830149 -0.06990906 -0.4641094 -0.7193091 0.08465971 -0.6895122 -0.4673867 0.2269457 -0.8544269 -0.6416733 0.1432136 -0.7534888 -0.5566965 0.2014602 -0.8059174 -0.5215434 0.2198765 -0.824407 -0.3169544 0.3138013 -0.8950244 -0.583275 0.2040064 -0.7862389 -0.8039612 0.01415079 -0.5945134 -0.6769981 0.09151836 -0.7302725 -0.5584111 0.1709901 -0.8117509 -0.4733321 0.2065827 -0.8563178 -0.9105498 -0.07958279 -0.4056668 -0.8536246 -0.01183556 -0.5207543 -0.7972822 0.04466015 -0.6019523 -0.6963125 0.1278218 -0.7062651 -0.5655583 0.1587927 -0.8092766 -0.6287714 0.1147353 -0.7690789 -0.9593589 -0.2670363 0.09122582 -0.9724284 -0.2321537 -0.02208475 -0.9186401 -0.1009079 -0.381992 -0.9469511 -0.1510765 -0.2836539 -0.9479238 -0.1585895 -0.2762063 -0.9546372 -0.1561836 -0.2535243 -0.9605219 -0.1610345 -0.2268604 -0.977402 -0.1510678 -0.147864 -0.9809659 -0.1593531 -0.1109613 -0.969829 -0.1106482 -0.2172294 -0.9206914 -0.03496439 -0.388722 -0.9585052 -0.1850393 -0.2168598 -0.4913957 0.03610131 -0.8701879 -0.8403435 -0.04928486 -0.539809 -0.8524523 -0.08374624 -0.5160539 -0.9131389 -0.1209484 -0.3892928 -0.9508461 -0.1810856 -0.2511963 -0.8926993 -0.1452458 -0.4266048 -0.9367907 -0.176636 -0.3020312 -0.3696804 -0.1551746 -0.9161098 -0.2033679 -0.123681 -0.9712592 -0.4904805 -0.1103851 -0.8644328 -0.3904029 -0.07304616 -0.9177417 -0.6567338 -0.07719917 -0.7501607 -0.5814154 -0.03844298 -0.8126982 -0.5538584 -0.1757624 -0.8138479 -0.7975169 -0.08897019 -0.5967002 -0.6498746 -0.03202632 -0.7593664 -0.3015741 -0.02326005 -0.953159 -0.1386164 -0.08886938 -0.9863507 -0.02419242 -0.1386149 -0.9900508 -0.9650838 -0.1919932 -0.1781904 -0.9438431 -0.3020177 0.1339606 -0.9473931 -0.2907208 0.1338943 -0.8197031 -0.184321 -0.5423214 -0.8916482 -0.185173 -0.4131276 -0.9665302 -0.2168961 -0.1370233 -0.9492446 -0.2766684 0.1496307 -0.9382252 -0.2620719 0.2259467 -0.9691984 -0.2459117 -0.01348475 -0.9696239 -0.2424661 -0.03224395 -0.9688969 -0.2248979 -0.1032457 -0.9693369 -0.2358689 -0.06893362 -0.9017171 -0.2685019 0.3388408 -0.9043632 -0.2725788 0.3283718 -0.9244277 -0.2489055 0.288928 -0.9576679 -0.2332744 0.1686866 -0.4456893 -0.1404875 0.8840952 -0.4664738 -0.1255751 0.8755759 -0.9772085 -0.2040883 0.05840883 -0.8616342 -0.1995414 0.4666581 -0.8733907 -0.2006147 0.4437821 -0.9445003 -0.2046528 -0.2569756 -0.8411373 -0.195943 0.5040777 -0.6845028 -0.1602968 -0.7111687 -0.7991308 -0.1892521 -0.5705906 -0.9115054 -0.1972117 -0.360923 -0.9581344 -0.1678415 0.2319647 -0.9466559 -0.1992875 0.2532334 -0.9818543 -0.1700296 -0.08397627 -0.9783241 -0.1967521 -0.06457922 -0.9155548 -0.204912 0.3460788 -0.8866343 -0.2021874 0.4159326 -0.8870752 -0.2010548 0.4155412 -0.8302765 -0.1986387 0.520753 -0.9805895 -0.1771058 -0.08412982 -0.9511508 -0.141781 -0.2742451 -0.9475631 -0.2836811 0.1471368 -0.9397128 -0.289166 0.1825456 -0.9663356 -0.2521977 0.05090914 -0.9452328 -0.279673 0.1682797 -0.105252 -0.1292688 -0.9860079 -0.09278484 -0.1341702 -0.986605 -0.05617471 -0.03743068 -0.9977191 0.3629625 -0.03589346 -0.9311122 -0.0958367 -0.05020753 -0.99413 0.233807 -0.03662589 -0.9715929 -0.1360435 -0.06795931 -0.9883692 0.04375685 -0.05433012 -0.9975638 -0.1573911 -0.08954497 -0.9834682 -0.9574149 -0.02223222 -0.2878583 -0.8699486 -0.03560344 -0.4918554 -0.7026776 -0.06387469 -0.7086355 -0.519615 -0.0748763 -0.8511133 -0.5255443 -0.08696298 -0.84631 -0.2711976 -0.0969695 -0.9576266 -0.265911 -0.1146923 -0.9571505 -0.4460051 -0.09606376 -0.8898602 0.01000841 -0.1178647 -0.9929792 -0.06391773 -0.1017927 -0.9927501 -0.3278866 -0.08413402 -0.9409633 -0.6001359 -0.05078522 -0.7982843 -0.7828649 -0.09158119 -0.6154148 -0.7259308 -0.1599532 -0.6689091 -0.8716783 -0.1471476 -0.467466 -0.9613809 -0.173821 -0.2133847 -0.9388158 -0.1313337 -0.3183966 -0.9951394 -0.03339182 -0.09264194 -0.8713786 0.005351057 -0.490582 -0.7745619 -0.01920226 -0.6322066 -0.8763222 0.057436 -0.4782891 -0.9106341 0.0365808 -0.4115913 -0.9303356 0.09252171 -0.3548456 -0.9721094 0.09081575 -0.2162308 -0.7921885 0.05071841 -0.6081653 -0.5964431 0.01125145 -0.8025765 -0.6584745 0.004267147 -0.7525909 -0.4040586 -0.03645777 -0.9140063 -0.2403408 -0.07529985 -0.9677635 -0.4859978 -0.05033132 -0.8725096 -0.3094962 -0.07244178 -0.9481373 -0.5897109 -0.04681071 -0.8062566 -0.8163259 -0.02715482 -0.5769529 -0.6669876 -0.04123102 -0.7439271 -0.8330558 -0.01878988 -0.5528698 -0.8967153 -0.007660816 -0.4425416 -0.9600724 -0.006326996 -0.2796801 -0.9136683 -0.02164258 -0.4058839 -0.8218452 -0.0459066 -0.5678583 -0.69548 -0.05824237 -0.7161811 -0.5266842 -0.08740276 -0.8455557 -0.1375481 -0.07655886 -0.9875319 -0.7687113 -0.01819582 -0.639337 -0.8871606 0.008920421 -0.4613745 -0.9130105 0.002586149 -0.4079279 -0.9782867 0.02294029 -0.2059825 -0.9995772 0.02644578 0.01208333 -0.9574802 0.02689598 -0.2872424 -0.9990325 0.04340443 -0.007085061 -0.9664253 0.04885322 0.2522608 -0.89237 0.05027528 0.4484955 -0.9799996 0.03413018 0.1960509 -0.8107355 0.04862842 0.5833894 -0.5316669 0.05220484 0.8453431 -0.7057069 0.05935765 0.7060131 -0.8167943 0.06411107 0.5733558 -0.9251759 0.0659633 0.3737626 -0.9921774 0.06331497 0.107588 -0.9816473 0.04881878 -0.1843511 -0.8905065 0.04539281 -0.4527004 -0.988121 -0.007826148 -0.1534788 -0.955696 -0.02106164 -0.2936009 -0.9085691 -0.03061735 -0.416611 -0.9679538 0.005568263 -0.2510664 -0.9949069 0.01295531 -0.09996171 -0.9910072 0.006977262 -0.1336262 -0.9875717 0.014404 0.1565075 -0.9595094 0.01596642 0.2812239 -0.9998247 0.005673644 -0.01784192 -0.9282453 0.03436505 0.3703777 -0.6766272 0.04555141 0.7349154 -0.4210864 0.04600421 0.9058531 -0.9995144 0.01597672 0.02675367 -0.9838128 0.02289487 0.1777305 -0.788845 0.03821705 0.6134028 -0.5879709 0.04068481 0.8078582 -0.3102315 0.0349096 0.9500199 -0.9415458 0.02216416 0.336155 -0.9946288 0.09076054 0.04976094 -0.9950045 0.07529782 -0.06554586 -0.9468017 0.069199 -0.3142897 -0.9785455 0.08176362 0.1891122 -0.9541493 0.09488255 0.2838949 -0.8924964 0.08133516 0.4436607 -0.8492192 0.0916427 0.5200273 -0.7583923 0.07627868 0.6473197 -0.7450867 0.08596779 0.661404 -0.6145943 0.06813194 0.7858956 -0.8061976 0.03703631 -0.5904861 -0.9449638 0.09558338 -0.3129014 -0.8986393 0.07931521 -0.4314587 -0.9904808 0.1114232 -0.08082525 -0.9112507 0.108678 0.3972547 -0.9629987 0.09331857 0.2528341 -0.5039906 0.08649083 0.8593677 -0.4961863 0.08339158 0.8642019 -0.5431699 0.09336732 0.8344154 -0.796409 0.10615 0.5953695 -0.8395799 0.1095213 0.5320814 -0.9676876 0.1171101 0.2233067 -0.9754726 0.09384472 -0.1991138 -0.9661456 0.112488 0.2321832 -0.9438372 0.1075521 0.3124161 -0.748991 0.1004233 0.6549257 -0.4066589 0.07553359 0.9104522 -0.4450798 0.07317009 0.8924965 -0.7778701 0.09684683 0.6209177 -0.9099845 0.1040398 0.4013776 -0.9799954 0.104219 0.1695506 -0.9526713 0.07955306 -0.2934087 -0.8969775 0.05716295 -0.4383649 -0.1086077 0.04577945 0.99303 -0.2404683 0.04722046 0.9695077 -0.4310387 0.06375453 0.9000783 -0.3840575 0.05600636 0.921609 -0.5334413 0.07197513 0.8427692 -0.4331927 0.06231953 0.8991442 -0.9847584 0.07224541 0.1582137 -0.8357582 0.09382125 0.5410229 0.005562176 0.04795823 0.9988339 -0.9911412 0.06593609 0.1152893 -0.9885442 0.06043399 -0.1383045 -0.6925659 0.05056274 0.7195803 -0.7785443 0.0950418 0.6203513 -0.889431 0.07179725 0.4513953 -0.9234775 0.09179537 0.3725089 -0.9674253 0.08940831 0.2368425 -0.7376995 0.08624891 0.6695973 -0.437736 0.0548797 0.8974271 0.4261309 0.02405688 0.9043416 -0.2312938 0.04636831 0.9717783 -0.7173905 0.05493803 0.6945018 0.7044282 0.006517875 0.7097453 0.6864593 0.007968204 0.7271246 0.540946 0.01683016 0.8408889 0.4863433 0.0209948 0.8735156 -0.1037735 0.0469167 0.9934938 0.5430935 0.01724158 0.8394952 -0.02481418 0.05929664 0.9979319 0.3890189 0.0262784 0.9208549 0.4686957 0.008893695 0.8833149 -0.9513078 0.1065754 0.2892321 -0.969896 0.1189581 0.212487 -0.7323886 -0.1873222 -0.6546124 -0.8759326 -0.1852763 -0.4454377 -0.9997256 0.0051502 -0.02285123 -0.9909928 -0.006824295 -0.1337414 -0.8650711 -0.04055933 -0.500007 -0.7728282 -0.06474694 -0.6313037 -0.6532462 -0.07833753 -0.7530821 -0.500659 -0.09364057 -0.8605649 -0.3950788 -0.1208256 -0.9106668 -0.7823326 -0.05220445 -0.6206693 -0.9946023 0.0107497 0.1032027 0.5617615 -0.3218326 -0.7621337 0.5220162 -0.3073266 -0.795644 0.2714444 -0.3418746 -0.8996887 -0.1794301 -0.2949365 -0.9385187 0.05974043 -0.3378573 -0.9392995 -0.04898792 -0.2983578 -0.9531961 0.1503615 -0.3048027 -0.9404716 0.4238361 -0.2808453 -0.8610975 0.7018493 -0.2458538 -0.6685533 0.6559474 -0.1965303 -0.7287721 0.3263649 -0.230998 -0.9165838 0.03939352 -0.2500806 -0.9674233 -0.2689239 -0.252265 -0.9295388 -0.3701865 -0.3010924 -0.878809 -0.151563 -0.3085 -0.9390721 0.1042542 -0.3488079 -0.9313775 0.301672 -0.3589849 -0.8832462 0.3429598 -0.359702 -0.8677517 0.3111691 -0.1504844 -0.9383647 0.0187875 -0.1545652 -0.9878039 -0.2713317 -0.170765 -0.9472161 -0.4684122 -0.1607868 -0.8687563 -0.5483946 -0.09491258 -0.8308159 -0.5917839 0.1700566 -0.7879547 -0.6087116 0.1346809 -0.7818767 -0.597911 0.1402954 -0.7891893 -0.6016231 0.0646956 -0.7961558 -0.5888976 0.07001328 -0.8051694 -0.5895211 -0.02047302 -0.8074935 -0.5769084 -0.01510906 -0.8166691 -0.5686941 -0.1080616 -0.8154199 -0.5709538 -0.1899043 -0.7987165 -0.5563183 0.1227705 -0.82185 -0.5693838 0.1490742 -0.8084424 -0.5729154 0.1375774 -0.8079854 -0.5634465 0.08486014 -0.8217827 -0.5498986 0.02078421 -0.8349728 0.2844353 -0.03767029 -0.9579549 -0.02025722 -0.007070708 -0.9997698 -0.2722087 -0.04424617 -0.9612204 -0.4583018 -0.07790417 -0.8853758 -0.52756 -0.03120735 -0.8489444 0.9084016 0.02537391 -0.417328 0.8311665 0.07916271 -0.5503594 0.654297 0.07495855 -0.7525135 0.7298797 0.09404116 -0.677076 0.451303 0.1320309 -0.8825494 0.6590592 0.03583513 -0.7512369 0.5196822 0.1136037 -0.8467731 0.3104809 0.118198 -0.9432024 0.2010269 0.1427661 -0.9691264 0.634573 0.109828 -0.7650196 0.4503389 0.1221495 -0.8844628 0.1832104 0.1236599 -0.9752652 0.06952139 0.1456176 -0.9868953 -0.07492392 0.1010232 -0.9920588 0.9348292 -0.007934305 -0.3550091 0.7573216 0.07548255 -0.6486651 0.5893206 0.08885668 -0.802998 0.2962935 0.09031138 -0.9508175 0.06610751 0.1074881 -0.9920061 -0.01650289 0.1478987 -0.9888648 -0.1789357 0.139624 -0.9739031 -0.2526797 0.03670436 -0.9668535 -0.3809417 0.03970146 -0.9237463 -0.4930511 0.04379901 -0.8688972 -0.5218382 0.09626514 -0.8475954 -0.537629 0.1183104 -0.8348399 -0.5343612 0.09346308 -0.840073 -0.5191707 0.05641049 -0.8528069 -0.4872807 0.03308971 -0.8726183 -0.5953279 0.1833375 -0.7822864 -0.5851937 0.1606953 -0.7948115 -0.5890869 0.1823442 -0.7872275 -0.5653977 0.1379383 -0.8132026 -0.5633985 0.1679493 -0.8089346 -0.5285576 0.1042571 -0.8424709 -0.5216189 0.1446578 -0.8408257 -0.4774469 0.07066873 -0.8758141 -0.4640975 0.121029 -0.8774768 -0.454307 0.02949344 -0.8903568 -0.4148853 0.1172904 -0.9022822 -0.3749081 0.04555077 -0.9259422 -0.3280856 0.02852195 -0.9442173 -0.3478506 0.04765693 -0.936338 -0.3820001 0.08588851 -0.9201625 -0.3005506 0.007530812 -0.9537362 -0.3359801 -0.01267865 -0.9417838 -0.3917609 -0.0288139 -0.9196158 -0.4321761 -0.02057896 -0.9015544 -0.4767087 0.00503047 -0.8790469 -0.5164178 0.04754125 -0.8550161 -0.541812 0.09436005 -0.8351861 -0.2771971 0.01981319 -0.9606088 -0.2508018 0.002167317 -0.968036 -0.3241675 -0.04411943 -0.9449703 -0.3829138 -0.06616261 -0.9214117 -0.4117256 -0.06397299 -0.9090597 -0.4401641 -0.04206248 -0.8969316 -0.466833 -0.006299879 -0.8843231 -0.2936063 0.02252418 -0.955661 -0.2709203 0.0213824 -0.9623643 -0.2629559 0.01451996 -0.9646986 -0.2163955 0.03472134 -0.9756882 -0.188059 0.02559706 -0.9818241 -0.09543983 0.07494447 -0.99261 -0.0210613 0.05312463 -0.9983658 -0.1892119 0.05444688 -0.9804256 0.1105612 0.1324525 -0.9850038 0.260147 0.09395164 -0.9609873 -0.06228865 0.07358074 -0.9953422 -0.2545828 0.008324403 -0.9670152 -0.165788 0.01127025 -0.986097 0.04060774 0.02350141 -0.9988987 0.3659118 0.04204328 -0.9296994 0.6113243 0.04318454 -0.790201 0.7208691 0.02562211 -0.6925974 -0.05904567 -0.02728413 -0.9978824 -0.4615361 -0.01084727 -0.8870551 -0.4237358 0.09303603 -0.9009952 -0.6966464 0.1770733 -0.6952185 -0.8725965 0.2346906 -0.428364 -0.938584 0.24667 -0.2412757 -0.9661495 0.2339954 -0.1086335 -0.9391431 0.3424705 0.026912 -0.2238474 0.04022102 -0.9737939 -0.9236249 0.3660088 0.1138185 -0.9250551 0.3671571 -0.09730746 -0.8458897 0.3306069 -0.4185327 -0.7260285 0.2739246 -0.6307519 -0.4918906 0.1719795 -0.8535026 -0.2305643 0.06501261 -0.9708828 -0.09748988 0.01546244 -0.9951164 -0.05466172 0.01269389 -0.9984242 -0.05752444 0.02762131 -0.9979619 -0.07779522 0.03462226 -0.996368 0.1388325 0.03656171 0.9896407 0.1379564 0.04677857 0.989333 0.1701372 0.03268127 0.9848783 0.1546909 0.1280458 0.97963 0.1492283 0.09822105 0.9839124 -0.1206995 0.1087743 0.9867116 -0.7213273 0.1340434 0.6794993 -0.8008997 0.138211 0.5826298 -0.740525 0.09124382 0.6658057 -0.1156211 -0.1552523 0.9810854 -0.3659374 -0.2064151 0.9074594 -0.2723736 -0.3396781 0.9002396 0.669909 0.1588799 0.7252442 0.6677844 0.1332751 0.7323262 0.661171 0.1642623 0.732032 0.6513967 0.1027339 0.75175 0.6624455 0.09752472 0.7427347 0.6509067 0.009690674 0.7590959 0.383382 -0.01262215 0.9235036 0.5542663 0.1108127 0.82493 0.6165852 0.1334249 0.7758998 0.5379798 0.04831207 0.8415722 0.4383222 -0.05524385 0.8971186 0.2314122 -0.1523933 0.9608458 -0.7962674 0.3335402 0.5046872 -0.8920046 0.3604735 0.2727393 -0.7639687 0.2918296 0.5754888 -0.7783181 0.2410435 0.5797578 -0.6358232 0.2070443 0.7435466 0.9518946 -0.1114144 0.2854532 0.9492387 -0.1079831 0.2954412 0.9533288 -0.1095741 0.2813499 -0.606455 -0.2819841 0.7434361 -0.4493293 -0.2709295 0.8512934 -0.4435169 -0.3213571 0.8366734 -0.1991924 -0.2619755 0.944294 -0.04780495 -0.2379777 0.9700934 -0.1516801 -0.2961153 0.9430317 0.8092882 0.05350253 0.5849701 0.7696564 0.114362 0.6281325 0.7698997 0.1138034 0.6279357 0.7625593 0.1675164 0.6248532 0.026443 0.9990667 -0.03415486 0.7517292 0.1122937 0.649841 0.7698317 0.1138753 0.628006 0.6791164 0.1004019 0.7271316 0.7688347 0.1123489 0.6295005 0.7690098 0.1156313 0.6286917 0.7670397 0.1181238 0.6306321 0.7465389 0.1251662 0.6534624 0.104721 -0.03559327 0.9938645 0.1990563 -0.03360108 0.9794118 0.4034503 0.007701977 0.9149692 0.2752474 -0.02270693 0.9611052 0.3242424 -0.01108887 0.945909 0.3453747 -0.004871358 0.9384522 0.3542299 -0.002049074 0.9351561 0.3674504 -0.00623833 0.9300222 0.3215518 -0.01589341 0.9467586 0.1694714 -0.04682026 0.9844223 0.3631024 0.0008732535 0.9317488 0.3845477 0.008039515 0.9230701 0.3397726 -0.008459597 0.9404696 0.04777043 -0.1988374 0.9788675 0.007231413 -0.2009165 0.9795817 0.07532296 -0.09823334 0.9923088 -0.3369246 -0.2505061 0.9075949 -0.7304854 -0.3026828 0.612188 -0.713743 -0.2823659 0.6409683 -0.8329676 -0.2495134 0.4938705 -0.8290295 -0.2699854 0.4897121 -0.8205956 -0.2408895 0.5182617 -0.8630856 -0.2007935 0.4634277 -0.8691166 -0.1955223 0.4543208 -0.8356598 -0.2517939 0.4881317 -0.8349312 -0.2549037 0.4877644 -0.801336 -0.2691319 0.5342552 0.8789027 0.04368795 0.4749962 0.9967366 0.08058135 0.004781104 0.9618861 0.09917856 -0.2548309 0.9057949 0.01318459 -0.4235112 0.9207597 0.02589478 -0.3892698 0.9690476 -0.005947963 0.2468023 0.966031 -0.07037714 0.2486588 0.9501899 -0.09795875 0.2958772 0.9742378 -0.1524988 0.1661468 0.9656568 -0.1325781 0.2234503 0.9587589 -0.1227471 0.2563484 0.8228211 -0.04075655 -0.5668371 0.9941875 0.05626418 0.09179118 0.9680537 -0.01082942 0.250509 0.9614261 0.09240897 0.2590759 0.9617022 0.0930272 0.2578272 0.991664 0.07028848 -0.1079911 0.8851562 0.0854072 0.4573884 0.787036 0.08146204 0.611505 0.8090799 0.08383863 0.5816878 0.2419106 -0.02945298 0.9698514 0.379064 0.008416684 0.9253322 0.5489495 0.055427 0.8340157 0.5282982 0.04368917 0.8479341 0.52205 0.06415066 0.850499 0.5705241 0.09923927 0.815263 0.4595916 0.0548633 0.8864342 0.4095299 0.01675767 0.9121428 0.4460438 0.02342146 0.8947046 -0.9523021 0.01435242 0.3048191 -0.7957376 0.04563279 0.60392 -0.9449556 0.01585254 0.3268143 -0.7666488 0.01937638 0.6417742 -0.8711201 0.008944898 0.4909886 -0.7136738 0.06878888 0.6970924 -0.7812713 0.04708947 0.6224128 -0.6554226 0.04543447 0.7538945 -0.7345901 0.02798256 0.6779339 -0.6965951 0.02239391 0.7171149 -0.7410666 0.0265436 0.6709066 -0.8492651 0.01381369 0.5277859 -0.8006699 0.1522397 0.5794401 -0.7356643 0.07393314 0.6732993 -0.7745642 0.09331129 0.6255743 -0.5202222 0.07271623 0.8509296 -0.7131922 0.1607534 0.6822867 -0.529759 0.2314163 0.8159669 -0.3954884 0.156989 0.9049549 -0.4651062 0.1215606 0.876869 -0.1134774 0.09844344 0.9886515 -0.1691172 0.07954644 0.9823806 -0.2050454 0.05626863 0.9771337 0.07138768 0.06247843 0.99549 -0.004653394 0.078749 0.9968836 -0.1641781 0.1234275 0.9786783 -0.3469121 0.1796079 0.9205395 -0.5496396 0.2529937 0.7961724 -0.2494495 0.02678954 0.9680172 -0.2312538 0.04688783 0.9717629 0.09071851 0.02785871 0.9954868 0.1009149 0.04170131 0.9940207 0.2516897 0.02066772 0.9675873 0.2819453 0.03754705 0.9586955 0.04879703 0.01840683 0.9986391 0.2201344 0.00982373 0.9754201 0.1946418 0.006189536 0.9808549 0.03598671 0.01638571 0.9992179 0.176029 0.009167213 0.9843423 0.03880204 0.02160913 0.9990132 0.1617232 0.01843073 0.986664 0.04096456 0.0330811 0.9986128 0.1481882 0.03172338 0.9884502 0.04492096 0.04841947 0.9978164 0.1356312 0.04511545 0.9897317 0.05777881 0.06206949 0.996398 0.1294835 0.05106839 0.9902656 0.1100899 0.055478 0.9923721 -0.191819 0.03363329 0.9808538 0.2821098 -0.01424758 0.9592763 0.2778159 -0.02994484 0.9601675 0.3031304 0.02771725 0.9525459 0.2646809 -0.02011207 0.9641263 0.1994817 0.005073664 0.9798884 0.1873005 0.01560735 0.9821787 0.1907402 0.01979782 0.9814409 0.2173151 -0.005351514 0.9760868 0.2106398 -0.005163182 0.9775501 0.2060115 0.008831633 0.9785097 0.2058099 0.002436662 0.978589 0.1993104 0.0006749978 0.9799362 0.2508249 -0.02696093 0.9676569 0.2503922 -0.02377314 0.9678526 0.2739352 0.01119311 0.961683 0.2393245 -0.01523348 0.9708201 0.2481222 0.003062768 0.9687239 0.2270163 -0.01160305 0.9738218 0.2303254 -0.0005847499 0.9731135 0.2176915 0.002393769 0.9760147 0.2851946 -0.09020579 0.9542154 0.512938 0.0764835 0.8550116 0.6219457 0.1565565 0.7672507 0.6588419 0.08518264 0.7474431 0.6232169 0.1198117 0.7728168 0.7334522 0.09307695 0.6733384 0.6553922 0.131379 0.7437745 0.6612274 0.07113776 0.7468051 0.7200485 0.1368337 0.680299 0.6696108 0.1693595 0.7231451 0.6405263 0.1677831 0.749383 0.6443898 0.1605169 0.7476604 0.7269263 0.1203117 0.6760941 0.1661066 -0.1168334 0.9791622 0.5863826 0.04112936 0.8089894 0.6366429 0.09511697 0.7652703 0.6186544 0.0364644 0.7848166 0.6422011 0.03353703 0.7658022 0.5921589 0.02492807 0.8054356 0.6197756 -0.01178388 0.7846906 0.5407421 0.03954074 0.8402586 0.5820335 -0.01493311 0.8130277 0.4800017 0.06361781 0.8749578 0.5358732 -0.002129519 0.8442958 0.4784679 0.06070868 0.8760039 0.6268 -0.05557172 0.7771959 0.5882676 -0.0766672 0.8050238 0.6834742 0.1268839 0.7188627 0.6862988 0.137555 0.7141936 0.6794106 0.1638201 0.7152372 0.6688314 0.1681555 0.7241466 0.7285796 0.1195565 0.6744465 0.6785996 0.1162844 0.7252452 0.5857859 -0.1838441 0.7893391 0.6133028 -0.1257768 0.7797691 0.644034 -0.06169772 0.7625048 0.6611058 0.003345422 0.7502852 0.6677942 0.06741979 0.7412864 0.5668473 -0.172742 0.8055087 0.5445369 -0.1794251 0.8193206 0.5482161 -0.06026035 0.834163 0.5237634 -0.1415916 0.8400141 0.5011331 -0.01171233 0.865291 0.4984024 -0.1375233 0.8559687 0.4999133 -0.1105934 0.8589853 0.4748157 -0.05867442 0.8781272 0.4484245 0.00374226 0.8938129 0.4399657 0.04317149 0.8969763 0.3844909 -0.003504851 0.9231221 0.3622005 0.0423985 0.9311354 0.3489958 -0.008316436 0.9370874 0.3154783 0.01993781 0.9487233 0.3178672 -0.03095754 0.9476297 0.4488107 -0.0405186 0.8927078 0.4101919 -0.01419517 0.9118887 0.3757566 -0.02755242 0.9263087 0.3357532 0.05987143 0.9400453 0.3658266 0.09066396 0.9262564 0.404317 0.1105715 0.9079106 0.430184 0.1044533 0.8966779 -0.8111501 -0.3661208 0.4560603 -0.8141802 -0.3525782 0.4613017 -0.7252767 -0.3719736 0.579318 -0.8389461 -0.3220243 0.4387138 -0.846349 -0.3153183 0.4292642 -0.6497916 -0.3536009 0.6728576 -0.7177106 -0.3579773 0.5972802 -0.7128432 -0.3723025 0.5943446 -0.7556908 -0.3855381 0.529426 -0.6989128 -0.3931666 0.5974454 -0.7102687 -0.3815372 0.5915638 -0.7042676 -0.3821192 0.5983243 -0.7704338 -0.3901049 0.504232 -0.7803076 -0.3823918 0.4948703 -0.8200051 -0.3731691 0.4339776 -0.4986608 -0.3469762 0.7943204 -0.5285018 -0.3997962 0.7488985 -0.3397527 -0.399372 0.8515105 -0.4834092 -0.3880129 0.7847047 -0.2281001 -0.3740317 0.8989275 -0.5880759 -0.289185 0.7553402 -0.6413467 -0.2791161 0.7146808 -0.5730683 -0.2382285 0.7841173 -0.6536174 -0.203768 0.7288778 -0.0699334 -0.009370383 0.9975077 0.1589738 0.02920857 0.9868506 0.1336309 0.108375 0.9850876 -0.005803901 -0.2461364 0.9692178 -0.001687431 -0.2626078 0.9649012 -0.01770426 -0.2895374 0.9570029 -0.002540354 -0.3013841 0.9534994 -0.08183344 -0.3698793 0.9254688 -0.001274025 -0.3638838 0.9314435 -0.1731594 -0.3972655 0.9012191 0.006945283 -0.3635499 0.9315489 0.03132509 -0.2708038 0.9621247 0.1226988 -0.09810281 0.9875833 -0.8605369 0.1158758 0.4960333 -0.8791856 0.1360972 0.4566291 -0.772481 0.1577295 0.6151378 -0.8443159 0.1565049 0.5124811 -0.8072085 0.150654 0.5707169 -0.8516346 0.09680142 0.5151193 -0.876379 0.1160919 0.4674212 -0.7412443 0.09443719 0.6645589 -0.6054383 0.1431038 0.7829213 -0.4794943 0.08866196 0.8730546 -0.5453864 0.04889966 0.8367571 -0.5306276 0.02970077 0.8470845 -0.4180573 0.04023675 0.9075291 -0.8963638 0.04368853 0.4411612 -0.9116858 0.05864929 0.4066807 -0.860377 0.07966539 0.5033934 -0.8337546 0.2384988 0.4979674 -0.1459959 0.1317927 0.9804672 -0.1585253 0.1390207 0.9775188 0.1459048 0.1412225 0.979167 -0.1853765 0.1150233 0.9759125 -0.2365819 0.05523787 0.9700401 -0.3405075 -0.06807844 0.937774 0.001869668 -0.2503427 0.9681555 0.01500544 -0.2814261 0.9594656 0.1076534 -0.2980784 0.9484514 0.2414685 -0.2357572 0.9413349 0.3649193 -0.1185812 0.9234567 0.4254446 -0.01757045 0.9048139 0.4277706 0.0482278 0.9025998 0.3984931 0.0934091 0.9124023 0.362578 0.1213243 0.9240225 0.3044451 0.09706463 0.9475714 0.3137496 0.1214948 0.9417007 0.3358716 0.1323588 0.9325618 -0.6007409 -0.1361552 0.787764 -0.5617444 -0.0159127 0.8271578 -0.5500497 0.06322522 0.8327352 -0.5857576 0.09039376 0.8054297 -0.4936551 0.1342078 0.8592397 -0.3884031 0.1216945 0.9134186 -0.1775149 0.07811067 0.9810133 0.1302071 0.06800566 0.9891518 0.3000999 0.06685542 0.9515621 -0.6317027 -0.08326674 0.7707259 -0.6705444 -0.0403445 0.7407716 -0.6907254 0.0387036 0.7220807 0.1252221 0.01130228 0.9920644 0.1535128 0.03096893 0.9876612 0.1801565 0.01620002 0.9835046 0.3178653 -0.03090623 0.947632 0.2985738 -0.01906661 0.9541961 0.2774485 -0.03134056 0.9602292 -9.770154e-15 1 1.352723e-15 -1.771841e-14 1 -3.676421e-14 -1.906699e-15 1 -4.887104e-15 0 1 0 0 1 0 0 1 0 0 1 0 0 1 0 0 1 0 0 1 0 0 1 0 0 1 0 0 1 0 0 1 0 0 1 0 0 1 0 0 1 0 -1.943819e-14 1 1.090598e-14 0 1 0 0 1 0 0 1 0 0 1 0 0.1060609 -0.0002733713 0.9943596 0.05612952 -3.098433e-15 0.9984235 0.1252397 0.0002011837 0.9921265 0.9724402 0.001041467 -0.23315 0.9700766 0.01893515 -0.2420595 0.9699911 0.003349246 -0.2431172 0.999761 -0.0005714283 -0.02185255 0.9975269 -0.001599381 0.07026775 0.9968584 -0.0002530066 -0.07920398 0.9897229 1.908789e-05 -0.1429988 0.9940116 -0.002189771 0.1092526 0.9872601 -0.001419094 0.1591086 0.976595 0.0002592322 0.2150865 0.9797111 -3.366575e-05 0.2004149 0.9745944 -0.02289863 0.2228034 0.9721474 -0.002643284 0.2343555 0.9749201 -0.001522024 0.2225498 0.9773207 -1.550264e-05 0.2117647 0.93479 -0.03680085 -0.3532893 0.979446 2.026776e-05 -0.2017067 0.9757484 3.099444e-06 -0.218895 0.9699828 -0.005690451 0.2431069 0.9644974 -0.002582483 0.2640796 0.9551404 -0.001088538 0.2961514 0.9509405 0.001054116 0.3093721 0.9157825 -0.0006958542 0.4016739 0.768112 -0.0005882443 0.6403153 0.8309634 0.0005972096 0.5563267 0.8900813 0.001874578 0.455798 0.9277354 0.003364884 0.3732234 0.9546552 0.003543319 0.2976926 0.3432099 0.000663905 0.9392585 0.4797664 0.0005269956 0.8773961 0.5645116 -0.0003288351 0.825425 0.6304059 -0.0001483573 0.7762656 0.7449841 4.023715e-16 0.6670822 0.3755894 -0.0004953613 0.926786 0.340332 -0.01034622 0.9402484 0.3258833 -0.005132958 0.9453961 0.3438739 -0.008151389 0.9389805 0.3417664 -0.0133761 0.9396898 0.3396914 -0.02181697 0.9402839 0.3384021 -0.03128606 0.9404814 0.2070279 0.0001069854 0.978335 0.2708725 -0.0007046291 0.962615 0.1972005 -0.000954471 0.9803627 0.8647667 -0.0009468751 -0.5021729 0.9627716 0.004723917 -0.270275 0.9458487 0.002902132 -0.3245949 0.9040579 0.001144406 -0.4274085 0.8436286 0.0003028802 -0.5369271 0.6890874 -6.571284e-05 -0.7246783 0.9304128 -0.01866795 -0.3660376 0.925006 -0.01418621 -0.3796877 0.9711486 0.03089735 -0.236465 0.9683725 0.00661745 -0.249421 0.91946 -0.008394017 -0.3930938 0.910631 -0.01345021 -0.4130015 0.9059463 -0.08589161 -0.4145889 0.8812158 -0.02528751 -0.4720373 0.8714629 -0.0624401 -0.4864706 0.8545136 -0.003422099 -0.5194177 0.8581954 -0.05092851 -0.5107906 0.8471106 0.01039352 -0.5313149 0.8585742 -0.04304277 -0.5108793 0.8584513 -0.05303392 -0.5101459 0.8457324 0.02682057 -0.5329328 0.8432585 0.05722694 -0.5344531 0.8345663 0.1346487 -0.5341992 0.7937798 0.3212061 -0.516469 0.552373 0.7456852 -0.3726093 0.5401045 0.7582992 -0.3650608 0.7183134 4.814413e-15 -0.6957196 0.5230591 -9.997257e-05 -0.8522964 0.4242891 0.0002718722 -0.9055268 0.2926801 0.0007519242 -0.9562101 0.168558 0.001659436 -0.9856903 0.2287204 3.824579e-15 -0.9734921 -0.8624001 -0.000757504 -0.5062268 -0.8697994 -0.0008862151 -0.4934048 -0.8695793 -0.0008164757 -0.4937926 -0.8644987 -0.01156243 -0.5025021 -0.8661648 -0.0008521202 -0.4997577 -0.8671012 -0.001026519 -0.498131 -0.8687018 -0.000609444 -0.495335 -0.8494042 0.002176791 -0.5277383 -0.8498485 0.001637742 -0.5270246 -0.8528565 0.001336346 -0.5221436 -0.8505915 0.0009752306 -0.5258261 -0.8517455 0.0007860235 -0.5239551 -0.8570434 0.0005175055 -0.515244 -0.8540531 0.0003285027 -0.5201858 -0.851214 0.006363076 -0.5247801 -0.8583936 -0.0007312884 -0.5129911 -0.8554504 -0.0008910915 -0.5178839 -0.849936 0.001952502 -0.5268823 -0.8493244 0.002174103 -0.5278667 -0.8619436 -0.007464221 -0.5069492 -0.8618191 -0.00047058 -0.5072156 -0.8647366 -5.128532e-05 -0.5022256 0 1 0 0 1 0 0 1 0 0 1 0 0.4306868 0.002488844 0.902498 0.4494494 0.003290338 0.8932997 0.4485553 0.003251986 0.8937492 0.4671255 0.004051884 0.8841818 0 1 0 0 1 0 0 -1 0 0 -1 0 -0.6752157 -0.00242669 -0.7376163 -0.6992165 -0.0006102932 -0.7149097 -0.697611 -0.0007336558 -0.7164764 -0.7208911 0.001082809 -0.6930475 0 1 0 0 1 0 0 1 0 0 1 0 -0.4582285 0 -0.8888344 -0.4879089 0 -0.8728946 -0.4879089 0 -0.8728946 -0.5170355 0 -0.855964 -2.73134e-14 1 1.117366e-14 -1.473507e-14 1 6.027982e-15 -1.262226e-14 1 5.163653e-15 0 1 0 -4.032114e-15 4.927788e-15 -1 9.397266e-16 2.398185e-15 -1 -1.165896e-16 2.962587e-15 -1 4.032114e-15 4.927788e-15 -1 1.643888e-15 3.555925e-15 -1 9.2081e-17 2.950217e-15 -1 -1.11734e-15 2.02398e-15 -1 4.032114e-15 4.927788e-15 -1 1.293184e-16 2.899407e-15 -1 1.605301e-15 2.571701e-15 -1 -7.351346e-16 4.466413e-15 -1 -7.671443e-17 3.017717e-15 -1 4.911613e-16 3.300507e-15 -1 7.919529e-15 2.651044e-15 -1 1.790125e-15 4.097454e-15 -1 -4.209907e-15 2.16718e-15 -1 -1.266205e-15 3.433434e-15 -1 -4.36124e-15 1.668102e-15 -1 -1.105894e-15 3.108277e-15 -1 -4.100227e-15 4.284995e-15 -1 -1.514669e-14 2.054958e-15 -1 2.286911e-15 4.299957e-15 -1 -5.1274e-15 2.395917e-15 -1 -2.082421e-15 3.60414e-15 -1 -2.130781e-29 5.782412e-15 -1 -3.868463e-15 5.083242e-15 -1 -5.964661e-15 7.133492e-15 -1 -2.577319e-14 1.539055e-14 -1 9.479219e-15 -1.585567e-15 -1 -4.032114e-15 4.927788e-15 -1 4.872695e-15 4.294121e-15 -1 -9.479219e-15 -1.585567e-15 -1 2.437793e-15 3.961181e-15 -1 3.105767e-15 4.896171e-15 -1 3.494521e-16 5.415226e-15 -1 4.169314e-16 5.357941e-15 -1 -3.285588e-15 4.586831e-15 -1 1.11734e-15 2.02398e-15 -1 -6.295489e-30 2.563531e-15 -1 -1.11734e-15 2.02398e-15 -1 -0.1060609 0.0002733713 0.9943596 -0.05612952 -3.444635e-15 0.9984235 -0.1252397 -0.0002011837 0.9921265 -0.9724402 -0.001041467 -0.23315 -0.9700766 -0.01893515 -0.2420595 -0.9699911 -0.003349246 -0.2431172 -0.6890874 6.571284e-05 -0.7246783 -0.4497164 0.0003808342 -0.8931713 -0.4242889 -0.0002542967 -0.9055268 -0.2553069 0.0007410064 -0.9668598 -0.2287204 2.108831e-15 -0.9734921 -0.8647667 0.0009468751 -0.5021729 -0.9627716 -0.004723917 -0.270275 -0.9458487 -0.002902132 -0.3245949 -0.9040579 -0.001144406 -0.4274085 -0.8436286 -0.0003028802 -0.5369271 -0.7183134 -4.109279e-16 -0.6957196 -0.9304128 0.01866795 -0.3660376 -0.925006 0.01418621 -0.3796877 -0.93479 0.03680085 -0.3532893 -0.91946 0.008394017 -0.3930938 -0.910631 0.01345021 -0.4130015 -0.9059463 0.08589161 -0.4145889 -0.8812158 0.02528751 -0.4720373 -0.8714629 0.0624401 -0.4864706 -0.8545136 0.003422099 -0.5194177 -0.8581954 0.05092851 -0.5107906 -0.8471106 -0.01039352 -0.5313149 -0.8585742 0.04304277 -0.5108793 -0.8584513 0.05303392 -0.5101459 -0.8457324 -0.02682057 -0.5329328 -0.8432585 -0.05722694 -0.5344531 -0.8345663 -0.1346487 -0.5341992 -0.7937798 -0.3212061 -0.516469 -0.552373 -0.7456852 -0.3726093 -0.5401045 -0.7582992 -0.3650608 -0.999761 0.0005714283 -0.02185255 -0.9975269 0.001599381 0.07026775 -0.9968584 0.0002530066 -0.07920398 -0.9897229 -1.908789e-05 -0.1429988 -0.9940116 0.002189771 0.1092526 -0.9872601 0.001419094 0.1591086 -0.976595 -0.0002592322 0.2150865 -0.9797111 3.366575e-05 0.2004149 -0.9745944 0.02289863 0.2228034 -0.9721474 0.002643284 0.2343555 -0.9749201 0.001522024 0.2225498 -0.9773207 1.550264e-05 0.2117647 -0.979446 -2.026776e-05 -0.2017067 -0.9757484 -3.099444e-06 -0.218895 -0.9683725 -0.00661745 -0.249421 -0.9711486 -0.03089735 -0.236465 -0.9699828 0.005690451 0.2431069 -0.9644974 0.002582483 0.2640796 -0.9551404 0.001088538 0.2961514 -0.9509405 -0.001054116 0.3093721 -0.9157825 0.0006958542 0.4016739 -0.768112 0.0005882443 0.6403153 -0.8309634 -0.0005972096 0.5563267 -0.8900813 -0.001874578 0.455798 -0.9277354 -0.003364884 0.3732234 -0.9546552 -0.003543319 0.2976926 -0.3432099 -0.000663905 0.9392585 -0.4797664 -0.0005269956 0.8773961 -0.5645116 0.0003288351 0.825425 -0.6304059 0.0001483573 0.7762656 -0.7449841 -4.610574e-15 0.6670822 -0.3755894 0.0004953613 0.926786 -0.340332 0.01034622 0.9402484 -0.3258833 0.005132958 0.9453961 -0.3438739 0.008151389 0.9389805 -0.3417664 0.0133761 0.9396898 -0.3396914 0.02181697 0.9402839 -0.3384021 0.03128606 0.9404814 -0.2070279 -0.0001069854 0.978335 -0.2708725 0.0007046291 0.962615 -0.1972005 0.000954471 0.9803627 1.491201e-14 -4.927257e-15 1 -5.760303e-15 -2.164453e-15 1 -5.743827e-15 -4.660462e-15 1 -8.180144e-18 -3.100482e-15 1 -8.409667e-18 -3.252002e-15 1 2.145487e-14 -6.796522e-15 1 1.051328e-14 -1.138035e-14 1 6.655656e-15 -7.578429e-15 1 8.243293e-16 -5.046515e-15 1 -2.162072e-15 -3.282083e-15 1 -1.468596e-15 -2.671054e-15 1 4.864823e-15 -5.10201e-15 1 -2.53578e-18 -3.306525e-15 1 1.84992e-15 -3.644189e-15 1 5.797799e-15 -2.525628e-15 1 -7.824004e-16 -3.410323e-15 1 -4.864823e-15 -5.10201e-15 1 -7.931342e-18 -3.248353e-15 1 1.497431e-15 -2.584588e-15 1 1.855556e-17 -3.286962e-15 1 -6.788129e-17 -3.124578e-15 1 -4.864823e-15 -5.10201e-15 1 1.497431e-15 -2.584588e-15 1 1.855556e-17 -3.286962e-15 1 -6.788129e-17 -3.124578e-15 1 -2.068295e-18 -3.309613e-15 1 1.116021e-29 -3.268635e-15 1 -1.468596e-15 -2.671054e-15 1 -2.089166e-17 -3.295527e-15 1 1.079998e-29 -3.336007e-15 1 -1.709116e-15 -3.159569e-15 1 4.351822e-15 -4.357912e-15 1 1.112658e-15 -3.29961e-15 1 5.119322e-15 -2.353765e-15 1 -7.919529e-15 -2.651044e-15 1 -1.969945e-15 -3.788115e-15 1 3.725594e-15 -5.296349e-15 1 4.169314e-16 -5.357941e-15 1 3.494521e-16 -5.415226e-15 1 3.105767e-15 -4.896171e-15 1 -2.42978e-15 -4.08685e-15 1 1.514669e-14 -2.054958e-15 1 9.275177e-30 -3.268635e-15 1 -2.089166e-17 -3.295527e-15 1 1.079998e-29 -3.336007e-15 1 3.993199e-16 -4.509719e-15 1 1.452639e-15 -3.802493e-15 1 4.864823e-15 -5.10201e-15 1 6.199831e-15 -1 -2.884476e-15 6.112026e-15 -1 -2.741036e-15 5.55357e-15 -1 -8.346925e-15 6.757723e-15 -1 -8.711942e-15 7.343395e-15 -1 -5.730752e-15 6.746514e-15 -1 -3.884339e-15 2.347502e-15 -1 -5.111452e-15 1.582369e-15 -1 -3.445452e-15 2.1903e-15 -1 -2.564863e-15 5.058936e-16 -1 -7.693216e-16 2.048937e-16 -1 -3.550908e-15 1.313669e-15 -1 -2.680206e-16 2.06806e-15 -1 -1.006464e-15 3.763165e-15 -1 -9.284035e-15 3.751685e-15 -1 6.450484e-17 2.853559e-15 -1 -4.413475e-15 3.39906e-15 -1 9.298205e-16 3.55874e-15 -1 2.597513e-15 3.328465e-15 -1 -2.66459e-15 3.269652e-15 -1 -1.902389e-15 -2.313732e-15 -1 -9.42841e-15 -1.629564e-15 -1 -9.702314e-15 2.338391e-15 -1 -8.449499e-15 4.165543e-15 -1 1.809573e-15 4.644468e-15 -1 5.005808e-15 5.607144e-15 -1 6.765312e-16 4.302491e-15 -1 -1.436038e-14 0 -1 0 -5.197433e-15 -1 -1.141642e-14 -5.471515e-16 -1 -8.469601e-15 4.678494e-15 -1 -3.482632e-15 0.6581576 0.03862701 -0.7518887 0.4157285 -0.1951145 -0.8883131 0.3928756 -0.3910827 -0.8322879 0.7673083 -0.1536692 -0.6225943 0.7642796 -0.08064766 -0.6398224 0.4059861 -0.7639762 -0.5015134 0.5026583 -0.6072288 -0.6153111 0.6902057 -0.3314042 -0.643263 0.7690502 -0.271276 -0.5787668 0.08033728 -0.981403 -0.1743391 0.07909785 -0.9897281 -0.1190872 0.2145607 -0.9294725 -0.3000742 0.1525912 -0.933412 -0.3247429 0.04571735 -0.9798203 -0.194582 0.07131832 -0.9501443 -0.3035449 0.2105389 -0.3234837 -0.9225138 0.189439 -0.5214842 -0.8319658 0.2976914 -0.7197299 -0.6271911 0.1582645 -0.7090737 -0.687144 0.1185423 -0.8482801 -0.5161091 0.2245476 -0.1901468 -0.9557314 6.487846e-16 -0.1951298 -0.9807774 8.400544e-17 -0.1951298 -0.9807774 8.049965e-16 -0.3211518 -0.9470277 5.201831e-16 -0.3211518 -0.9470277 1.264248e-15 -0.5279391 -0.8492822 1.264248e-15 -0.5279391 -0.8492822 1.942284e-15 -0.7071356 -0.707078 1.942284e-15 -0.7071356 -0.707078 2.516668e-15 -0.8488538 -0.5286277 2.516668e-15 -0.8488538 -0.5286277 2.961964e-15 -0.9468104 -0.321792 2.961964e-15 -0.9468104 -0.321792 3.148569e-15 -0.9808459 -0.1947852 3.148569e-15 -0.9808459 -0.1947852 -0.09352992 -0.9808667 -0.1707417 -0.05031618 -0.9796035 -0.1945385 -0.07896848 -0.9503782 -0.3009075 -0.1388969 -0.9711615 -0.1937859 -0.1598275 -0.9748927 -0.1550464 -0.1641445 -0.929461 -0.3303919 -0.2634181 -0.909183 -0.3224858 -0.3086317 -0.7295906 -0.6102819 -0.2984141 -0.885763 -0.3554897 -0.459308 -0.7424244 -0.4876907 -0.4295589 -0.3827257 -0.8179243 -0.726736 -0.4082906 -0.552407 -0.7996158 -0.0589659 -0.5976099 -0.7975514 -0.1214517 -0.5908987 -0.6657363 0.2874866 -0.6885831 -0.7865999 -0.2381401 -0.5696928 -0.7715374 -0.3367942 -0.5397219 -0.1353987 -0.8481602 -0.5121439 -0.1811165 -0.7060792 -0.6845794 -0.2179944 -0.5223948 -0.8243677 -0.2424811 -0.3180117 -0.9165541 -0.2511552 -0.1888831 -0.9493388 -0.4396846 -0.1950152 -0.8767249 -1 -2.195169e-16 -1.635335e-17 -1 -1.097584e-16 1.635335e-17 -0.8660252 -0.5000003 -1.627169e-15 -0.8660252 -0.5000003 -1.610816e-15 -0.5000003 -0.8660252 -2.790012e-15 -0.5000003 -0.8660252 -2.790012e-15 3.073236e-15 -1 -3.221629e-15 3.03665e-15 -1 -3.221629e-15 0.5000003 -0.8660252 -2.790012e-15 0.5000003 -0.8660252 -2.790012e-15 0.8660252 -0.5000003 -1.610816e-15 0.8660252 -0.5000003 -1.611851e-15 1 -7.317229e-17 1.03534e-18 1 -1.646377e-16 -1.03534e-18 0.8660252 0.5000003 1.611851e-15 0.8660252 0.5000003 1.610816e-15 0.5000003 0.8660252 2.790012e-15 0.5000003 0.8660252 2.790012e-15 -3.054943e-15 1 3.221629e-15 -3.018357e-15 1 3.221629e-15 -0.5000003 0.8660252 2.790012e-15 -0.5000003 0.8660252 2.790012e-15 -0.8660252 0.5000003 1.610816e-15 -0.8660252 0.5000003 1.627169e-15 -1 -8.00322e-17 -2.599602e-31 -1 -4.207407e-16 -1.364791e-30 -0.8660252 -0.5000003 -1.610816e-15 -0.8660252 -0.5000003 -1.610816e-15 -0.5000003 -0.8660252 -2.790012e-15 -0.5000003 -0.8660252 -2.790012e-15 3.073236e-15 -1 -3.221629e-15 3.018357e-15 -1 -3.221629e-15 0.5000003 -0.8660252 -2.790012e-15 0.5000003 -0.8660252 -2.790012e-15 0.8660252 -0.5000003 -1.610816e-15 0.8660252 -0.5000003 -1.610816e-15 1 4.573268e-16 1.364791e-30 1 7.317229e-17 1.299801e-31 0.8660252 0.5000003 1.610816e-15 0.8660252 0.5000003 1.610816e-15 0.5000003 0.8660252 2.790012e-15 0.5000003 0.8660252 2.790012e-15 -3.03665e-15 1 3.221629e-15 -3.000064e-15 1 3.221629e-15 -0.5000003 0.8660252 2.790012e-15 -0.5000003 0.8660252 2.790012e-15 -0.8660252 0.5000003 1.610816e-15 -0.8660252 0.5000003 1.610816e-15 -1 -8.460546e-17 -2.030939e-31 -1 -4.207407e-16 -1.299801e-30 -0.8660252 -0.5000003 -1.610816e-15 -0.8660252 -0.5000003 -1.610816e-15 -0.5000003 -0.8660252 -2.790012e-15 -0.5000003 -0.8660252 -2.790012e-15 3.073236e-15 -1 -3.221629e-15 3.018357e-15 -1 -3.221629e-15 0.5000003 -0.8660252 -2.790012e-15 0.5000003 -0.8660252 -2.790012e-15 0.8660252 -0.5000003 -1.610816e-15 0.8660252 -0.5000003 -1.610816e-15 1 4.573268e-16 1.364791e-30 1 7.317229e-17 1.949702e-31 0.8660252 0.5000003 1.610816e-15 0.8660252 0.5000003 1.610816e-15 0.5000003 0.8660252 2.790012e-15 0.5000003 0.8660252 2.790012e-15 -3.03665e-15 1 3.221629e-15 -3.000064e-15 1 3.221629e-15 -0.5000003 0.8660252 2.790012e-15 -0.5000003 0.8660252 2.790012e-15 -0.8660252 0.5000003 1.610816e-15 -0.8660252 0.5000003 1.610816e-15</float_array>
          <technique_common>
            <accessor count="3586" source="#normals-array-array" stride="3">
              <param type="float" name="X"/>
              <param type="float" name="Y"/>
              <param type="float" name="Z"/>
            </accessor>
          </technique_common>
        </source>
        <source id="texcoords-array">
          <float_array count="7172" id="texcoords-array-array">4.12713 4.04158 4.12507 4.04158 4.12462 4.04158 4.12211 4.04158 6.4324 4.41854 6.4324 4.4724 6.31103 4.4724 4.73325 4.39162 4.73325 4.36469 4.7636 4.36469 4.91531 4.44547 4.97599 4.44547 4.97599 4.4724 4.73746 4.4724 4.73325 4.4724 4.73325 4.45893 6.49308 4.0419 6.4324 4.04158 6.55376 4.04158 6.51963 4.042 6.52342 4.042 6.51015 4.042 6.51204 4.042 6.49877 4.042 6.50066 4.042 6.15932 4.08197 6.12898 4.08197 6.12898 4.07524 6.22 4.08365 6.22 4.08197 6.25034 4.08197 5.82556 4.09543 6.06829 4.09543 6.06829 4.12236 6.55376 4.12909 6.55376 4.13582 6.4324 4.13582 5.09736 4.04495 5.09736 4.04158 5.15804 4.04158 5.21872 4.06178 5.21872 4.06851 5.15804 4.06851 5.27941 4.06851 5.15804 4.08197 5.09736 4.08197 5.09736 4.07524 5.05184 4.04663 5.03667 4.04158 5.06701 4.04495 5.03667 4.04663 5.00633 4.04663 4.97599 4.04663 4.97599 4.04495 5.0215 4.05841 5.03667 4.05841 5.03667 4.05925 4.99116 4.05799 5.00633 4.05799 5.00633 4.05841 4.73325 4.04495 4.73325 4.04831 4.67257 4.04831 4.82428 4.04326 4.85462 4.04326 4.85462 4.04495 4.82428 4.04242 4.79394 4.04242 4.79394 4.04158 4.79394 4.06851 4.85462 4.06851 4.85462 4.07187 4.91531 4.08197 4.85462 4.08197 4.85462 4.07524 5.09736 4.0887 5.09736 4.09543 4.97599 4.09543 5.94693 4.20314 6.06829 4.20314 6.06829 4.25699 6.4324 4.25699 6.31103 4.25699 6.31103 4.20314 6.18966 4.25699 5.76488 4.20314 5.82556 4.20314 5.82556 4.25699 5.94693 4.25699 5.76488 4.25699 5.70419 4.25699 5.70419 4.20314 5.09736 4.23006 5.09736 4.25699 4.97599 4.25699 5.34009 4.23006 5.34009 4.25699 5.21872 4.25699 5.15804 4.25699 7.64607 4.06178 7.64607 4.05504 7.76744 4.05504 7.46402 4.04831 7.5247 4.04831 7.5247 4.05504 7.34265 4.0419 7.34265 4.04179 7.40333 4.04179 7.19094 4.042 7.1606 4.042 7.1606 4.0419 7.13026 4.0419 7.09992 4.04184 7.03923 4.04184 7.03923 4.04179 7.1606 4.04831 7.03923 4.04831 7.03923 4.04495 6.91786 4.1089 6.7965 4.1089 6.7965 4.09543 6.58411 4.0419 6.61445 4.0419 6.61445 4.042 6.64479 4.042 6.64479 4.04263 6.61445 4.04263 7.8888 4.41854 7.8888 4.4724 7.67885 4.4724 7.03923 4.41854 7.03923 4.4724 6.91786 4.4724 6.91786 4.41854 6.7965 4.4724 4.64223 4.36469 4.64055 4.36469 4.64047 4.35796 4.63556 4.05546 4.63505 4.05539 4.64098 4.05527 4.6986 4.4277 4.70291 4.41854 4.70291 4.44547 4.70636 4.40809 4.6548 4.39178 4.64223 4.39016 4.63629 4.38937 4.63697 4.38919 4.63758 4.38853 4.63799 4.38781 4.63843 4.38673 4.6395 4.3824 4.64033 4.37521 4.64056 4.36645 4.70291 4.39162 4.70407 4.39743 4.69504 4.39651 4.7069 4.39744 4.70633 4.39757 4.7068 4.3964 4.70704 4.39729 4.70728 4.39524 4.70724 4.39624 4.70719 4.39679 4.70712 4.3971 4.70735 4.39046 4.70699 4.40627 4.70727 4.40511 4.73325 4.41854 4.70735 4.40419 4.70291 4.45893 4.67684 4.4724 4.66527 4.4724 4.67241 4.46852 4.67257 4.4724 4.6726 4.46838 4.67932 4.46278 4.68815 4.45081 4.69518 4.43645 4.66898 4.04779 4.66886 4.04725 4.67257 4.04158 4.66832 4.04595 4.66694 4.04374 4.66527 4.04158 4.66196 4.05288 4.6676 4.05029 4.67257 4.05504 4.66867 4.04923 4.66893 4.04865 4.63758 4.05782 4.63684 4.05645 4.67257 4.06178 4.63647 4.05602 4.636 4.05565 4.67257 4.06851 4.639 4.06471 4.63825 4.06013 4.6393 4.07524 4.70735 4.07367 4.73325 4.07524 4.70735 4.07277 4.73325 4.07187 4.70735 4.07183 4.73325 4.06851 4.70731 4.07277 4.63946 4.06947 4.63946 4.06921 4.63943 4.06852 4.70735 4.08093 4.70735 4.07986 4.73325 4.08197 4.70735 4.07926 4.70732 4.07646 4.70735 4.07741 4.70735 4.07551 4.70735 4.07646 4.63928 4.07587 4.63913 4.08197 4.63912 4.08362 6.6658 4.4724 6.55593 4.4724 6.55376 4.41854 6.55376 4.4724 6.67513 4.41854 6.67513 4.4724 7.64607 4.36469 7.64607 4.41854 7.5247 4.41854 8.2529 4.36469 8.25318 4.4724 8.22731 4.4724 7.97134 4.4724 8.01017 4.4724 8.01017 4.36469 7.5247 4.36469 7.28197 4.41854 7.03923 4.33777 7.03923 4.36469 6.91786 4.36469 6.7965 4.41854 6.67513 4.36469 6.7965 4.36469 6.67513 4.33777 6.7965 4.33777 6.67513 4.31084 6.7965 4.31084 6.67513 4.28391 6.7965 4.28391 7.03923 4.31084 7.03923 4.28391 7.28197 4.36469 7.28197 4.33777 7.28197 4.31084 7.28197 4.25699 7.76744 4.41854 7.76744 4.36469 7.76744 4.31084 7.5247 4.33777 8.01017 4.31084 8.2529 4.31084 8.01017 4.25699 8.2529 4.25699 8.49564 4.36469 8.49564 4.4724 8.46078 4.4724 6.7965 4.17621 6.7965 4.16275 6.91786 4.16275 6.91786 4.14928 7.03923 4.14928 6.55376 4.17621 6.55376 4.16275 6.67513 4.16275 6.67513 4.15602 6.7965 4.14928 7.03923 4.25699 6.7965 4.25699 6.7965 4.20314 7.03923 4.20314 7.03923 4.17621 7.28197 4.17621 7.28197 4.14928 6.91786 4.17621 7.03923 4.16275 7.03923 4.13582 7.03923 4.14255 6.91786 4.13582 6.91786 4.14255 7.03923 4.12236 7.03923 4.12909 6.91786 4.12236 6.91786 4.12909 6.7965 4.12236 6.7965 4.12909 6.67513 4.13582 6.7965 4.08449 7.03923 4.08449 7.03923 4.08534 7.03923 4.08365 6.7965 4.08365 6.55376 4.08365 6.7965 4.04495 6.7965 4.04831 6.67513 4.04831 6.61445 4.04284 6.64479 4.04284 6.67513 4.04284 6.73581 4.04284 6.73581 4.04326 6.70547 4.04284 6.73581 4.04263 6.70547 4.04263 6.61445 4.04326 6.73581 4.04242 6.67513 4.0419 6.70547 4.0419 6.70547 4.042 6.73581 4.042 6.76616 4.042 6.73581 4.0419 6.76616 4.0419 6.67513 4.042 6.64479 4.0419 6.7965 4.04184 6.58411 4.042 6.7965 4.04179 6.7176 4.04158 6.7965 4.04158 6.85718 4.0419 6.7965 4.0419 6.85718 4.042 6.7965 4.042 6.85718 4.04242 6.7965 4.04242 6.85718 4.04263 6.7965 4.04263 6.85718 4.04284 6.7965 4.04284 6.85718 4.04326 6.7965 4.04326 6.91786 4.0419 6.91786 4.042 6.91786 4.04242 6.91786 4.04263 6.91786 4.04284 6.91786 4.04326 6.55376 4.06851 6.7965 4.05504 7.28197 4.13582 6.67513 4.20314 6.67513 4.25699 7.1606 4.12236 7.28197 4.0887 7.03923 4.0887 7.1606 4.08534 7.1606 4.08449 7.1606 4.08365 7.1606 4.08281 7.03923 4.08197 7.1606 4.08029 7.1606 4.08197 7.28197 4.08029 7.28197 4.08197 6.55376 4.08197 7.03923 4.0786 7.1606 4.0786 7.28197 4.0786 7.03923 4.06851 7.03923 4.05504 7.1606 4.05504 7.03923 4.042 7.03923 4.0419 7.09992 4.042 7.09992 4.0419 7.13026 4.042 7.1606 4.04184 7.09992 4.04179 7.1606 4.04242 7.03923 4.04242 7.03923 4.04326 7.03923 4.04284 7.03923 4.04263 7.22128 4.04242 7.1606 4.04179 7.22128 4.04179 7.19094 4.0419 7.28197 4.0419 7.28197 4.042 7.25162 4.0419 7.25162 4.042 7.22128 4.0419 7.22128 4.042 7.28197 4.04179 7.03923 4.04158 7.04086 4.04158 7.1606 4.04158 7.28197 4.04326 7.28197 4.04411 7.22128 4.04326 7.22128 4.04411 7.1606 4.04326 7.1606 4.04411 7.34265 4.05504 7.28197 4.06178 7.28197 4.05504 7.22128 4.06178 7.1606 4.06178 7.28197 4.07524 7.03923 4.07524 7.1606 4.06851 7.34265 4.08365 7.28197 4.08365 7.28197 4.08281 7.40333 4.08534 7.28197 4.08534 7.28197 4.08449 6.4324 4.08281 6.4324 4.08197 6.55376 4.0786 7.34265 4.0786 7.34265 4.08029 7.34265 4.08197 7.40333 4.08197 7.40333 4.08029 7.43368 4.08197 7.43368 4.0786 7.46402 4.07524 7.46402 4.0786 7.46402 4.08197 7.40333 4.0786 7.40333 4.07524 7.43368 4.06851 7.34265 4.06851 7.37299 4.06851 7.40333 4.06851 7.46402 4.08365 7.40333 4.08365 7.22128 4.06851 7.28197 4.06851 7.34265 4.06178 7.37299 4.06178 7.40333 4.06178 7.34265 4.04326 7.28197 4.04495 7.22128 4.04495 7.1606 4.04495 7.34265 4.042 7.31231 4.042 7.31231 4.0419 7.40333 4.04831 7.28197 4.04831 7.34265 4.04495 7.40333 4.05504 7.46402 4.05504 7.43368 4.06178 7.46402 4.06178 7.46402 4.06851 7.5247 4.04495 7.46402 4.04495 7.40333 4.04495 7.5247 4.06178 7.5247 4.06851 7.49436 4.07524 7.5247 4.07524 7.49436 4.0786 7.5247 4.08197 7.49436 4.08197 7.28197 4.04158 7.28197 4.20314 7.5247 4.14928 7.40333 4.12236 7.28197 4.12236 7.1606 4.1089 7.03923 4.1089 7.03923 4.09543 7.5247 4.31084 7.5247 4.25699 7.76744 4.25699 7.5247 4.20314 7.76744 4.20314 7.8888 4.36469 7.8888 4.31084 7.8888 4.25699 8.01017 4.20314 7.04086 4.4724 7.28275 4.4724 7.52579 4.4724 8.2529 4.14928 7.76744 4.06178 7.64607 4.06851 7.76744 4.06851 7.64607 4.07524 7.76744 4.07524 7.64607 4.08197 7.76744 4.08197 7.64607 4.08534 7.8888 4.05504 8.01017 4.06851 8.01017 4.07524 7.52579 4.04158 7.64607 4.04158 7.64607 4.04831 7.73374 4.04158 7.1606 4.09543 7.28197 4.1089 7.40333 4.1089 7.5247 4.12236 7.76744 4.12236 7.76744 4.14928 8.01017 4.14928 7.28197 4.09543 7.40333 4.09543 7.5247 4.09543 7.76744 4.09543 8.01017 4.09543 7.8888 4.04831 8.00961 4.05218 8.01017 4.05504 8.13154 4.05504 8.13154 4.06851 7.76676 4.05465 8.01017 4.08197 7.76744 4.0887 7.64607 4.0887 7.5247 4.0887 8.37427 4.08197 8.37427 4.06851 8.43496 4.06851 8.37427 4.05504 8.43496 4.05504 8.37427 4.04831 8.43496 4.04831 8.37427 4.04495 8.43496 4.04495 8.00657 4.04158 8.25235 4.04158 8.13154 4.04831 7.40333 4.0887 7.46402 4.08534 7.5247 4.08534 7.58538 4.08197 7.58538 4.07524 7.58538 4.06851 7.58538 4.06178 7.58538 4.05504 7.34507 4.04158 7.40333 4.04158 7.5247 4.04158 7.5247 4.04326 7.46402 4.04326 7.40333 4.04326 7.28197 4.04242 7.34265 4.04242 7.40333 4.04242 7.40333 4.042 5.15804 4.23006 5.21872 4.23006 5.15804 4.20314 5.21872 4.20314 5.34009 4.20314 5.46146 4.20314 5.09736 4.20314 4.97599 4.20314 4.85462 4.20314 4.85462 4.25699 4.73325 4.20314 4.73325 4.25699 4.63941 4.20312 4.63963 4.25698 5.09736 4.14928 4.97599 4.14928 4.85462 4.14928 4.73325 4.14928 4.63931 4.14928 5.64351 4.20314 5.64351 4.25699 5.58283 4.20314 5.58283 4.25699 5.46146 4.25699 5.82556 4.14928 5.70419 4.14928 6.4324 4.20314 6.31103 4.17621 6.4324 4.17621 6.55376 4.15602 6.4324 4.16275 6.4324 4.15602 6.31103 4.16275 6.31103 4.14928 6.18966 4.14928 5.94693 4.14928 6.06829 4.17621 6.18966 4.20314 5.58283 4.14928 5.46146 4.14928 5.34009 4.14928 5.21872 4.14928 5.15804 4.14928 5.09736 4.12236 4.97599 4.12236 4.85462 4.12236 4.73325 4.12236 4.63926 4.12236 4.63917 4.09543 4.73325 4.09543 4.85462 4.09543 4.97599 4.07187 5.03667 4.07524 4.97599 4.07524 5.03667 4.08197 4.97599 4.08197 4.97599 4.0887 4.70694 4.06805 4.70715 4.06799 4.70656 4.06807 4.70729 4.06786 4.73325 4.05504 4.70735 4.06765 4.70735 4.06762 4.70733 4.06756 4.70728 4.06749 4.70716 4.06739 4.69743 4.06572 4.70488 4.06658 4.70672 4.06716 4.6967 4.0661 4.69678 4.06618 4.6968 4.06585 4.69669 4.06593 4.69666 4.06598 4.69667 4.06604 4.69699 4.06631 4.69784 4.06664 4.79394 4.05841 4.85462 4.05841 4.85462 4.05925 4.79394 4.06009 4.85462 4.06178 4.79394 4.06178 4.85462 4.06009 4.79394 4.04831 4.79394 4.04495 4.79394 4.04326 4.85462 4.04831 4.85462 4.05168 4.79394 4.05504 4.669 4.04825 4.73357 4.04158 4.85462 4.04242 4.88496 4.05925 4.91531 4.07524 4.91531 4.07187 4.91531 4.06851 4.91531 4.06178 4.91531 4.06009 4.91531 4.05925 4.85462 4.05799 4.88496 4.05799 4.88496 4.05841 4.91531 4.05841 4.91531 4.05883 4.94565 4.05883 4.94565 4.05925 4.97599 4.05925 4.97599 4.06009 4.91531 4.05673 4.91531 4.05757 4.88496 4.05673 4.88496 4.05757 4.85462 4.05673 4.85462 4.05757 4.79394 4.05673 4.85462 4.05504 4.91531 4.05504 4.97599 4.05757 4.94565 4.05757 4.94565 4.05673 4.97599 4.06851 4.97599 4.06178 4.97599 4.05168 4.73325 4.05841 4.73325 4.06178 4.85462 4.042 4.88496 4.042 4.88496 4.04242 4.91531 4.04242 4.91531 4.04326 4.91531 4.05799 4.94565 4.05799 4.94565 4.05841 4.97599 4.05841 4.97599 4.05883 4.99116 4.05883 4.99116 4.05925 5.00633 4.05925 5.00633 4.06009 5.00633 4.06178 5.03667 4.06178 5.03667 4.06851 5.0215 4.05799 4.97599 4.05673 4.99116 4.05715 4.99116 4.05673 5.00633 4.05673 5.00633 4.05589 4.97599 4.05504 5.00633 4.05504 4.97599 4.05799 4.99116 4.05841 5.00633 4.05883 5.0215 4.05925 5.03667 4.06009 5.03667 4.05168 5.00633 4.04158 4.97599 4.04158 5.03667 4.05504 5.03667 4.05589 5.0215 4.05589 5.03667 4.05673 5.0215 4.05673 5.0215 4.05715 5.00633 4.05715 5.00633 4.05757 4.99116 4.05757 5.0215 4.05757 5.03667 4.05715 5.03667 4.05757 5.05184 4.05715 5.05184 4.05673 5.04426 4.05673 5.04426 4.05589 5.03667 4.05799 5.05184 4.05841 5.06701 4.06178 5.09736 4.06851 5.06701 4.06851 5.09736 4.06178 5.05184 4.05589 5.06701 4.05589 5.06701 4.05504 5.08219 4.05504 5.05184 4.04915 5.03667 4.05 5.03667 4.04915 5.00633 4.05 5.00633 4.04915 4.97599 4.05 4.97599 4.04831 5.06701 4.04915 5.06701 4.05 5.05184 4.05 5.05184 4.05168 5.06701 4.04831 5.05184 4.04831 5.03667 4.04831 5.00633 4.04831 5.05184 4.05504 5.06701 4.05168 5.06701 4.04158 5.08219 4.04495 5.08219 4.04831 5.06701 4.05673 5.08219 4.05589 5.09736 4.05504 5.09736 4.04831 4.91531 4.04158 4.87393 4.04158 4.85462 4.04158 4.82428 4.04158 5.09736 4.07187 5.21872 4.09543 5.15804 4.07524 5.21872 4.0786 5.21872 4.08197 5.27941 4.0786 5.34009 4.07524 5.27941 4.07524 5.21872 4.07524 5.46146 4.08197 5.46146 4.09543 5.34009 4.0887 5.34009 4.09543 5.27941 4.0887 5.21872 4.0887 5.05184 4.05757 5.06701 4.05841 5.09736 4.05841 5.34009 4.06178 5.27941 4.06178 5.27941 4.05841 5.21872 4.05504 5.21872 4.05841 5.09736 4.05673 5.08219 4.05673 5.06701 4.05757 5.21872 4.04831 5.21872 4.04158 5.22816 4.04158 5.27941 4.05504 5.27941 4.04831 5.30975 4.04831 5.34009 4.05504 5.31449 4.04831 5.31544 4.04831 5.34009 4.05841 5.31354 4.04831 5.46146 4.06851 5.46146 4.06178 5.58283 4.06178 5.34009 4.06851 5.40077 4.06178 5.40077 4.05841 5.40077 4.05504 5.34009 4.04831 5.46146 4.04831 5.58283 4.05504 5.46146 4.05841 5.46146 4.05504 5.37801 4.04158 5.32492 4.04831 5.31733 4.04831 5.31402 4.04831 5.31378 4.04831 5.46146 4.04158 5.58133 4.04158 5.58283 4.07524 5.58283 4.08197 5.58283 4.09543 5.08519 4.04158 5.21872 4.12236 5.34009 4.12236 5.46146 4.12236 5.58283 4.12236 5.70419 4.12236 5.82556 4.12236 6.06829 4.14928 6.18966 4.17621 6.67513 4.14255 6.67513 4.14928 6.55376 4.14255 6.55376 4.14928 6.4324 4.14255 6.4324 4.14928 6.31103 4.14255 6.55376 4.1089 6.55376 4.12236 6.4324 4.12236 6.4324 4.12909 6.37171 4.12236 6.31103 4.13582 6.18966 4.12236 6.18966 4.09543 6.12898 4.09543 6.12898 4.0887 6.31103 4.12236 5.70419 4.08197 5.70419 4.07524 5.70419 4.06851 6.06829 4.07524 6.06829 4.08197 5.94693 4.07524 5.94693 4.08197 5.82556 4.07524 5.82556 4.08197 5.70419 4.05504 5.58283 4.06851 5.46146 4.07524 5.34009 4.08197 5.27941 4.08197 5.82854 4.04158 5.97862 4.04158 5.94693 4.04495 6.06829 4.06851 5.94693 4.06851 5.82556 4.06851 6.25034 4.0887 6.18966 4.0887 6.22 4.08534 6.25034 4.08534 6.31103 4.08534 6.31103 4.0887 6.31103 4.09543 6.25034 4.09543 6.18966 4.08197 6.18966 4.08534 6.15932 4.0887 6.18966 4.0786 6.22 4.0786 6.25034 4.0786 6.28069 4.0786 6.28069 4.08197 6.31103 4.0786 6.4324 4.0887 6.4324 4.09543 6.37171 4.09543 6.25034 4.08365 6.28069 4.08365 6.31103 4.08449 6.4324 4.08449 6.55376 4.08449 6.4324 4.08534 6.31103 4.08197 6.37171 4.0786 6.4324 4.07524 6.37171 4.07524 6.31103 4.07524 6.28069 4.07524 6.25034 4.07524 6.22 4.07524 6.18966 4.07524 6.15932 4.07524 6.31103 4.08365 6.31103 4.08281 6.37171 4.08197 6.4324 4.0786 6.55376 4.07524 6.4324 4.08365 6.18966 4.06178 6.18966 4.06851 6.15932 4.06851 6.22 4.06851 6.22 4.06178 6.25034 4.06851 6.25034 4.06178 6.28069 4.06851 6.28069 4.06178 6.31103 4.06851 5.58283 4.04831 5.70419 4.04831 5.82556 4.04831 5.82556 4.05504 5.94693 4.04831 5.94693 4.05504 6.06829 4.04831 6.06829 4.05504 6.12898 4.04831 6.12898 4.05504 6.18966 4.04831 6.18966 4.04495 6.22 4.04831 6.06829 4.04495 6.06829 4.04158 6.07101 4.04158 6.31103 4.04831 6.25034 4.04831 6.31103 4.04495 6.25034 4.04495 6.28069 4.04326 6.25034 4.04326 6.28069 4.04284 6.25034 4.04242 6.28069 4.04242 6.12898 4.04158 6.18966 4.04158 6.25034 4.04158 6.31103 4.05504 6.25034 4.05504 6.22 4.05504 6.18966 4.05504 6.12898 4.06178 6.12898 4.06851 6.4324 4.06178 6.4324 4.06851 6.37171 4.06178 6.37171 4.06851 6.31103 4.06178 6.4324 4.05504 6.31103 4.04263 6.34137 4.04284 6.31103 4.04284 6.34137 4.04326 6.31103 4.04326 6.34137 4.04263 6.31103 4.04242 6.37171 4.04242 6.37171 4.04221 6.34137 4.04221 6.31103 4.04221 6.34137 4.042 6.31106 4.04203 6.31105 4.04192 6.50446 4.042 6.50256 4.042 6.50635 4.042 6.52342 4.0419 6.51584 4.042 6.51394 4.042 6.49687 4.042 6.49498 4.042 6.49308 4.04284 6.49308 4.042 6.46274 4.042 6.50825 4.042 6.52721 4.042 6.37172 4.04163 6.31104 4.04185 6.31105 4.04179 6.31103 4.04158 6.33817 4.04158 6.55376 4.0887 6.55376 4.09543 6.4324 4.1089 6.37171 4.1089 6.31103 4.1089 6.25034 4.1089 6.18966 4.1089 5.77625 4.04158 6.55376 4.08534 4.7636 4.4724 4.7636 4.46566 4.79394 4.46566 4.85462 4.45893 4.82428 4.46566 4.82428 4.45893 4.79394 4.45893 4.7636 4.45893 4.73325 4.44547 4.7636 4.44547 4.79394 4.44547 4.85462 4.44547 4.91531 4.4724 4.85462 4.4724 4.82428 4.4724 4.8029 4.4724 4.79394 4.4724 4.7636 4.41854 4.79394 4.41854 4.85462 4.41854 4.97599 4.41854 5.09736 4.41854 5.46146 4.41854 5.32508 4.4724 5.34009 4.41854 5.22238 4.4724 5.21872 4.41854 5.16923 4.4724 5.15804 4.41854 5.10115 4.4724 5.02134 4.4724 5.5171 4.4724 5.52214 4.41854 5.52214 4.4724 5.58283 4.41854 5.52214 4.36469 5.46146 4.36469 5.34009 4.36469 5.21872 4.36469 5.15804 4.36469 4.7636 4.39162 4.79394 4.36469 4.85462 4.36469 4.97599 4.36469 5.09736 4.36469 4.67257 4.39162 4.67257 4.36469 4.70291 4.36469 4.67257 4.35796 4.70291 4.35123 4.71808 4.39162 4.71808 4.36469 4.73325 4.35123 4.73325 4.33777 4.67257 4.35123 4.67257 4.33777 4.67257 4.3243 4.73325 4.3243 4.79394 4.33777 4.67257 4.39397 4.64039 4.35123 4.64026 4.34096 4.64008 4.3262 4.63993 4.30654 4.73325 4.31084 4.85462 4.31084 4.85462 4.33777 4.97599 4.31084 5.58283 4.31084 5.46146 4.31084 5.34009 4.31084 5.21872 4.31084 5.15804 4.31084 5.09736 4.31084 5.82556 4.41854 5.71257 4.4724 5.76488 4.41854 5.70419 4.4724 5.70419 4.41854 5.64351 4.4724 5.64351 4.41854 5.58608 4.4724 5.58283 4.4724 5.94693 4.41854 5.9185 4.4724 5.82854 4.4724 6.06829 4.36469 5.94693 4.36469 5.82556 4.36469 5.76488 4.36469 5.70419 4.36469 5.64351 4.36469 5.58283 4.36469 6.18966 4.4724 6.07101 4.4724 6.06829 4.41854 6.06829 4.4724 5.94693 4.4724 6.2787 4.4724 6.18966 4.41854 6.18966 4.36469 6.06829 4.31084 5.94693 4.31084 5.82556 4.31084 5.76488 4.31084 5.70419 4.31084 5.64351 4.31084 6.31103 4.41854 6.31103 4.36469 6.4324 4.36469 6.31103 4.33777 6.4324 4.33777 6.31103 4.31084 6.4324 4.31084 6.18966 4.31084 6.31103 4.28391 6.4324 4.28391 6.18966 4.28391 6.55376 4.36469 6.55376 4.33777 6.55376 4.31084 6.55376 4.28391 6.55376 4.25699 6.55376 4.20314 6.7965 4.14255 6.7965 4.13582 8.2529 4.08197 8.2529 4.06851 8.2529 4.05504 8.25295 4.04837 8.25297 4.04568 8.37441 4.04158 8.2529 4.09543 8.49564 4.04158 8.49564 4.04474 8.49564 4.05325 8.49564 4.05504 8.49564 4.06851 8.49564 4.08197 8.49564 4.11028 8.49564 4.16229 8.49564 4.25699 8.49564 4.31084 3.98684 4.01618 3.98656 4.01557 3.99505 4.02121 3.99233 4.02328 3.98951 4.02047 3.98804 4.01841 4.28509 4.02036 4.27446 4.02973 4.26524 4.02549 4.27299 4.03059 4.25822 4.03535 4.01328 4.02549 4.0137 4.02813 3.99826 4.02643 4.25536 4.0355 4.24109 4.03464 4.2095 4.03337 4.17812 4.03267 4.11728 4.03199 4.06076 4.0305 4.35813 8.40354 4.26128 8.40354 4.28549 8.16708 4.16354 5.80255 4.16354 6.039 4.10256 6.039 4.04158 5.9489 4.04158 5.80255 4.05683 5.80255 4.04158 5.75155 4.13305 5.21141 4.10256 5.21141 4.10256 5.09319 4.04158 5.44456 4.04158 5.36318 4.07207 5.44787 4.07207 5.32964 4.5294 4.79359 4.5294 4.80232 4.40744 4.85673 4.5294 4.97113 4.5294 5.01536 4.40744 4.97496 4.37695 5.09319 4.40744 5.09319 4.40744 5.21141 4.31598 4.85673 4.34647 4.85673 4.34647 4.97496 4.31598 4.97496 4.28549 4.97496 4.28549 4.85673 4.04695 8.40354 4.04158 8.40354 4.04158 8.28531 4.0492 8.16708 4.05683 8.16708 4.52556 4.66905 4.5294 4.66811 4.5294 4.67523 4.05985 4.70915 4.06396 4.70915 4.06445 4.73851 4.5294 4.73441 4.41155 4.71006 4.41162 4.70961 4.41167 4.70926 4.42119 4.70915 4.40999 4.70915 4.41165 4.70938 4.40211 4.70915 4.41169 4.70915 4.41142 4.71098 4.41116 4.71282 4.41063 4.71649 4.32045 4.70915 4.32726 4.70915 4.34647 4.73851 4.33485 4.70915 4.34056 4.70915 4.34244 4.70915 4.34324 4.70901 4.34647 4.6908 4.34125 4.6993 4.32623 4.64285 4.3437 4.70882 4.34394 4.70845 4.34365 4.70663 4.28549 4.73851 4.28549 4.70915 4.31395 4.70915 4.06675 4.70909 4.07207 4.73851 4.06869 4.70915 4.0757 4.70915 4.05683 4.73851 4.05777 4.70911 4.04952 4.70386 4.04158 4.73471 4.04921 4.70289 4.04158 4.67523 4.04158 4.66811 4.05102 4.70729 4.05239 4.70879 4.05481 4.70913 4.40744 4.67939 4.43793 4.64984 4.45318 4.64984 4.45791 4.644 4.46842 4.64984 4.51292 4.66846 4.51713 4.66927 4.5294 4.67939 4.51912 4.66944 4.52129 4.66947 4.52299 4.66938 4.48734 4.64378 4.49729 4.65922 4.50752 4.66651 4.40744 4.64984 4.40651 4.64389 4.44129 4.64403 4.39982 4.64984 4.3922 4.64984 4.38817 4.64369 4.36053 4.70915 4.37695 4.73851 4.35546 4.70915 4.35052 4.70915 4.35542 4.70912 4.37695 4.67939 4.34646 4.6431 4.35027 4.64315 4.37255 4.64347 4.04158 6.98482 4.04158 6.98323 4.07207 6.98482 4.04158 6.74651 4.07207 6.51191 4.04158 6.66957 4.04158 7.57502 4.04158 7.45772 4.07207 7.45772 4.04158 7.45667 4.04158 7.33831 4.04158 7.28149 4.04158 7.21995 4.04158 7.10159 4.04158 7.9266 4.04158 7.66053 4.05683 7.69418 4.07207 7.69418 4.05683 7.93063 4.05683 8.28531 4.07207 8.16708 4.07207 7.93063 4.10256 8.16708 4.10256 7.93063 4.10256 7.69418 4.13096 8.40354 4.09309 8.40354 4.07207 8.40354 4.06183 8.40354 4.05516 8.40354 4.10256 6.98482 4.10256 6.51191 4.16354 6.74836 4.16354 6.51191 4.22451 6.74836 4.22451 6.51191 4.16354 6.98482 4.22451 6.98482 4.22451 7.22127 4.16354 7.22127 4.22451 7.45772 4.16354 7.45772 4.22451 7.69418 4.16354 7.69418 4.22451 7.93063 4.16354 7.93063 4.22451 8.16708 4.16354 8.16708 4.22451 8.40354 4.16354 8.40354 4.10256 7.45772 4.28549 6.74836 4.5294 6.61905 4.5294 6.62815 4.5294 6.74651 4.5294 6.86487 4.28549 6.98482 4.5294 7.9301 4.5294 8.14186 4.28549 7.93063 4.28549 7.69418 4.5294 7.81174 4.5294 7.89224 4.5294 6.98323 4.5294 6.98482 4.28549 7.22127 4.5294 7.22071 4.28549 7.45772 4.5294 7.45772 4.5294 7.607 4.31598 4.79762 4.34647 4.79762 4.37695 4.85673 4.38458 4.67939 4.38458 4.73851 4.3922 4.67939 4.3922 4.73851 4.37696 4.64353 4.40744 4.73851 4.3922 4.85673 4.37695 4.97496 4.40956 4.72383 4.31598 4.73851 4.28549 5.09319 4.34647 5.09319 4.28549 5.21141 4.34647 5.21141 4.28549 5.32964 4.34647 5.32964 4.28549 5.44787 4.34647 5.44787 4.28549 5.5661 4.34647 5.5661 4.34647 5.68432 4.40744 5.32964 4.40744 5.44787 4.5294 4.82318 4.5294 4.85277 4.5294 4.91195 4.5294 4.73851 4.5294 4.764 4.5294 5.49883 4.5294 5.31156 4.5294 5.21141 4.5294 5.15958 4.5294 5.09319 4.40744 5.5661 4.5294 5.6221 4.40744 5.68432 4.5294 5.68128 4.5294 5.68946 4.46842 6.039 4.5294 6.039 4.5294 6.15472 4.5294 6.24155 4.40744 6.27546 4.40744 6.039 4.40744 5.80255 4.46842 5.80255 4.5294 5.80255 4.5294 5.89028 4.5294 5.918 4.5294 6.03636 4.5294 5.50374 4.5294 5.56292 4.5294 5.5661 4.40744 6.51191 4.28549 6.51191 4.28549 6.27546 4.28549 6.039 4.28549 5.80255 4.28549 5.68432 4.04158 4.87159 4.04158 4.85277 4.05683 4.85673 4.04158 4.82318 4.04158 4.79359 4.06445 4.85673 4.06445 4.97496 4.05683 4.97496 4.04158 5.03031 4.04158 5.0599 4.04158 5.07762 4.04158 5.00072 4.04158 4.97113 4.04158 4.91195 4.07207 4.85673 4.07207 4.97496 4.07207 5.09319 4.05683 5.09319 4.04158 5.08949 4.04158 5.14866 4.07207 5.21141 4.04158 5.20784 4.04158 5.21705 4.13305 5.32964 4.16354 5.32964 4.16354 5.44787 4.10256 4.70915 4.16354 4.70915 4.10256 4.73851 4.16354 4.73851 4.10256 4.85673 4.16354 4.85673 4.10256 4.97496 4.16354 4.97496 4.16354 5.09319 4.16354 5.21141 4.04158 6.03636 4.05683 6.039 4.07207 6.039 4.04158 6.27308 4.04158 6.2139 4.07207 6.27546 4.04158 6.15472 4.04158 6.09554 4.04158 6.039 4.08731 6.27546 4.08731 6.51191 4.08731 6.98482 4.08731 7.45772 4.04158 6.50979 4.04158 6.39143 4.04158 6.29954 4.04158 8.16628 4.10256 5.80255 4.10256 5.68432 4.16354 5.5661 4.10256 5.5661 4.10256 5.44787 4.10256 5.32964 4.22451 4.70915 4.22451 4.73851 4.22451 4.85673 4.22451 4.97496 4.22451 5.09319 4.22451 5.21141 4.22451 5.32964 4.22451 5.44787 4.22451 5.5661 4.22451 6.039 4.22451 5.80255 4.22451 5.68432 4.07207 5.5661 4.07207 5.68432 4.07207 5.80255 4.08731 6.039 4.10256 6.27546 4.16354 6.27546 4.22451 6.27546 4.04158 5.56147 4.5294 8.40354 4.5294 8.36954 4.5294 8.16708 4.5294 6.27308 4.5294 6.39143 4.5294 6.50979 4.5294 6.51191 4.01931 4.04603 4.04091 4.04187 4.05499 4.04736 4.07461 4.04598 4.07642 4.04876 4.09318 4.04854 4.10185 4.05111 4.12814 4.05337 4.1562 4.05691 3.9889 4.04254 3.98885 4.0424 3.98887 4.04227 3.98977 4.04097 3.99071 4.04049 4.00036 4.04476 3.99246 4.03997 4.00233 4.03919 4.02262 4.04013 3.99054 4.04334 3.98916 4.04279 3.98892 4.04257 3.98905 4.0417 4.05197 4.05586 4.04977 4.05473 4.04977 4.05472 4.04765 4.05344 4.2562 4.04158 4.25372 4.04161 4.25372 4.04158 4.25124 4.04158 4.05416 4.05434 4.05243 4.05276 4.05243 4.05275 4.05081 4.05107 4.24638 4.04158 4.24404 4.04162 4.24404 4.04158 4.24169 4.04158 4.23422 4.04619 4.23333 4.04389 4.23354 4.0422 4.23389 4.04163 4.23397 4.04162 4.23381 4.04168 4.23371 4.04179 4.23524 4.05135 4.23516 4.05143 4.23489 4.05096 4.23509 4.05146 4.23501 4.05146 4.23442 4.05075 4.23479 4.05134 4.23493 4.05144 4.2347 4.04199 4.23485 4.04235 4.23556 4.05037 4.23536 4.05116 4.23454 4.0418 4.23432 4.04168 4.23401 4.04162 3.93773 4.0287 3.93909 4.02934 3.93909 4.02935 3.94041 4.03005 4.1414 4.04158 4.1399 4.04161 4.1399 4.04158 4.1384 4.04158 4.10655 4.04137 4.11304 4.04028 4.10796 4.04488 4.09999 4.04509 4.10107 4.044 4.10162 4.04358 4.10564 4.04165 4.09899 4.04707 4.09864 4.05218 4.09921 4.05405 4.10087 4.05627 4.18139 -21.3326 4.16199 -21.3326 4.16199 -21.331 4.18284 -21.3321 4.18179 -21.3325 4.18181 -21.331 4.1883 -21.3306 4.18181 -21.3293 4.19539 -21.3294 4.19861 -21.3286 4.18181 -21.3277 4.20031 -21.3278 4.17489 -21.326 4.18181 -21.326 4.19381 -21.326 4.2008 -21.3274 4.20138 -21.326 4.20136 -21.3265 4.20119 -21.3269 4.16199 -21.3304 4.16199 -21.3293 4.16199 -21.3282 4.16199 -21.3277 4.16199 -21.326 4.24506 4.06137 3.9931 4.06137 4.24506 4.06302 3.9931 4.06302 4.24506 4.06357 3.9931 4.06357 4.24506 4.06467 3.9931 4.06467 4.24506 4.06577 3.9931 4.06577 4.24506 4.06632 3.9931 4.06632 4.24506 4.06797 3.9931 4.06797 4.13017 -21.326 4.1443 -21.326 4.1443 -21.3277 4.12689 -21.3267 4.12683 -21.326 4.12937 -21.3295 4.1278 -21.3282 4.1274 -21.3277 4.12713 -21.3273 4.1443 -21.3326 4.13474 -21.3326 4.13187 -21.3311 4.1443 -21.331 4.16199 -21.3326 4.16199 -21.331 4.16199 -21.3277 4.16199 -21.3282 4.1443 -21.3293 4.16199 -21.3293 4.16199 -21.3304 4.16199 -21.326 6.55376 4.41854 6.55376 4.4724 6.4324 4.4724 6.4324 4.41854 6.31103 4.4724 6.2787 4.4724 6.18966 4.4724 6.18966 4.41854 6.06829 4.41854 6.06829 4.4724 5.94693 4.4724 4.73325 4.39162 4.73325 4.36469 4.7636 4.36469 4.91531 4.44547 4.97599 4.44547 4.97599 4.4724 6.49308 4.0419 6.4324 4.04158 6.55376 4.04158 6.51963 4.042 6.52342 4.042 6.51015 4.042 6.51204 4.042 6.49877 4.042 6.50066 4.042 6.34137 4.04221 6.31103 4.04221 6.31106 4.04203 6.34137 4.04284 6.34137 4.04326 6.31103 4.04263 6.31103 4.04284 6.28069 4.04284 6.06829 4.04495 6.06829 4.04158 6.12898 4.04158 6.15932 4.08197 6.12898 4.08197 6.12898 4.07524 6.06829 4.08197 5.58283 4.07524 5.58283 4.06851 5.70419 4.06851 5.70419 4.07524 5.70419 4.08197 5.58283 4.08197 6.18966 4.14928 6.06829 4.14928 6.06829 4.12236 6.55376 4.12909 6.55376 4.13582 6.4324 4.13582 5.21872 4.06178 5.21872 4.06851 5.15804 4.06851 5.27941 4.06851 5.27941 4.0786 5.27941 4.07524 5.34009 4.07524 5.05184 4.04663 5.03667 4.04158 5.06701 4.04495 5.03667 4.04663 5.00633 4.04663 4.97599 4.04663 4.97599 4.04495 5.0215 4.05841 5.03667 4.05841 5.03667 4.05925 4.99116 4.05799 5.00633 4.05799 5.00633 4.05841 4.73325 4.04495 4.73325 4.04831 4.67257 4.04831 4.82428 4.04326 4.85462 4.04326 4.85462 4.04495 4.82428 4.04242 4.79394 4.04242 4.79394 4.04158 4.79394 4.06851 4.85462 4.06851 4.85462 4.07187 4.91531 4.08197 4.85462 4.08197 4.85462 4.07524 5.09736 4.0887 5.09736 4.09543 4.97599 4.09543 6.4324 4.25699 6.31103 4.25699 6.31103 4.20314 5.64351 4.25699 5.58283 4.25699 5.58283 4.20314 5.46146 4.20314 5.09736 4.23006 5.09736 4.25699 4.97599 4.25699 7.64607 4.06178 7.64607 4.05504 7.76744 4.05504 7.46402 4.04831 7.5247 4.04831 7.5247 4.05504 7.34265 4.0419 7.34265 4.04179 7.40333 4.04179 7.19094 4.042 7.1606 4.042 7.1606 4.0419 7.13026 4.0419 7.09992 4.04184 7.03923 4.04184 7.03923 4.04179 7.1606 4.04831 7.03923 4.04831 7.03923 4.04495 6.91786 4.1089 6.7965 4.1089 6.7965 4.09543 6.58411 4.0419 6.61445 4.0419 6.61445 4.042 6.64479 4.042 6.64479 4.04263 6.61445 4.04263 7.8888 4.41854 7.8888 4.4724 7.67885 4.4724 6.91786 4.41854 6.91786 4.4724 6.7965 4.4724 6.6658 4.4724 4.64223 4.36469 4.64055 4.36469 4.64047 4.35796 4.63556 4.05546 4.63505 4.05539 4.64098 4.05527 4.6986 4.4277 4.70291 4.41854 4.70291 4.44547 4.70636 4.40809 4.6548 4.39178 4.64223 4.39016 4.63629 4.38937 4.63697 4.38919 4.63758 4.38853 4.63799 4.38781 4.63843 4.38673 4.6395 4.3824 4.64033 4.37521 4.64056 4.36645 4.70291 4.39162 4.70407 4.39743 4.69504 4.39651 4.7069 4.39744 4.70633 4.39757 4.7068 4.3964 4.70704 4.39729 4.70728 4.39524 4.70724 4.39624 4.70719 4.39679 4.70712 4.3971 4.70735 4.39046 4.70699 4.40627 4.70727 4.40511 4.73325 4.41854 4.70735 4.40419 4.70291 4.45893 4.73325 4.4724 4.67684 4.4724 4.66527 4.4724 4.67241 4.46852 4.67257 4.4724 4.6726 4.46838 4.67932 4.46278 4.68815 4.45081 4.69518 4.43645 4.66898 4.04779 4.66886 4.04725 4.67257 4.04158 4.66832 4.04595 4.66694 4.04374 4.66527 4.04158 4.66196 4.05288 4.6676 4.05029 4.67257 4.05504 4.66867 4.04923 4.66893 4.04865 4.63758 4.05782 4.63684 4.05645 4.67257 4.06178 4.63647 4.05602 4.636 4.05565 4.63946 4.06947 4.63946 4.06921 4.70735 4.07367 4.67257 4.06851 4.70731 4.07277 4.70735 4.07183 4.63943 4.06852 4.639 4.06471 4.63825 4.06013 4.73325 4.06851 4.73325 4.07187 4.70735 4.07277 4.73325 4.07524 4.6393 4.07524 4.70732 4.07646 4.70735 4.07741 4.70735 4.08093 4.70735 4.07986 4.73325 4.08197 4.70735 4.07926 4.70735 4.07551 4.70735 4.07646 4.63928 4.07587 4.63913 4.08197 4.63912 4.08362 6.67513 4.41854 6.67513 4.4724 7.64607 4.36469 7.64607 4.41854 7.5247 4.41854 8.2529 4.36469 8.2529 4.4724 8.22731 4.4724 7.97134 4.4724 8.01017 4.4724 8.01017 4.36469 7.5247 4.36469 7.28197 4.41854 7.03923 4.33777 7.03923 4.36469 6.91786 4.36469 6.7965 4.41854 6.67513 4.36469 6.7965 4.36469 6.67513 4.33777 6.7965 4.33777 6.67513 4.31084 6.7965 4.31084 6.67513 4.28391 6.7965 4.28391 7.03923 4.31084 7.03923 4.28391 7.03923 4.41854 7.28197 4.36469 7.28197 4.33777 7.28197 4.31084 7.28197 4.25699 7.76744 4.41854 7.76744 4.36469 7.76744 4.31084 7.5247 4.33777 8.01017 4.31084 8.2529 4.31084 8.01017 4.25699 8.2529 4.25699 8.49564 4.36469 8.49564 4.4724 8.46078 4.4724 6.7965 4.17621 6.7965 4.16275 6.91786 4.16275 6.91786 4.14928 7.03923 4.14928 6.55376 4.17621 6.55376 4.16275 6.67513 4.16275 6.67513 4.15602 6.7965 4.14928 7.03923 4.25699 6.7965 4.25699 6.7965 4.20314 7.03923 4.20314 7.03923 4.17621 7.28197 4.17621 7.28197 4.14928 6.91786 4.17621 7.03923 4.16275 7.03923 4.13582 7.03923 4.14255 6.91786 4.13582 6.91786 4.14255 7.03923 4.12236 7.03923 4.12909 6.91786 4.12236 6.91786 4.12909 6.7965 4.12236 6.7965 4.12909 6.67513 4.13582 6.7965 4.08449 7.03923 4.08449 7.03923 4.08534 7.03923 4.08365 6.7965 4.08365 6.55376 4.08365 6.7965 4.04495 6.7965 4.04831 6.67513 4.04831 6.61445 4.04284 6.64479 4.04284 6.67513 4.04284 6.73581 4.04284 6.73581 4.04326 6.70547 4.04284 6.73581 4.04263 6.70547 4.04263 6.61445 4.04326 6.73581 4.04242 6.67513 4.0419 6.70547 4.0419 6.70547 4.042 6.73581 4.042 6.76616 4.042 6.73581 4.0419 6.76616 4.0419 6.67513 4.042 6.64479 4.0419 6.7965 4.04184 6.58411 4.042 6.7965 4.04179 6.7176 4.04158 6.7965 4.04158 6.85718 4.0419 6.7965 4.0419 6.85718 4.042 6.7965 4.042 6.85718 4.04242 6.7965 4.04242 6.85718 4.04263 6.7965 4.04263 6.85718 4.04284 6.7965 4.04284 6.85718 4.04326 6.7965 4.04326 6.91786 4.0419 6.91786 4.042 6.91786 4.04242 6.91786 4.04263 6.91786 4.04284 6.91786 4.04326 6.55376 4.06851 6.7965 4.05504 7.28197 4.13582 6.67513 4.20314 6.67513 4.25699 7.1606 4.12236 7.28197 4.0887 7.03923 4.0887 7.1606 4.08534 7.1606 4.08449 7.1606 4.08365 7.1606 4.08281 7.03923 4.08197 7.1606 4.08029 7.1606 4.08197 7.28197 4.08029 7.28197 4.08197 6.55376 4.08197 7.03923 4.0786 7.1606 4.0786 7.28197 4.0786 7.03923 4.06851 7.03923 4.05504 7.1606 4.05504 7.03923 4.042 7.03923 4.0419 7.09992 4.042 7.09992 4.0419 7.13026 4.042 7.1606 4.04184 7.09992 4.04179 7.1606 4.04242 7.03923 4.04242 7.03923 4.04326 7.03923 4.04284 7.03923 4.04263 7.22128 4.04242 7.1606 4.04179 7.22128 4.04179 7.19094 4.0419 7.28197 4.0419 7.28197 4.042 7.25162 4.0419 7.25162 4.042 7.22128 4.0419 7.22128 4.042 7.28197 4.04179 7.03923 4.04158 7.1606 4.04158 7.28197 4.04326 7.28197 4.04411 7.22128 4.04326 7.22128 4.04411 7.1606 4.04326 7.1606 4.04411 7.34265 4.05504 7.28197 4.06178 7.28197 4.05504 7.22128 4.06178 7.1606 4.06178 7.28197 4.07524 7.03923 4.07524 7.1606 4.06851 7.34265 4.08365 7.28197 4.08365 7.28197 4.08281 7.40333 4.08534 7.28197 4.08534 7.28197 4.08449 6.4324 4.08281 6.4324 4.08197 6.55376 4.0786 7.34265 4.0786 7.34265 4.08029 7.34265 4.08197 7.40333 4.08197 7.40333 4.08029 7.43368 4.08197 7.43368 4.0786 7.46402 4.07524 7.46402 4.0786 7.46402 4.08197 7.40333 4.0786 7.40333 4.07524 7.43368 4.06851 7.34265 4.06851 7.37299 4.06851 7.40333 4.06851 7.46402 4.08365 7.40333 4.08365 7.22128 4.06851 7.28197 4.06851 7.34265 4.06178 7.37299 4.06178 7.40333 4.06178 7.34265 4.04326 7.28197 4.04495 7.22128 4.04495 7.1606 4.04495 7.34265 4.042 7.31231 4.042 7.31231 4.0419 7.40333 4.04831 7.28197 4.04831 7.34265 4.04495 7.40333 4.05504 7.46402 4.05504 7.43368 4.06178 7.46402 4.06178 7.46402 4.06851 7.5247 4.04495 7.46402 4.04495 7.40333 4.04495 7.5247 4.06178 7.5247 4.06851 7.49436 4.07524 7.5247 4.07524 7.49436 4.0786 7.5247 4.08197 7.49436 4.08197 7.28197 4.04158 7.28197 4.20314 7.5247 4.14928 7.40333 4.12236 7.28197 4.12236 7.1606 4.1089 7.03923 4.1089 7.03923 4.09543 7.5247 4.31084 7.5247 4.25699 7.76744 4.25699 7.5247 4.20314 7.76744 4.20314 7.8888 4.36469 7.8888 4.31084 7.8888 4.25699 8.01017 4.20314 7.03923 4.4724 7.28275 4.4724 7.52579 4.4724 8.2529 4.14928 7.76744 4.06178 7.64607 4.06851 7.76744 4.06851 7.64607 4.07524 7.76744 4.07524 7.64607 4.08197 7.76744 4.08197 7.64607 4.08534 7.8888 4.05504 8.01017 4.06851 8.01017 4.07524 7.64607 4.04831 7.64607 4.04158 7.73374 4.04158 7.1606 4.09543 7.28197 4.1089 7.40333 4.1089 7.5247 4.12236 7.76744 4.12236 7.76744 4.14928 8.01017 4.14928 7.28197 4.09543 7.40333 4.09543 7.5247 4.09543 7.76744 4.09543 8.01017 4.09543 7.8888 4.04831 8.00961 4.05218 8.01017 4.05504 8.13154 4.05504 8.13154 4.06851 7.76676 4.05465 8.01017 4.08197 7.76744 4.0887 7.64607 4.0887 7.5247 4.0887 8.37427 4.08197 8.37427 4.06851 8.43496 4.06851 8.37427 4.05504 8.43496 4.05504 8.37427 4.04831 8.43496 4.04831 8.37427 4.04495 8.43496 4.04495 8.00657 4.04158 8.25235 4.04158 8.13154 4.04831 7.40333 4.0887 7.46402 4.08534 7.5247 4.08534 7.58538 4.08197 7.58538 4.07524 7.58538 4.06851 7.58538 4.06178 7.58538 4.05504 7.34507 4.04158 7.40333 4.04158 7.5247 4.04158 7.5247 4.04326 7.46402 4.04326 7.40333 4.04326 7.28197 4.04242 7.34265 4.04242 7.40333 4.04242 7.40333 4.042 5.21872 4.25699 5.15804 4.25699 5.15804 4.23006 5.34009 4.23006 5.34009 4.20314 5.21872 4.23006 5.21872 4.20314 5.15804 4.20314 5.09736 4.20314 4.97599 4.20314 4.85462 4.20314 4.85462 4.25699 4.73325 4.20314 4.73325 4.25699 4.63941 4.20312 4.63963 4.25698 5.09736 4.14928 4.97599 4.14928 4.85462 4.14928 4.73325 4.14928 4.63931 4.14928 5.46146 4.25699 5.34009 4.25699 5.70419 4.25699 5.64351 4.20314 6.06829 4.25699 6.06829 4.20314 6.18966 4.25699 6.18966 4.20314 5.76488 4.25699 5.70419 4.20314 5.70419 4.14928 5.82556 4.14928 5.82556 4.20314 5.76488 4.20314 5.82556 4.25699 6.18966 4.17621 6.06829 4.17621 5.94693 4.20314 5.94693 4.25699 6.4324 4.20314 6.31103 4.17621 6.4324 4.17621 6.31103 4.16275 6.4324 4.15602 6.4324 4.16275 6.55376 4.15602 5.94693 4.14928 6.31103 4.14928 5.58283 4.14928 5.46146 4.14928 5.34009 4.14928 5.21872 4.14928 5.15804 4.14928 5.09736 4.12236 4.97599 4.12236 4.85462 4.12236 4.73325 4.12236 4.63926 4.12236 5.58283 4.12236 5.46146 4.12236 5.34009 4.12236 5.21872 4.12236 4.63917 4.09543 4.73325 4.09543 4.85462 4.09543 4.97599 4.07187 5.03667 4.07524 4.97599 4.07524 5.03667 4.08197 4.97599 4.08197 4.97599 4.0887 4.69667 4.06604 4.69666 4.06598 4.69669 4.06593 4.6968 4.06585 4.6967 4.0661 4.69678 4.06618 4.69699 4.06631 4.69784 4.06664 4.70656 4.06807 4.70694 4.06805 4.70715 4.06799 4.70729 4.06786 4.73325 4.05504 4.70735 4.06765 4.70735 4.06762 4.70733 4.06756 4.70728 4.06749 4.70716 4.06739 4.70672 4.06716 4.70488 4.06658 4.69743 4.06572 4.79394 4.05841 4.85462 4.05841 4.85462 4.05925 4.79394 4.06009 4.85462 4.06178 4.79394 4.06178 4.85462 4.06009 4.79394 4.04831 4.79394 4.04495 4.79394 4.04326 4.85462 4.04831 4.85462 4.05168 4.79394 4.05504 4.669 4.04825 4.73357 4.04158 4.85462 4.04242 4.88496 4.05925 4.91531 4.07524 4.91531 4.07187 4.91531 4.06851 4.91531 4.06178 4.91531 4.06009 4.91531 4.05925 4.85462 4.05799 4.88496 4.05799 4.88496 4.05841 4.91531 4.05841 4.91531 4.05883 4.94565 4.05883 4.94565 4.05925 4.97599 4.05925 4.97599 4.06009 4.91531 4.05673 4.91531 4.05757 4.88496 4.05673 4.88496 4.05757 4.85462 4.05673 4.85462 4.05757 4.79394 4.05673 4.85462 4.05504 4.91531 4.05504 4.97599 4.05757 4.94565 4.05757 4.94565 4.05673 4.97599 4.06851 4.97599 4.06178 4.97599 4.05168 4.73325 4.05841 4.73325 4.06178 4.85462 4.042 4.88496 4.042 4.88496 4.04242 4.91531 4.04242 4.91531 4.04326 4.91531 4.05799 4.94565 4.05799 4.94565 4.05841 4.97599 4.05841 4.97599 4.05883 4.99116 4.05883 4.99116 4.05925 5.00633 4.05925 5.00633 4.06009 5.00633 4.06178 5.03667 4.06178 5.03667 4.06851 5.0215 4.05799 4.97599 4.05673 4.99116 4.05715 4.99116 4.05673 5.00633 4.05673 5.00633 4.05589 4.97599 4.05504 5.00633 4.05504 4.97599 4.05799 4.99116 4.05841 5.00633 4.05883 5.0215 4.05925 5.03667 4.06009 5.03667 4.05168 5.00633 4.04158 4.97599 4.04158 5.03667 4.05504 5.03667 4.05589 5.0215 4.05589 5.03667 4.05673 5.0215 4.05673 5.0215 4.05715 5.00633 4.05715 5.00633 4.05757 4.99116 4.05757 5.0215 4.05757 5.03667 4.05715 5.03667 4.05757 5.05184 4.05715 5.05184 4.05673 5.04426 4.05673 5.04426 4.05589 5.03667 4.05799 5.05184 4.05841 5.06701 4.06178 5.09736 4.06851 5.06701 4.06851 5.09736 4.06178 5.05184 4.05589 5.06701 4.05589 5.06701 4.05504 5.08219 4.05504 5.05184 4.04915 5.03667 4.05 5.03667 4.04915 5.00633 4.05 5.00633 4.04915 4.97599 4.05 4.97599 4.04831 5.06701 4.04915 5.06701 4.05 5.05184 4.05 5.05184 4.05168 5.06701 4.04831 5.05184 4.04831 5.03667 4.04831 5.00633 4.04831 5.05184 4.05504 5.06701 4.05168 5.06701 4.04158 5.08219 4.04495 5.08219 4.04831 5.06701 4.05673 5.08219 4.05589 5.09736 4.05504 5.09736 4.04831 4.91531 4.04158 4.87393 4.04158 4.85462 4.04158 4.82428 4.04158 5.09736 4.07187 5.21872 4.09543 5.09736 4.08197 5.15804 4.08197 5.09736 4.07524 5.15804 4.07524 5.21872 4.0786 5.21872 4.07524 5.46146 4.07524 5.46146 4.08197 5.34009 4.08197 5.34009 4.0887 5.27941 4.08197 5.27941 4.0887 5.46146 4.06851 5.21872 4.08197 5.21872 4.0887 5.34009 4.09543 5.46146 4.09543 5.58283 4.09543 5.05184 4.05757 5.06701 4.05841 5.09736 4.05841 5.34009 4.06178 5.27941 4.06178 5.27941 4.05841 5.15804 4.04158 5.21872 4.05504 5.21872 4.05841 5.09736 4.05673 5.08219 4.05673 5.06701 4.05757 5.21872 4.04831 5.21872 4.04158 5.22816 4.04158 5.27941 4.05504 5.27941 4.04831 5.30975 4.04831 5.34009 4.05504 5.31449 4.04831 5.31544 4.04831 5.34009 4.05841 5.31354 4.04831 5.34009 4.06851 5.40077 4.06178 5.40077 4.05841 5.40077 4.05504 5.34009 4.04831 5.46146 4.04831 5.37801 4.04158 5.32492 4.04831 5.31733 4.04831 5.31402 4.04831 5.31378 4.04831 5.46146 4.04158 5.58133 4.04158 5.08519 4.04158 5.09736 4.04158 5.09736 4.04495 5.10115 4.04158 5.70419 4.12236 5.82556 4.12236 6.67513 4.14255 6.67513 4.14928 6.55376 4.14255 6.55376 4.14928 6.4324 4.14255 6.4324 4.14928 6.31103 4.14255 6.55376 4.1089 6.55376 4.12236 6.4324 4.12236 6.4324 4.12909 6.37171 4.12236 6.31103 4.13582 6.18966 4.12236 6.31103 4.12236 5.82556 4.09543 5.82556 4.08197 5.82556 4.07524 5.82556 4.06851 5.70419 4.05504 5.58283 4.06178 5.58283 4.05504 5.46146 4.05504 5.58283 4.04831 5.70419 4.04831 5.82556 4.04831 5.82556 4.05504 5.94693 4.04831 5.82854 4.04158 5.97862 4.04158 5.94693 4.04495 6.06829 4.06851 6.06829 4.07524 5.94693 4.06851 5.94693 4.07524 6.06829 4.09543 6.12898 4.0887 6.12898 4.09543 6.15932 4.0887 6.25034 4.0887 6.18966 4.0887 6.22 4.08534 6.25034 4.08534 6.31103 4.08534 6.31103 4.0887 6.31103 4.09543 6.25034 4.09543 6.18966 4.09543 5.94693 4.08197 6.18966 4.08534 6.18966 4.08197 6.22 4.08365 6.22 4.08197 6.25034 4.08197 6.18966 4.0786 6.22 4.0786 6.25034 4.0786 6.28069 4.0786 6.28069 4.08197 6.31103 4.0786 6.37171 4.07524 6.31103 4.07524 6.28069 4.07524 6.25034 4.07524 6.22 4.07524 6.18966 4.07524 6.15932 4.07524 6.4324 4.0887 6.4324 4.09543 6.37171 4.09543 6.25034 4.08365 6.28069 4.08365 6.31103 4.08449 6.4324 4.08449 6.55376 4.08449 6.4324 4.08534 6.31103 4.08197 6.37171 4.0786 6.4324 4.07524 6.31103 4.08365 6.31103 4.08281 6.37171 4.08197 6.4324 4.0786 6.55376 4.07524 6.4324 4.08365 6.18966 4.06178 6.18966 4.06851 6.15932 4.06851 6.22 4.06851 6.22 4.06178 6.25034 4.06851 6.25034 4.06178 6.28069 4.06851 6.28069 4.06178 6.31103 4.06851 5.94693 4.05504 6.06829 4.04831 6.06829 4.05504 6.12898 4.04831 6.25034 4.04242 6.28069 4.04242 6.31103 4.04326 6.31103 4.04495 6.28069 4.04326 6.25034 4.04495 6.25034 4.04326 6.18966 4.04495 6.12898 4.05504 6.18966 4.04831 6.22 4.04831 6.25034 4.04831 6.31103 4.04831 6.31103 4.05504 6.25034 4.05504 6.22 4.05504 6.18966 4.05504 6.12898 4.06178 6.12898 4.06851 6.4324 4.06178 6.4324 4.06851 6.37171 4.06178 6.37171 4.06851 6.31103 4.06178 6.4324 4.05504 6.34137 4.04263 6.31103 4.04242 6.37171 4.04242 6.37171 4.04221 6.34137 4.042 6.31105 4.04192 6.31104 4.04185 6.37172 4.04163 6.31105 4.04179 6.31103 4.04158 6.33817 4.04158 6.50446 4.042 6.50256 4.042 6.50635 4.042 6.52342 4.0419 6.51584 4.042 6.51394 4.042 6.49687 4.042 6.49498 4.042 6.49308 4.04284 6.49308 4.042 6.46274 4.042 6.50825 4.042 6.52721 4.042 6.25034 4.04158 6.18966 4.04158 5.46146 4.06178 5.46146 4.05841 6.55376 4.0887 6.55376 4.09543 6.4324 4.1089 6.37171 4.1089 6.31103 4.1089 6.25034 4.1089 6.18966 4.1089 5.77625 4.04158 6.55376 4.08534 4.7636 4.4724 4.7636 4.46566 4.79394 4.46566 4.85462 4.45893 4.82428 4.46566 4.82428 4.45893 4.79394 4.45893 4.7636 4.45893 4.73325 4.45893 4.73325 4.44547 4.7636 4.44547 4.79394 4.44547 4.85462 4.44547 4.91531 4.4724 4.85462 4.4724 4.82428 4.4724 4.8029 4.4724 4.79394 4.4724 4.7636 4.41854 4.79394 4.41854 4.85462 4.41854 4.97599 4.41854 5.09736 4.41854 5.46146 4.41854 5.32508 4.4724 5.34009 4.41854 5.21872 4.4724 5.21872 4.41854 5.16923 4.4724 5.15804 4.41854 5.10115 4.4724 5.02134 4.4724 5.52214 4.36469 5.46146 4.36469 5.34009 4.36469 5.21872 4.36469 5.15804 4.36469 4.7636 4.39162 4.79394 4.36469 4.85462 4.36469 4.97599 4.36469 5.09736 4.36469 4.67257 4.39162 4.67257 4.36469 4.70291 4.36469 4.67257 4.35796 4.70291 4.35123 4.71808 4.39162 4.71808 4.36469 4.73325 4.35123 4.73325 4.33777 4.67257 4.35123 4.67257 4.33777 4.67257 4.3243 4.73325 4.3243 4.79394 4.33777 4.67257 4.39397 4.64039 4.35123 4.64026 4.34096 4.64008 4.3262 4.63993 4.30654 4.73325 4.31084 4.85462 4.31084 4.85462 4.33777 4.97599 4.31084 5.58283 4.31084 5.46146 4.31084 5.34009 4.31084 5.21872 4.31084 5.15804 4.31084 5.09736 4.31084 5.5171 4.4724 5.52214 4.41854 5.52214 4.4724 5.58283 4.41854 5.58283 4.4724 5.64351 4.41854 5.64351 4.4724 5.70419 4.41854 5.70419 4.4724 5.76488 4.41854 5.71257 4.4724 5.82556 4.41854 5.94693 4.41854 5.9185 4.4724 5.82556 4.4724 6.06829 4.36469 5.94693 4.36469 5.82556 4.36469 5.76488 4.36469 5.70419 4.36469 5.64351 4.36469 5.58283 4.36469 6.18966 4.36469 6.06829 4.31084 5.94693 4.31084 5.82556 4.31084 5.76488 4.31084 5.70419 4.31084 5.64351 4.31084 6.31103 4.41854 6.31103 4.36469 6.4324 4.36469 6.31103 4.33777 6.4324 4.33777 6.31103 4.31084 6.4324 4.31084 6.18966 4.31084 6.31103 4.28391 6.4324 4.28391 6.18966 4.28391 6.55376 4.36469 6.55376 4.33777 6.55376 4.31084 6.55376 4.28391 6.55376 4.25699 6.55376 4.20314 6.7965 4.14255 6.7965 4.13582 8.2529 4.08197 8.2529 4.06851 8.2529 4.05504 8.25295 4.04837 8.25297 4.04568 8.37441 4.04158 8.2529 4.09543 8.49564 4.04158 8.49564 4.04474 8.49564 4.05325 8.49564 4.05504 8.49564 4.06851 8.49564 4.08197 8.49564 4.11028 8.49564 4.16229 8.49564 4.25699 8.49564 4.31084 4.21285 4.64285 4.3097 4.64285 4.28549 4.8793 4.40744 7.24383 4.40744 7.00738 4.46842 7.00738 4.51415 7.24383 4.5294 7.24383 4.5294 7.29483 4.43793 7.83497 4.46842 7.83497 4.46842 7.95319 4.04158 8.07526 4.04158 8.03103 4.16354 8.07142 4.19402 7.95319 4.16354 7.95319 4.16354 7.83497 4.255 8.18965 4.22451 8.18965 4.22451 8.07142 4.255 8.07142 4.28549 8.07142 4.28549 8.18965 4.52403 4.64285 4.5294 4.64285 4.5294 4.76107 4.52178 4.8793 4.51415 4.8793 4.04542 8.37733 4.04158 8.37827 4.04158 8.37115 4.51113 8.33724 4.50702 8.33724 4.50653 8.30788 4.50229 8.33724 4.49528 8.33724 4.49891 8.30788 4.04158 8.31197 4.15943 8.33632 4.15936 8.33678 4.15931 8.33712 4.14979 8.33724 4.16099 8.33724 4.15933 8.33701 4.16887 8.33724 4.15929 8.33724 4.15956 8.3354 4.15982 8.33357 4.16035 8.3299 4.25053 8.33724 4.24372 8.33724 4.22451 8.30788 4.23613 8.33724 4.23042 8.33724 4.22854 8.33724 4.22774 8.33737 4.22451 8.35558 4.22973 8.34708 4.24474 8.40354 4.22728 8.33757 4.22703 8.33793 4.22732 8.33975 4.28549 8.30788 4.28549 8.33724 4.25703 8.33724 4.50423 8.33729 4.51415 8.30788 4.51321 8.33727 4.52146 8.34253 4.5294 8.31167 4.52177 8.34349 4.5294 8.37115 4.5294 8.37827 4.51995 8.33909 4.51859 8.33759 4.51617 8.33725 4.16354 8.36699 4.13305 8.39654 4.1178 8.39654 4.11307 8.40238 4.10256 8.39654 4.05806 8.37792 4.05385 8.37711 4.04158 8.36699 4.05185 8.37694 4.04969 8.37691 4.04798 8.377 4.08364 8.4026 4.07369 8.38716 4.06346 8.37987 4.16354 8.39654 4.16447 8.40249 4.12969 8.40235 4.17116 8.39654 4.17878 8.39654 4.18281 8.40269 4.22451 8.40328 4.22071 8.40323 4.19402 8.36699 4.19842 8.40291 4.21045 8.33724 4.19402 8.30788 4.21552 8.33724 4.22046 8.33724 4.21556 8.33727 4.5294 6.37681 4.49891 6.53447 4.5294 6.29987 4.49891 6.06157 4.5294 6.06315 4.5294 5.47136 4.5294 5.58972 4.49891 5.58866 4.5294 5.70808 4.5294 5.76489 4.5294 5.82644 4.5294 5.94479 4.5294 5.11979 4.5294 5.38586 4.51415 5.35221 4.49891 5.35221 4.51415 5.11575 4.51415 4.76107 4.49891 4.8793 4.49891 5.11575 4.46842 4.8793 4.46842 5.11575 4.46842 5.35221 4.44002 4.64285 4.47789 4.64285 4.49891 4.64285 4.50914 4.64285 4.51582 4.64285 4.46842 6.06157 4.46842 6.53447 4.40744 6.29802 4.40744 6.53447 4.34647 6.29802 4.34647 6.53447 4.40744 6.06157 4.34647 6.06157 4.34647 5.82511 4.40744 5.82511 4.34647 5.58866 4.40744 5.58866 4.34647 5.35221 4.40744 5.35221 4.34647 5.11575 4.40744 5.11575 4.34647 4.8793 4.40744 4.8793 4.34647 4.64285 4.40744 4.64285 4.46842 5.58866 4.16354 6.53447 4.04158 6.42733 4.28549 6.53447 4.04158 6.41823 4.04158 5.11628 4.04158 4.90453 4.28549 5.11575 4.04158 5.58866 4.04158 5.43939 4.28549 5.35221 4.04158 5.23464 4.04158 5.15415 4.04158 6.29987 4.04158 6.18151 4.28549 6.29802 4.04158 6.06315 4.28549 6.06157 4.04158 5.82567 4.28549 5.82511 4.28549 5.58866 4.255 8.24876 4.22451 8.24876 4.19402 8.18965 4.1864 8.36699 4.1864 8.30788 4.17878 8.36699 4.17878 8.30788 4.19402 8.40285 4.16354 8.30788 4.16354 8.18965 4.17878 8.18965 4.19402 8.07142 4.16141 8.32256 4.255 8.30788 4.28549 7.95319 4.22451 7.95319 4.28549 7.83497 4.22451 7.83497 4.28549 7.71674 4.22451 7.71674 4.28549 7.59851 4.22451 7.59851 4.28549 7.48029 4.22451 7.48029 4.22451 7.36206 4.16354 7.71674 4.16354 7.59851 4.04158 8.24406 4.04158 8.2232 4.04158 8.19361 4.04158 8.13444 4.04158 8.28238 4.04158 8.25279 4.04158 7.54756 4.04158 7.73482 4.04158 7.83854 4.04158 7.8868 4.04158 7.95319 4.04158 7.54264 4.04158 7.48346 4.16354 7.48029 4.04158 7.42428 4.16354 7.36206 4.04158 7.3651 4.04158 7.35693 4.04158 7.24674 4.10256 7.24383 4.16354 7.24383 4.10256 7.00738 4.16354 7.00738 4.04158 6.89167 4.16354 6.77093 4.04158 6.80483 4.04158 7.1561 4.04158 7.12838 4.04158 7.01003 4.28549 6.77093 4.28549 7.00738 4.28549 7.24383 4.28549 7.36206 4.5294 8.17479 4.5294 8.19361 4.51415 8.18965 4.5294 8.2232 4.5294 8.25279 4.51415 7.95319 4.5294 7.95319 4.5294 7.9569 4.5294 8.01608 4.51415 8.07142 4.5294 7.98649 4.5294 7.96876 4.5294 8.04567 4.5294 8.07526 4.5294 8.13444 4.49891 7.95319 4.50653 8.07142 4.49891 8.07142 4.50653 8.18965 4.49891 8.18965 4.5294 7.89772 4.5294 7.83854 4.49891 7.83497 4.5294 7.82933 4.43793 7.71674 4.40744 7.71674 4.40744 7.59851 4.46842 8.33724 4.40744 8.33724 4.46842 8.30788 4.40744 8.30788 4.46842 8.18965 4.40744 8.18965 4.46842 8.07142 4.40744 8.07142 4.40744 7.95319 4.40744 7.83497 4.5294 6.89167 4.5294 6.95085 4.51415 7.00738 4.5294 7.01003 4.5294 7.09748 4.5294 6.77331 4.5294 6.83249 4.49891 6.77093 4.49891 7.00738 4.48366 6.77093 4.48366 6.53447 4.48366 6.06157 4.48366 5.58866 4.5294 6.53659 4.5294 6.65495 4.5294 6.74684 4.5294 4.88011 4.46842 7.24383 4.46842 7.36206 4.40744 7.48029 4.46842 7.48029 4.46842 7.59851 4.46842 7.71674 4.34647 8.33724 4.34647 8.30788 4.34647 8.18965 4.34647 8.07142 4.34647 7.95319 4.34647 7.83497 4.34647 7.71674 4.34647 7.59851 4.34647 7.48029 4.34647 7.00738 4.34647 7.24383 4.34647 7.36206 4.49891 7.71674 4.49891 7.59851 4.49891 7.48029 4.49891 7.36206 4.49891 7.24383 4.48366 7.00738 4.46842 6.77093 4.40744 6.77093 4.34647 6.77093 4.5294 7.6832 4.5294 7.60182 4.5294 7.48492 4.04158 4.64285 4.04158 4.67684 4.04158 4.87956 4.04158 6.77331 4.04158 6.65495 4.04158 6.53659 4.01931 4.04603 4.04091 4.04187 4.05499 4.04736 4.07461 4.04598 4.07642 4.04876 4.09318 4.04854 4.10185 4.05111 4.12814 4.05337 4.1562 4.05691 3.9889 4.04254 3.98885 4.0424 3.98887 4.04227 3.98977 4.04097 3.99071 4.04049 4.00036 4.04476 3.99246 4.03997 4.00233 4.03919 4.02262 4.04013 3.99054 4.04334 3.98916 4.04279 3.98892 4.04257 3.98905 4.0417 4.04158 4.16114 4.04158 4.15701 4.79745 4.15701 4.76177 4.22326 4.76189 4.22353 4.76191 4.22378 4.06761 4.21367 4.07384 4.21081 4.7584 4.22124 4.05944 4.21842 4.07401 4.21073 4.08063 4.20822 4.79152 4.20599 4.07977 4.2074 4.07945 4.20619 4.07963 4.20585 4.0794 4.20657 4.07948 4.20689 4.05293 4.22326 4.75996 4.22188 4.76126 4.22269 4.08044 4.20517 4.08236 4.20433 4.0921 4.20343 4.08949 4.20266 4.10457 4.20101 4.10457 4.18752 4.79743 4.19343 4.79711 4.19802 4.79569 4.20125 4.79244 4.20516 4.79739 4.16938 4.79745 4.17454 4.10457 4.18066 4.79745 4.18313 4.79742 4.18752 4.05089 4.1725 4.04396 4.17117 4.04158 4.16938 4.04224 4.17073 4.04189 4.17054 4.04171 4.17033 4.04158 4.17002 4.79745 4.16623 4.04158 4.16735 4.04158 4.16435 4.10877 4.23874 4.76063 4.22525 4.75539 4.22814 4.73581 4.23372 4.73026 4.23469 4.10877 4.24194 4.1031 4.23834 4.09113 4.23762 4.76162 4.2244 4.76185 4.22402 4.07428 4.23686 4.05311 4.23641 4.04975 4.22601 4.04465 4.23641 4.04251 4.23249 4.04254 4.23645 4.04192 4.23317 4.04201 4.23653 4.04158 4.23397 4.04166 4.23362 4.04187 4.23659 4.04179 4.23667 4.04174 4.23678 4.04169 4.23699 4.04165 4.23737 4.04158 4.23917 4.73026 4.24194 4.73026 4.25344 4.10877 4.25549 4.73026 4.26008 4.73026 4.27245 4.10877 4.27245 4.11878 4.04619 4.11789 4.04389 4.1181 4.0422 4.11845 4.04163 4.11854 4.04162 4.11838 4.04168 4.11828 4.04179 4.11981 4.05135 4.11972 4.05143 4.11946 4.05096 4.11966 4.05146 4.11958 4.05146 4.11899 4.05075 4.11936 4.05134 4.1195 4.05144 4.11926 4.04199 4.11942 4.04235 4.12013 4.05037 4.11992 4.05116 4.11911 4.0418 4.11889 4.04168 4.11858 4.04162 3.93773 4.0287 3.93909 4.02934 3.93909 4.02935 3.94041 4.03005 4.25684 4.04158 4.25533 4.04161 4.25534 4.04158 4.25383 4.04158 4.24257 4.04158 4.2405 4.04158 4.24006 4.04158 4.23755 4.04158 4.13095 4.04158 4.1286 4.04162 4.12861 4.04158 4.12626 4.04158 4.05416 4.05434 4.05243 4.05276 4.05243 4.05275 4.05081 4.05107 4.14077 4.04158 4.13829 4.04161 4.13829 4.04158 4.13581 4.04158 4.05197 4.05586 4.04977 4.05473 4.04977 4.05472 4.04765 4.05344 4.13847 3.94442 4.15076 3.93213 4.04158 3.77645 4.13847 4.22997 4.13397 4.21318 4.04158 4.39794 4.18436 3.93213 4.19665 3.94442 4.29354 3.77645 4.18856 4.12356 4.16756 4.12919 4.29354 4.39794 4.16756 3.92763 4.13847 4.19638 4.15076 4.18408 4.13119 4.10819 4.18856 4.05083 4.20393 4.0662 4.20955 4.0872 4.20393 4.10819 4.13119 4.0662 4.14656 4.05083 4.13847 3.97802 4.13397 3.96122 4.16756 4.17958 4.14656 4.12356 4.18436 4.18408 4.19665 4.19638 4.20115 4.21318 4.19665 4.22997 4.12557 4.0872 4.20115 3.96122 4.19665 3.97802 4.18436 3.99031 4.16756 4.04521 4.16756 3.99481 4.15076 3.99031 4.18436 4.24227 4.16756 4.24677 4.15076 4.24227 4.04571 4.80026 4.04158 4.80026 4.04158 4.0444 4.10783 4.08007 4.1081 4.07995 4.10835 4.07993 4.12651 4.73307 4.13801 4.11158 4.14006 4.73307 4.15701 4.11158 4.15701 4.73307 4.12331 4.73307 4.10982 4.08122 4.11271 4.08645 4.11829 4.10603 4.11925 4.11158 4.12651 4.11158 4.12291 4.73874 4.12218 4.75072 4.10783 4.78892 4.12143 4.76757 4.12098 4.78874 4.11058 4.7921 4.12097 4.79719 4.11705 4.79934 4.12102 4.79931 4.11774 4.79993 4.12109 4.79984 4.11854 4.80026 4.11819 4.80019 4.12116 4.79997 4.12123 4.80005 4.12135 4.80011 4.12156 4.80016 4.12194 4.80019 4.12374 4.80026 4.09824 4.77424 4.09537 4.76801 4.10581 4.08345 4.10299 4.7824 4.09529 4.76783 4.09279 4.76121 4.09055 4.05032 4.09196 4.76207 4.09076 4.7624 4.09042 4.76222 4.09114 4.76244 4.09146 4.76237 4.10645 4.08188 4.10726 4.08058 4.10859 4.07999 4.10897 4.08023 4.08974 4.7614 4.0889 4.75948 4.088 4.74974 4.08723 4.75235 4.08558 4.73727 4.07209 4.73727 4.078 4.04441 4.08258 4.04474 4.08582 4.04615 4.08973 4.04941 4.05395 4.04445 4.0591 4.0444 4.06522 4.73727 4.0677 4.0444 4.07209 4.04443 4.05706 4.79096 4.05574 4.79789 4.05395 4.80026 4.0553 4.79961 4.05511 4.79995 4.0549 4.80013 4.05459 4.80026 4.0508 4.0444 4.05192 4.80026 4.04892 4.80026 4.03419 4.14952 4.04147 4.2377 4.02857 4.12852 4.03697 4.2545 3.94458 4.50645 4.09965 4.2377 4.08736 4.22541 4.04956 4.16489 4.07056 4.2209 4.05376 4.22541 4.05376 3.97345 4.04147 3.98575 3.94458 3.75059 4.03697 4.00254 4.04147 4.01934 4.10416 4.00254 4.09965 3.98575 4.19654 3.75059 4.08736 3.97345 4.16584 3.75059 4.07056 3.96895 4.04147 4.2713 4.05376 4.28359 3.97528 4.50645 4.07056 4.28809 4.19654 4.50645 4.17261 4.50645 4.08736 4.28359 4.11445 4.50645 4.04701 4.50645 4.09156 4.16489 4.10693 4.14952 4.11255 4.12852 4.10693 4.10752 4.09965 4.01934 4.08736 4.03164 4.09156 4.09215 4.07056 4.03614 4.07056 4.08653 4.05376 4.03164 4.04956 4.09215 4.03419 4.10752 3.96851 3.75059 4.02667 3.75059 4.09411 3.75059 4.07056 4.17051 4.10416 4.2545 4.09965 4.2713 3.95709 4.06073 3.95682 4.06012 3.96531 4.06576 3.96259 4.06783 3.95977 4.06502 3.9583 4.06296 4.25535 4.06491 4.24472 4.07428 4.2355 4.07004 4.24325 4.07514 4.22847 4.0799 3.98354 4.07004 3.98396 4.07268 3.96852 4.07098 4.22562 4.08005 4.21135 4.07919 4.17976 4.07793 4.14838 4.07722 4.08754 4.07654 4.03101 4.07506 3.96006 4.03794 3.96655 4.03685 3.96147 4.04146 3.9535 4.04166 3.95459 4.04057 3.95513 4.04016 3.95915 4.03822 3.9525 4.04365 3.95216 4.04875 3.95272 4.05062 3.95438 4.05285 -21.3326 4.25057 -21.3326 4.26471 -21.331 4.26471 -21.332 4.24729 -21.3326 4.24724 -21.3292 4.24978 -21.3305 4.2482 -21.331 4.2478 -21.3314 4.24753 -21.326 4.26471 -21.326 4.25514 -21.3276 4.25227 -21.3277 4.26471 -21.326 4.28239 -21.3277 4.28239 -21.331 4.28239 -21.3304 4.28239 -21.3293 4.26471 -21.3293 4.28239 -21.3282 4.28239 -21.3326 4.28239 4.02016 4.05477 4.27211 4.05477 4.02016 4.05312 4.27211 4.05312 4.02016 4.05258 4.27211 4.05258 4.02016 4.05148 4.27211 4.05148 4.02016 4.05038 4.27211 4.05038 4.02016 4.04983 4.27211 4.04983 4.02016 4.04818 4.27211 4.04818 4.06098 -21.3326 4.04158 -21.3326 4.04158 -21.331 4.06244 -21.3321 4.06139 -21.3325 4.06141 -21.331 4.06789 -21.3306 4.06141 -21.3293 4.07498 -21.3294 4.0782 -21.3286 4.06141 -21.3277 4.07991 -21.3278 4.08097 -21.326 4.08096 -21.3265 4.0734 -21.326 4.08078 -21.3269 4.0804 -21.3274 4.04158 -21.3304 4.04158 -21.3293 4.04158 -21.3282 4.04158 -21.3277 4.04158 -21.326 4.06141 -21.326 4.04158 4.01329 4.04158 4.08678 4.06357 4.01329 4.06357 4.08678 4.08556 4.01329 4.08556 4.08678 4.10754 4.01329 4.10754 4.08678 4.12953 4.01329 4.12953 4.08678 4.15152 4.01329 4.15152 4.08678 4.1735 4.01329 4.1735 4.08678 4.19549 4.01329 4.19549 4.08678 4.21748 4.01329 4.21748 4.08678 4.23947 4.01329 4.23947 4.08678 4.26145 4.01329 4.26145 4.08678 4.28344 4.01329 4.28344 4.08678 4.25266 4.01329 4.25266 4.08678 4.05917 4.01329 4.05917 4.08678 4.07676 4.01329 4.07676 4.08678 4.09435 4.01329 4.09435 4.08678 4.11194 4.01329 4.11194 4.08678 4.12953 4.01329 4.12953 4.08678 4.14712 4.01329 4.14712 4.08678 4.16471 4.01329 4.16471 4.08678 4.1823 4.01329 4.1823 4.08678 4.19989 4.01329 4.19989 4.08678 4.21748 4.01329 4.21748 4.08678 4.23507 4.01329 4.23507 4.08678 4.04158 4.01329 4.04158 4.08678 4.05917 4.01329 4.05917 4.08678 4.07676 4.01329 4.07676 4.08678 4.09435 4.01329 4.09435 4.08678 4.11194 4.01329 4.11194 4.08678 4.12953 4.01329 4.12953 4.08678 4.14712 4.01329 4.14712 4.08678 4.16471 4.01329 4.16471 4.08678 4.1823 4.01329 4.1823 4.08678 4.19989 4.01329 4.19989 4.08678 4.21748 4.01329 4.21748 4.08678 4.23507 4.01329 4.23507 4.08678</float_array>
          <technique_common>
            <accessor count="3586" source="#texcoords-array-array" stride="2">
              <param type="float" name="S"/>
              <param type="float" name="T"/>
            </accessor>
          </technique_common>
        </source>
        <vertices id="verts-array-vertices">
          <input semantic="POSITION" source="#verts-array"/>
        </vertices>
        <triangles count="5796" material="material0">
          <input offset="0" semantic="VERTEX" source="#verts-array-vertices"/>
          <input offset="1" semantic="NORMAL" source="#normals-array"/>
          <input offset="2" semantic="TEXCOORD" source="#texcoords-array"/>
          <p>0 0 0 1 1 1 2 2 2 3 3 3 2 2 2 1 1 1 4 4 4 5 5 5 6 6 6 7 7 7 8 8 8 9 9 9 10 10 10 11 11 11 12 12 12 13 13 13 14 14 14 15 15 15 16 16 16 17 17 17 18 18 18 19 19 19 20 20 20 18 18 18 21 21 21 22 22 22 18 18 18 23 23 23 24 24 24 17 17 17 25 25 25 26 26 26 27 27 27 28 28 28 29 29 29 30 30 30 31 31 31 32 32 32 33 33 33 34 34 34 35 35 35 36 36 36 37 37 37 38 38 38 39 39 39 40 40 40 41 41 41 42 42 42 41 41 41 40 40 40 43 43 43 44 44 44 45 45 45 46 46 46 47 47 47 48 48 48 49 49 49 48 48 48 47 47 47 50 50 50 51 51 51 52 52 52 53 53 53 54 54 54 55 55 55 56 56 56 57 57 57 58 58 58 59 59 59 60 60 60 61 61 61 62 62 62 63 63 63 64 64 64 65 65 65 66 66 66 67 67 67 68 68 68 69 69 69 70 70 70 71 71 71 72 72 72 73 73 73 74 74 74 75 75 75 76 76 76 77 77 77 78 78 78 79 79 79 80 80 80 81 81 81 82 82 82 83 83 83 80 80 80 79 79 79 84 84 84 85 85 85 86 86 86 87 87 87 87 87 87 86 86 86 88 88 88 89 89 89 90 90 90 91 91 91 92 92 92 93 93 93 94 94 94 95 95 95 96 96 96 97 97 97 93 93 93 92 92 92 98 98 98 99 99 99 100 100 100 101 101 101 102 102 102 103 103 103 104 104 104 105 105 105 106 106 106 107 107 107 108 108 108 109 109 109 110 110 110 110 110 110 109 109 109 111 111 111 112 112 112 113 113 113 114 114 114 115 115 115 116 116 116 117 117 117 118 118 118 119 119 119 120 120 120 121 121 121 122 122 122 123 123 123 123 123 123 122 122 122 124 124 124 125 125 125 126 126 126 18 18 18 127 127 127 128 128 128 129 129 129 130 130 130 131 131 131 132 132 132 133 133 133 132 132 132 134 134 134 135 135 135 136 136 136 137 137 137 138 138 138 139 139 139 140 140 140 141 141 141 142 142 142 143 143 143 142 142 142 141 141 141 144 144 144 145 145 145 146 146 146 135 135 135 146 146 146 147 147 147 148 148 148 148 148 148 149 149 149 146 146 146 150 150 150 146 146 146 149 149 149 146 146 146 150 150 150 151 151 151 151 151 151 152 152 152 146 146 146 153 153 153 146 146 146 152 152 152 146 146 146 153 153 153 135 135 135 154 154 154 135 135 135 153 153 153 135 135 135 154 154 154 136 136 136 155 155 155 156 156 156 157 157 157 158 158 158 159 159 159 160 160 160 158 158 158 160 160 160 161 161 161 160 160 160 162 162 162 163 163 163 163 163 163 164 164 164 160 160 160 165 165 165 160 160 160 164 164 164 160 160 160 165 165 165 161 161 161 159 159 159 156 156 156 160 160 160 155 155 155 160 160 160 156 156 156 160 160 160 155 155 155 162 162 162 166 166 166 162 162 162 155 155 155 167 167 167 168 168 168 169 169 169 170 170 170 169 169 169 168 168 168 169 169 169 170 170 170 166 166 166 171 171 171 14 14 14 172 172 172 173 173 173 174 174 174 175 175 175 176 176 176 175 175 175 174 174 174 175 175 175 176 176 176 172 172 172 177 177 177 172 172 172 176 176 176 172 172 172 177 177 177 171 171 171 178 178 178 171 171 171 177 177 177 171 171 171 178 178 178 143 143 143 179 179 179 143 143 143 178 178 178 143 143 143 179 179 179 141 141 141 180 180 180 181 181 181 182 182 182 181 181 181 183 183 183 182 182 182 184 184 184 182 182 182 183 183 183 182 182 182 184 184 184 185 185 185 186 186 186 187 187 187 188 188 188 189 189 189 188 188 188 187 187 187 188 188 188 189 189 189 190 190 190 191 191 191 192 192 192 140 140 140 186 186 186 188 188 188 140 140 140 193 193 193 140 140 140 188 188 188 140 140 140 193 193 193 191 191 191 192 192 192 194 194 194 140 140 140 195 195 195 140 140 140 194 194 194 140 140 140 195 195 195 138 138 138 196 196 196 197 197 197 193 193 193 198 198 198 193 193 193 197 197 197 193 193 193 198 198 198 191 191 191 199 199 199 200 200 200 201 201 201 202 202 202 201 201 201 200 200 200 201 201 201 202 202 202 203 203 203 204 204 204 203 203 203 202 202 202 203 203 203 204 204 204 205 205 205 200 200 200 196 196 196 206 206 206 204 204 204 206 206 206 196 196 196 199 199 199 207 207 207 200 200 200 208 208 208 200 200 200 207 207 207 200 200 200 208 208 208 196 196 196 209 209 209 196 196 196 208 208 208 196 196 196 209 209 209 197 197 197 210 210 210 211 211 211 212 212 212 213 213 213 212 212 212 211 211 211 199 199 199 214 214 214 215 215 215 214 214 214 199 199 199 216 216 216 201 201 201 216 216 216 199 199 199 216 216 216 201 201 201 217 217 217 212 212 212 217 217 217 201 201 201 217 217 217 212 212 212 215 215 215 213 213 213 215 215 215 212 212 212 215 215 215 213 213 213 199 199 199 211 211 211 199 199 199 213 213 213 199 199 199 211 211 211 218 218 218 210 210 210 218 218 218 211 211 211 218 218 218 210 210 210 219 219 219 212 212 212 219 219 219 210 210 210 219 219 219 212 212 212 220 220 220 221 221 221 222 222 222 223 223 223 224 224 224 223 223 223 222 222 222 223 223 223 224 224 224 5 5 5 225 225 225 226 226 226 221 221 221 227 227 227 228 228 228 229 229 229 230 230 230 231 231 231 232 232 232 128 128 128 127 127 127 233 233 233 233 233 233 127 127 127 234 234 234 235 235 235 234 234 234 127 127 127 234 234 234 235 235 235 232 232 232 236 236 236 229 229 229 237 237 237 238 238 238 239 239 239 240 240 240 133 133 133 240 240 240 239 239 239 240 240 240 133 133 133 241 241 241 134 134 134 241 241 241 133 133 133 241 241 241 134 134 134 226 226 226 221 221 221 223 223 223 225 225 225 242 242 242 225 225 225 223 223 223 225 225 225 242 242 242 243 243 243 244 244 244 243 243 243 242 242 242 243 243 243 244 244 244 245 245 245 246 246 246 245 245 245 244 244 244 245 245 245 246 246 246 247 247 247 248 248 248 247 247 247 246 246 246 247 247 247 248 248 248 249 249 249 226 226 226 225 225 225 241 241 241 243 243 243 241 241 241 225 225 225 241 241 241 243 243 243 240 240 240 245 245 245 240 240 240 243 243 243 240 240 240 245 245 245 238 238 238 247 247 247 238 238 238 245 245 245 238 238 238 247 247 247 250 250 250 249 249 249 250 250 250 247 247 247 250 250 250 249 249 249 251 251 251 132 132 132 133 133 133 130 130 130 239 239 239 130 130 130 133 133 133 130 130 130 239 239 239 252 252 252 238 238 238 252 252 252 239 239 239 252 252 252 238 238 238 253 253 253 250 250 250 253 253 253 238 238 238 253 253 253 250 250 250 254 254 254 251 251 251 254 254 254 250 250 250 254 254 254 251 251 251 255 255 255 256 256 256 228 228 228 257 257 257 227 227 227 257 257 257 228 228 228 257 257 257 227 227 227 258 258 258 229 229 229 236 236 236 227 227 227 259 259 259 227 227 227 236 236 236 227 227 227 259 259 259 258 258 258 232 232 232 235 235 235 230 230 230 260 260 260 230 230 230 235 235 235 230 230 230 260 260 260 261 261 261 262 262 262 261 261 261 260 260 260 261 261 261 262 262 262 263 263 263 264 264 264 265 265 265 266 266 266 267 267 267 268 268 268 269 269 269 270 270 270 269 269 269 268 268 268 269 269 269 270 270 270 271 271 271 272 272 272 273 273 273 274 274 274 275 275 275 274 274 274 273 273 273 274 274 274 275 275 275 276 276 276 277 277 277 278 278 278 279 279 279 280 280 280 281 281 281 282 282 282 282 282 282 281 281 281 283 283 283 277 277 277 279 279 279 280 280 280 284 284 284 280 280 280 279 279 279 280 280 280 284 284 284 281 281 281 285 285 285 281 281 281 284 284 284 281 281 281 285 285 285 283 283 283 286 286 286 287 287 287 288 288 288 289 289 289 288 288 288 287 287 287 290 290 290 291 291 291 292 292 292 293 293 293 292 292 292 291 291 291 292 292 292 293 293 293 294 294 294 295 295 295 294 294 294 293 293 293 294 294 294 295 295 295 34 34 34 296 296 296 34 34 34 295 295 295 34 34 34 296 296 296 35 35 35 297 297 297 298 298 298 299 299 299 300 300 300 298 298 298 301 301 301 297 297 297 301 301 301 298 298 298 301 301 301 297 297 297 302 302 302 303 303 303 304 304 304 305 305 305 306 306 306 307 307 307 308 308 308 309 309 309 310 310 310 311 311 311 18 18 18 311 311 311 310 310 310 312 312 312 309 309 309 313 313 313 311 311 311 313 313 313 309 309 309 313 313 313 311 311 311 308 308 308 18 18 18 308 308 308 311 311 311 306 306 306 308 308 308 314 314 314 18 18 18 314 314 314 308 308 308 314 314 314 18 18 18 306 306 306 126 126 126 306 306 306 18 18 18 306 306 306 126 126 126 307 307 307 125 125 125 307 307 307 126 126 126 307 307 307 125 125 125 308 308 308 18 18 18 308 308 308 125 125 125 308 308 308 18 18 18 313 313 313 315 315 315 313 313 313 18 18 18 313 313 313 315 315 315 312 312 312 316 316 316 317 317 317 318 318 318 315 315 315 319 319 319 320 320 320 321 321 321 320 320 320 319 319 319 320 320 320 321 321 321 322 322 322 317 317 317 316 316 316 18 18 18 318 318 318 323 323 323 316 316 316 324 324 324 316 316 316 323 323 323 316 316 316 324 324 324 18 18 18 325 325 325 322 322 322 18 18 18 321 321 321 18 18 18 322 322 322 18 18 18 321 321 321 317 317 317 319 319 319 317 317 317 321 321 321 317 317 317 319 319 319 318 318 318 315 315 315 318 318 318 319 319 319 318 318 318 315 315 315 323 323 323 18 18 18 323 323 323 315 315 315 323 323 323 18 18 18 123 123 123 326 326 326 123 123 123 18 18 18 123 123 123 326 326 326 121 121 121 18 18 18 121 121 121 326 326 326 121 121 121 18 18 18 122 122 122 324 324 324 122 122 122 18 18 18 122 122 122 324 324 324 124 124 124 323 323 323 124 124 124 324 324 324 124 124 124 323 323 323 123 123 123 325 325 325 18 18 18 327 327 327 328 328 328 327 327 327 18 18 18 327 327 327 328 328 328 329 329 329 113 113 113 330 330 330 331 331 331 332 332 332 331 331 331 330 330 330 331 331 331 332 332 332 333 333 333 334 334 334 333 333 333 332 332 332 333 333 333 334 334 334 335 335 335 336 336 336 335 335 335 334 334 334 335 335 335 336 336 336 337 337 337 338 338 338 337 337 337 336 336 336 337 337 337 338 338 338 339 339 339 340 340 340 339 339 339 338 338 338 339 339 339 340 340 340 341 341 341 113 113 113 342 342 342 330 330 330 343 343 343 330 330 330 342 342 342 330 330 330 343 343 343 332 332 332 344 344 344 332 332 332 343 343 343 332 332 332 344 344 344 334 334 334 345 345 345 334 334 334 344 344 344 334 334 334 345 345 345 336 336 336 346 346 346 336 336 336 345 345 345 336 336 336 346 346 346 338 338 338 347 347 347 338 338 338 346 346 346 338 338 338 347 347 347 340 340 340 303 303 303 340 340 340 347 347 347 340 340 340 303 303 303 341 341 341 348 348 348 18 18 18 349 349 349 350 350 350 283 283 283 271 271 271 285 285 285 271 271 271 283 283 283 271 271 271 285 285 285 269 269 269 284 284 284 269 269 269 285 285 285 269 269 269 284 284 284 267 267 267 279 279 279 267 267 267 284 284 284 267 267 267 279 279 279 351 351 351 278 278 278 351 351 351 279 279 279 351 351 351 278 278 278 352 352 352 270 270 270 289 289 289 271 271 271 287 287 287 271 271 271 289 289 289 271 271 271 287 287 287 350 350 350 286 286 286 350 350 350 287 287 287 350 350 350 286 286 286 353 353 353 354 354 354 355 355 355 356 356 356 299 299 299 356 356 356 355 355 355 356 356 356 299 299 299 357 357 357 298 298 298 357 357 357 299 299 299 357 357 357 298 298 298 358 358 358 300 300 300 358 358 358 298 298 298 358 358 358 300 300 300 359 359 359 360 360 360 361 361 361 362 362 362 363 363 363 362 362 362 361 361 361 362 362 362 363 363 363 364 364 364 365 365 365 366 366 366 360 360 360 367 367 367 360 360 360 366 366 366 360 360 360 367 367 367 361 361 361 368 368 368 361 361 361 367 367 367 361 361 361 368 368 368 363 363 363 369 369 369 370 370 370 371 371 371 372 372 372 373 373 373 374 374 374 375 375 375 374 374 374 373 373 373 374 374 374 375 375 375 376 376 376 377 377 377 112 112 112 378 378 378 376 376 376 379 379 379 374 374 374 380 380 380 374 374 374 379 379 379 374 374 374 380 380 380 372 372 372 381 381 381 382 382 382 379 379 379 383 383 383 379 379 379 382 382 382 379 379 379 383 383 383 380 380 380 375 375 375 111 111 111 376 376 376 109 109 109 376 376 376 111 111 111 376 376 376 109 109 109 379 379 379 108 108 108 379 379 379 109 109 109 379 379 379 108 108 108 384 384 384 385 385 385 386 386 386 377 377 377 387 387 387 377 377 377 386 386 386 388 388 388 389 389 389 390 390 390 391 391 391 390 390 390 389 389 389 390 390 390 391 391 391 392 392 392 393 393 393 392 392 392 391 391 391 393 393 393 387 387 387 392 392 392 386 386 386 392 392 392 387 387 387 392 392 392 386 386 386 390 390 390 394 394 394 390 390 390 386 386 386 390 390 390 394 394 394 388 388 388 114 114 114 395 395 395 396 396 396 112 112 112 114 114 114 378 378 378 396 396 396 378 378 378 114 114 114 378 378 378 396 396 396 397 397 397 398 398 398 399 399 399 400 400 400 401 401 401 400 400 400 399 399 399 400 400 400 401 401 401 402 402 402 403 403 403 402 402 402 401 401 401 404 404 404 405 405 405 406 406 406 407 407 407 406 406 406 405 405 405 406 406 406 407 407 407 371 371 371 408 408 408 371 371 371 407 407 407 371 371 371 408 408 408 369 369 369 409 409 409 410 410 410 411 411 411 412 412 412 413 413 413 414 414 414 415 415 415 416 416 416 412 412 412 417 417 417 412 412 412 416 416 416 412 412 412 417 417 417 413 413 413 418 418 418 419 419 419 365 365 365 420 420 420 365 365 365 419 419 419 365 365 365 420 420 420 366 366 366 410 410 410 366 366 366 420 420 420 366 366 366 410 410 410 367 367 367 409 409 409 367 367 367 410 410 410 367 367 367 409 409 409 368 368 368 421 421 421 368 368 368 409 409 409 368 368 368 421 421 421 363 363 363 422 422 422 363 363 363 421 421 421 363 363 363 422 422 422 364 364 364 423 423 423 364 364 364 422 422 422 424 424 424 425 425 425 426 426 426 427 427 427 426 426 426 425 425 425 428 428 428 429 429 429 427 427 427 430 430 430 427 427 427 429 429 429 427 427 427 430 430 430 426 426 426 425 425 425 431 431 431 427 427 427 432 432 432 427 427 427 431 431 431 427 427 427 432 432 432 428 428 428 433 433 433 428 428 428 432 432 432 434 434 434 435 435 435 432 432 432 436 436 436 432 432 432 435 435 435 432 432 432 436 436 436 433 433 433 430 430 430 437 437 437 426 426 426 438 438 438 426 426 426 437 437 437 426 426 426 438 438 438 424 424 424 423 423 423 424 424 424 438 438 438 424 424 424 423 423 423 425 425 425 422 422 422 425 425 425 423 423 423 425 425 425 422 422 422 431 431 431 421 421 421 431 431 431 422 422 422 431 431 431 421 421 421 432 432 432 409 409 409 432 432 432 421 421 421 432 432 432 409 409 409 434 434 434 411 411 411 439 439 439 409 409 409 440 440 440 409 409 409 439 439 439 409 409 409 440 440 440 434 434 434 441 441 441 434 434 434 440 440 440 434 434 434 441 441 441 435 435 435 442 442 442 435 435 435 441 441 441 435 435 435 442 442 442 436 436 436 443 443 443 436 436 436 442 442 442 436 436 436 443 443 443 433 433 433 398 398 398 444 444 444 399 399 399 445 445 445 399 399 399 444 444 444 399 399 399 445 445 445 401 401 401 446 446 446 401 401 401 445 445 445 401 401 401 446 446 446 403 403 403 447 447 447 403 403 403 446 446 446 448 448 448 449 449 449 450 450 450 451 451 451 452 452 452 453 453 453 370 370 370 116 116 116 371 371 371 115 115 115 371 371 371 116 116 116 371 371 371 115 115 115 406 406 406 452 452 452 406 406 406 115 115 115 406 406 406 452 452 452 404 404 404 451 451 451 404 404 404 452 452 452 404 404 404 451 451 451 454 454 454 455 455 455 454 454 454 451 451 451 454 454 454 455 455 455 456 456 456 457 457 457 456 456 456 455 455 455 456 456 456 457 457 457 458 458 458 459 459 459 103 103 103 460 460 460 102 102 102 460 460 460 103 103 103 460 460 460 102 102 102 461 461 461 453 453 453 461 461 461 451 451 451 102 102 102 451 451 451 461 461 461 451 451 451 102 102 102 455 455 455 104 104 104 455 455 455 102 102 102 455 455 455 104 104 104 457 457 457 462 462 462 457 457 457 104 104 104 457 457 457 462 462 462 458 458 458 463 463 463 458 458 458 462 462 462 458 458 458 463 463 463 464 464 464 465 465 465 464 464 464 463 463 463 464 464 464 465 465 465 466 466 466 467 467 467 466 466 466 465 465 465 466 466 466 467 467 467 468 468 468 377 377 377 378 378 378 385 385 385 397 397 397 385 385 385 378 378 378 385 385 385 397 397 397 386 386 386 469 469 469 386 386 386 397 397 397 386 386 386 469 469 469 394 394 394 304 304 304 349 349 349 305 305 305 18 18 18 305 305 305 349 349 349 305 305 305 18 18 18 303 303 303 310 310 310 303 303 303 18 18 18 303 303 303 310 310 310 341 341 341 309 309 309 341 341 341 310 310 310 341 341 341 309 309 309 339 339 339 312 312 312 339 339 339 309 309 309 339 339 339 312 312 312 337 337 337 315 315 315 337 337 337 312 312 312 337 337 337 315 315 315 335 335 335 320 320 320 335 335 335 315 315 315 335 335 335 320 320 320 333 333 333 322 322 322 333 333 333 320 320 320 333 333 333 322 322 322 331 331 331 325 325 325 331 331 331 322 322 322 331 331 331 325 325 325 113 113 113 327 327 327 113 113 113 325 325 325 113 113 113 327 327 327 114 114 114 329 329 329 114 114 114 327 327 327 114 114 114 329 329 329 395 395 395 248 248 248 352 352 352 249 249 249 278 278 278 249 249 249 352 352 352 249 249 249 278 278 278 251 251 251 277 277 277 251 251 251 278 278 278 251 251 251 277 277 277 255 255 255 280 280 280 255 255 255 277 277 277 255 255 255 280 280 280 470 470 470 282 282 282 470 470 470 280 280 280 470 470 470 282 282 282 471 471 471 283 283 283 471 471 471 282 282 282 471 471 471 283 283 283 472 472 472 350 350 350 472 472 472 283 283 283 472 472 472 350 350 350 473 473 473 353 353 353 473 473 473 350 350 350 473 473 473 353 353 353 474 474 474 475 475 475 474 474 474 353 353 353 474 474 474 475 475 475 476 476 476 259 259 259 477 477 477 258 258 258 478 478 478 258 258 258 477 477 477 258 258 258 478 478 478 479 479 479 480 480 480 479 479 479 478 478 478 479 479 479 480 480 480 481 481 481 256 256 256 257 257 257 482 482 482 258 258 258 482 482 482 257 257 257 482 482 482 258 258 258 483 483 483 479 479 479 483 483 483 258 258 258 483 483 483 479 479 479 484 484 484 481 481 481 484 484 484 479 479 479 484 484 484 481 481 481 485 485 485 486 486 486 237 237 237 487 487 487 229 229 229 487 487 487 237 237 237 487 487 487 229 229 229 488 488 488 228 228 228 488 488 488 229 229 229 488 488 488 228 228 228 129 129 129 256 256 256 129 129 129 228 228 228 129 129 129 256 256 256 127 127 127 482 482 482 127 127 127 256 256 256 127 127 127 482 482 482 235 235 235 483 483 483 235 235 235 482 482 482 235 235 235 483 483 483 260 260 260 484 484 484 260 260 260 483 483 483 260 260 260 484 484 484 262 262 262 485 485 485 262 262 262 484 484 484 262 262 262 485 485 485 263 263 263 489 489 489 263 263 263 485 485 485 99 99 99 490 490 490 491 491 491 492 492 492 491 491 491 490 490 490 491 491 491 492 492 492 493 493 493 494 494 494 493 493 493 492 492 492 493 493 493 494 494 494 495 495 495 496 496 496 495 495 495 494 494 494 495 495 495 496 496 496 497 497 497 99 99 99 101 101 101 490 490 490 498 498 498 490 490 490 101 101 101 490 490 490 498 498 498 492 492 492 499 499 499 492 492 492 498 498 498 492 492 492 499 499 499 494 494 494 500 500 500 494 494 494 499 499 499 494 494 494 500 500 500 496 496 496 501 501 501 502 502 502 503 503 503 504 504 504 503 503 503 502 502 502 476 476 476 505 505 505 474 474 474 506 506 506 474 474 474 505 505 505 474 474 474 506 506 506 473 473 473 507 507 507 473 473 473 506 506 506 473 473 473 507 507 507 472 472 472 508 508 508 472 472 472 507 507 507 472 472 472 508 508 508 471 471 471 509 509 509 471 471 471 508 508 508 471 471 471 509 509 509 510 510 510 511 511 511 510 510 510 509 509 509 505 505 505 512 512 512 506 506 506 513 513 513 506 506 506 512 512 512 506 506 506 513 513 513 507 507 507 514 514 514 507 507 507 513 513 513 507 507 507 514 514 514 508 508 508 515 515 515 508 508 508 514 514 514 508 508 508 515 515 515 509 509 509 516 516 516 509 509 509 515 515 515 509 509 509 516 516 516 511 511 511 517 517 517 518 518 518 519 519 519 520 520 520 519 519 519 518 518 518 519 519 519 520 520 520 521 521 521 100 100 100 522 522 522 101 101 101 517 517 517 101 101 101 522 522 522 101 101 101 517 517 517 498 498 498 519 519 519 498 498 498 517 517 517 498 498 498 519 519 519 499 499 499 521 521 521 499 499 499 519 519 519 499 499 499 521 521 521 500 500 500 523 523 523 500 500 500 521 521 521 500 500 500 523 523 523 496 496 496 524 524 524 496 496 496 523 523 523 496 496 496 524 524 524 497 497 497 525 525 525 497 497 497 524 524 524 497 497 497 525 525 525 526 526 526 527 527 527 528 528 528 529 529 529 530 530 530 529 529 529 528 528 528 529 529 529 530 530 530 531 531 531 532 532 532 531 531 531 530 530 530 531 531 531 532 532 532 533 533 533 534 534 534 533 533 533 532 532 532 533 533 533 534 534 534 535 535 535 536 536 536 537 537 537 538 538 538 359 359 359 414 414 414 358 358 358 413 413 413 358 358 358 414 414 414 358 358 358 413 413 413 357 357 357 417 417 417 357 357 357 413 413 413 357 357 357 417 417 417 356 356 356 416 416 416 356 356 356 417 417 417 356 356 356 416 416 416 354 354 354 415 415 415 354 354 354 416 416 416 354 354 354 415 415 415 539 539 539 540 540 540 539 539 539 415 415 415 539 539 539 540 540 540 526 526 526 541 541 541 526 526 526 540 540 540 526 526 526 541 541 541 497 497 497 542 542 542 497 497 497 541 541 541 497 497 497 542 542 542 495 495 495 543 543 543 495 495 495 542 542 542 495 495 495 543 543 543 493 493 493 544 544 544 493 493 493 543 543 543 493 493 493 544 544 544 491 491 491 545 545 545 491 491 491 544 544 544 491 491 491 545 545 545 99 99 99 546 546 546 99 99 99 545 545 545 99 99 99 546 546 546 100 100 100 503 503 503 100 100 100 546 546 546 100 100 100 503 503 503 522 522 522 504 504 504 522 522 522 503 503 503 522 522 522 504 504 504 517 517 517 536 536 536 517 517 517 504 504 504 517 517 517 536 536 536 518 518 518 538 538 538 518 518 518 536 536 536 518 518 518 538 538 538 520 520 520 106 106 106 547 547 547 107 107 107 548 548 548 107 107 107 547 547 547 107 107 107 548 548 548 549 549 549 550 550 550 459 459 459 551 551 551 460 460 460 551 551 551 459 459 459 551 551 551 460 460 460 552 552 552 461 461 461 552 552 552 460 460 460 552 552 552 461 461 461 444 444 444 453 453 453 444 444 444 461 461 461 444 444 444 453 453 453 445 445 445 452 452 452 445 445 445 453 453 453 445 445 445 452 452 452 446 446 446 115 115 115 446 446 446 452 452 452 446 446 446 115 115 115 447 447 447 117 117 117 447 447 447 115 115 115 447 447 447 117 117 117 403 403 403 381 381 381 403 403 403 117 117 117 403 403 403 381 381 381 402 402 402 379 379 379 402 402 402 381 381 381 402 402 402 379 379 379 400 400 400 384 384 384 400 400 400 379 379 379 400 400 400 384 384 384 398 398 398 553 553 553 398 398 398 384 384 384 398 398 398 553 553 553 444 444 444 554 554 554 444 444 444 553 553 553 444 444 444 554 554 554 552 552 552 555 555 555 552 552 552 554 554 554 552 552 552 555 555 555 551 551 551 549 549 549 556 556 556 107 107 107 448 448 448 107 107 107 556 556 556 107 107 107 448 448 448 105 105 105 450 450 450 105 105 105 448 448 448 105 105 105 450 450 450 106 106 106 97 97 97 98 98 98 557 557 557 95 95 95 97 97 97 558 558 558 557 557 557 558 558 558 97 97 97 558 558 558 557 557 557 559 559 559 559 559 559 560 560 560 558 558 558 561 561 561 558 558 558 560 560 560 558 558 558 561 561 561 95 95 95 562 562 562 95 95 95 561 561 561 95 95 95 562 562 562 96 96 96 563 563 563 92 92 92 564 564 564 94 94 94 564 564 564 92 92 92 564 564 564 94 94 94 565 565 565 566 566 566 565 565 565 94 94 94 565 565 565 566 566 566 567 567 567 568 568 568 567 567 567 566 566 566 567 567 567 568 568 568 569 569 569 570 570 570 569 569 569 568 568 568 571 571 571 563 563 563 572 572 572 564 564 564 572 572 572 563 563 563 572 572 572 564 564 564 573 573 573 565 565 565 573 573 573 564 564 564 573 573 573 565 565 565 574 574 574 567 567 567 574 574 574 565 565 565 574 574 574 567 567 567 575 575 575 569 569 569 575 575 575 567 567 567 91 91 91 90 90 90 576 576 576 577 577 577 576 576 576 90 90 90 576 576 576 577 577 577 578 578 578 579 579 579 578 578 578 577 577 577 578 578 578 579 579 579 562 562 562 580 580 580 562 562 562 579 579 579 562 562 562 580 580 580 96 96 96 80 80 80 88 88 88 78 78 78 86 86 86 78 78 78 88 88 88 78 78 78 86 86 86 581 581 581 85 85 85 581 581 581 86 86 86 581 581 581 85 85 85 582 582 582 81 81 81 83 83 83 583 583 583 584 584 584 583 583 583 83 83 83 583 583 583 584 584 584 585 585 585 586 586 586 587 587 587 588 588 588 589 589 589 588 588 588 587 587 587 588 588 588 589 589 589 590 590 590 591 591 591 590 590 590 589 589 589 581 581 581 592 592 592 78 78 78 593 593 593 78 78 78 592 592 592 78 78 78 593 593 593 79 79 79 594 594 594 79 79 79 593 593 593 79 79 79 594 594 594 84 84 84 87 87 87 89 89 89 85 85 85 91 91 91 85 85 85 89 89 89 85 85 85 91 91 91 582 582 582 576 576 576 582 582 582 91 91 91 582 582 582 576 576 576 595 595 595 578 578 578 595 595 595 576 576 576 595 595 595 578 578 578 596 596 596 562 562 562 596 596 596 578 578 578 596 596 596 562 562 562 597 597 597 561 561 561 597 597 597 562 562 562 597 597 597 561 561 561 598 598 598 560 560 560 598 598 598 561 561 561 598 598 598 560 560 560 599 599 599 559 559 559 599 599 599 560 560 560 600 600 600 571 571 571 601 601 601 572 572 572 601 601 601 571 571 571 601 601 601 572 572 572 602 602 602 573 573 573 602 602 602 572 572 572 602 602 602 573 573 573 603 603 603 574 574 574 603 603 603 573 573 573 603 603 603 574 574 574 604 604 604 575 575 575 604 604 604 574 574 574 605 605 605 220 220 220 606 606 606 212 212 212 606 606 606 220 220 220 606 606 606 212 212 212 607 607 607 608 608 608 609 609 609 610 610 610 611 611 611 610 610 610 609 609 609 610 610 610 611 611 611 612 612 612 613 613 613 612 612 612 611 611 611 614 614 614 615 615 615 205 205 205 204 204 204 196 196 196 205 205 205 616 616 616 205 205 205 196 196 196 205 205 205 616 616 616 614 614 614 615 615 615 617 617 617 618 618 618 619 619 619 618 618 618 617 617 617 618 618 618 619 619 619 620 620 620 620 620 620 621 621 621 618 618 618 622 622 622 618 618 618 621 621 621 618 618 618 622 622 622 623 623 623 624 624 624 188 188 188 625 625 625 618 618 618 625 625 625 188 188 188 625 625 625 618 618 618 626 626 626 623 623 623 626 626 626 618 618 618 627 627 627 628 628 628 196 196 196 624 624 624 629 629 629 188 188 188 630 630 630 188 188 188 629 629 629 188 188 188 630 630 630 193 193 193 631 631 631 193 193 193 630 630 630 193 193 193 631 631 631 196 196 196 632 632 632 196 196 196 631 631 631 196 196 196 632 632 632 627 627 627 628 628 628 633 633 633 196 196 196 634 634 634 196 196 196 633 633 633 196 196 196 634 634 634 616 616 616 635 635 635 636 636 636 637 637 637 635 635 635 637 637 637 638 638 638 70 70 70 69 69 69 639 639 639 640 640 640 639 639 639 69 69 69 639 639 639 640 640 640 641 641 641 642 642 642 61 61 61 643 643 643 60 60 60 643 643 643 61 61 61 643 643 643 60 60 60 644 644 644 644 644 644 63 63 63 643 643 643 65 65 65 643 643 643 63 63 63 643 643 643 65 65 65 642 642 642 645 645 645 642 642 642 65 65 65 642 642 642 645 645 645 646 646 646 646 646 646 647 647 647 642 642 642 618 618 618 642 642 642 647 647 647 642 642 642 618 618 618 61 61 61 188 188 188 61 61 61 618 618 618 61 61 61 188 188 188 62 62 62 190 190 190 62 62 62 188 188 188 62 62 62 190 190 190 648 648 648 68 68 68 67 67 67 649 649 649 650 650 650 64 64 64 66 66 66 63 63 63 66 66 66 64 64 64 66 66 66 63 63 63 67 67 67 644 644 644 67 67 67 63 63 63 67 67 67 644 644 644 649 649 649 60 60 60 649 649 649 644 644 644 649 649 649 60 60 60 182 182 182 62 62 62 182 182 182 60 60 60 182 182 182 62 62 62 180 180 180 648 648 648 180 180 180 62 62 62 636 636 636 651 651 651 637 637 637 641 641 641 637 637 637 651 651 651 637 637 637 641 641 641 638 638 638 640 640 640 638 638 638 641 641 641 72 72 72 74 74 74 652 652 652 71 71 71 652 652 652 74 74 74 652 652 652 71 71 71 653 653 653 70 70 70 653 653 653 71 71 71 653 653 653 70 70 70 654 654 654 639 639 639 654 654 654 70 70 70 654 654 654 639 639 639 655 655 655 641 641 641 655 655 655 639 639 639 655 655 655 641 641 641 656 656 656 651 651 651 656 656 656 641 641 641 656 656 656 651 651 651 657 657 657 658 658 658 659 659 659 660 660 660 661 661 661 660 660 660 659 659 659 660 660 660 661 661 661 662 662 662 663 663 663 662 662 662 661 661 661 662 662 662 663 663 663 664 664 664 665 665 665 664 664 664 663 663 663 664 664 664 665 665 665 666 666 666 667 667 667 668 668 668 669 669 669 670 670 670 669 669 669 668 668 668 669 669 669 670 670 670 671 671 671 672 672 672 671 671 671 670 670 670 672 672 672 673 673 673 671 671 671 674 674 674 671 671 671 673 673 673 671 671 671 674 674 674 669 669 669 675 675 675 669 669 669 674 674 674 669 669 669 675 675 675 667 667 667 676 676 676 677 677 677 678 678 678 613 613 613 72 72 72 612 612 612 652 652 652 612 612 612 72 72 72 612 612 612 652 652 652 610 610 610 653 653 653 610 610 610 652 652 652 610 610 610 653 653 653 608 608 608 654 654 654 608 608 608 653 653 653 608 608 608 654 654 654 679 679 679 655 655 655 679 679 679 654 654 654 679 679 679 655 655 655 680 680 680 656 656 656 680 680 680 655 655 655 681 681 681 675 675 675 646 646 646 674 674 674 646 646 646 675 675 675 646 646 646 674 674 674 647 647 647 673 673 673 647 647 647 674 674 674 647 647 647 673 673 673 618 618 618 682 682 682 618 618 618 673 673 673 618 618 618 682 682 682 615 615 615 683 683 683 615 615 615 682 682 682 615 615 615 683 683 683 205 205 205 684 684 684 685 685 685 686 686 686 687 687 687 686 686 686 685 685 685 686 686 686 687 687 687 688 688 688 689 689 689 690 690 690 691 691 691 692 692 692 691 691 691 690 690 690 691 691 691 692 692 692 693 693 693 694 694 694 693 693 693 692 692 692 693 693 693 694 694 694 695 695 695 696 696 696 695 695 695 694 694 694 695 695 695 696 696 696 697 697 697 659 659 659 689 689 689 661 661 661 691 691 691 661 661 661 689 689 689 661 661 661 691 691 691 663 663 663 693 693 693 663 663 663 691 691 691 663 663 663 693 693 693 665 665 665 695 695 695 665 665 665 693 693 693 665 665 665 695 695 695 666 666 666 697 697 697 666 666 666 695 695 695 666 666 666 697 697 697 698 698 698 699 699 699 698 698 698 697 697 697 698 698 698 699 699 699 700 700 700 59 59 59 58 58 58 54 54 54 701 701 701 54 54 54 58 58 58 54 54 54 701 701 701 55 55 55 676 676 676 702 702 702 703 703 703 704 704 704 703 703 703 702 702 702 703 703 703 704 704 704 705 705 705 706 706 706 705 705 705 704 704 704 676 676 676 678 678 678 702 702 702 707 707 707 702 702 702 678 678 678 702 702 702 707 707 707 704 704 704 708 708 708 704 704 704 707 707 707 704 704 704 708 708 708 706 706 706 709 709 709 57 57 57 710 710 710 59 59 59 710 710 710 57 57 57 710 710 710 59 59 59 711 711 711 54 54 54 711 711 711 59 59 59 711 711 711 54 54 54 712 712 712 56 56 56 712 712 712 54 54 54 712 712 712 56 56 56 713 713 713 714 714 714 708 708 708 681 681 681 707 707 707 681 681 681 708 708 708 681 681 681 707 707 707 675 675 675 678 678 678 675 675 675 707 707 707 675 675 675 678 678 678 667 667 667 677 677 677 667 667 667 678 678 678 667 667 667 677 677 677 668 668 668 50 50 50 51 51 51 48 48 48 53 53 53 48 48 48 51 51 51 48 48 48 53 53 53 715 715 715 716 716 716 715 715 715 53 53 53 717 717 717 718 718 718 719 719 719 720 720 720 719 719 719 718 718 718 719 719 719 720 720 720 721 721 721 722 722 722 721 721 721 720 720 720 721 721 721 722 722 722 723 723 723 724 724 724 723 723 723 722 722 722 723 723 723 724 724 724 725 725 725 726 726 726 727 727 727 728 728 728 729 729 729 728 728 728 727 727 727 730 730 730 731 731 731 732 732 732 701 701 701 733 733 733 55 55 55 734 734 734 55 55 55 733 733 733 55 55 55 734 734 734 56 56 56 735 735 735 56 56 56 734 734 734 56 56 56 735 735 735 713 713 713 736 736 736 737 737 737 738 738 738 735 735 735 738 738 738 737 737 737 730 730 730 739 739 739 740 740 740 741 741 741 740 740 740 739 739 739 740 740 740 741 741 741 742 742 742 743 743 743 744 744 744 745 745 745 746 746 746 745 745 745 744 744 744 745 745 745 746 746 746 747 747 747 748 748 748 747 747 747 746 746 746 747 747 747 748 748 748 749 749 749 750 750 750 751 751 751 752 752 752 753 753 753 752 752 752 751 751 751 752 752 752 753 753 753 714 714 714 717 717 717 714 714 714 753 753 753 714 714 714 717 717 717 708 708 708 719 719 719 708 708 708 717 717 717 708 708 708 719 719 719 706 706 706 721 721 721 706 706 706 719 719 719 706 706 706 721 721 721 705 705 705 723 723 723 705 705 705 721 721 721 705 705 705 723 723 723 703 703 703 725 725 725 703 703 703 723 723 723 703 703 703 725 725 725 676 676 676 754 754 754 743 743 743 755 755 755 745 745 745 755 755 755 743 743 743 755 755 755 745 745 745 756 756 756 747 747 747 756 756 756 745 745 745 756 756 756 747 747 747 757 757 757 749 749 749 757 757 757 747 747 747 645 645 645 749 749 749 646 646 646 748 748 748 646 646 646 749 749 749 646 646 646 748 748 748 681 681 681 746 746 746 681 681 681 748 748 748 681 681 681 746 746 746 714 714 714 744 744 744 714 714 714 746 746 746 714 714 714 744 744 744 752 752 752 743 743 743 752 752 752 744 744 744 752 752 752 743 743 743 750 750 750 754 754 754 750 750 750 743 743 743 730 730 730 732 732 732 739 739 739 758 758 758 739 739 739 732 732 732 739 739 739 758 758 758 741 741 741 759 759 759 741 741 741 758 758 758 741 741 741 759 759 759 742 742 742 48 48 48 760 760 760 49 49 49 761 761 761 49 49 49 760 760 760 49 49 49 761 761 761 762 762 762 727 727 727 731 731 731 729 729 729 730 730 730 729 729 729 731 731 731 729 729 729 730 730 730 763 763 763 740 740 740 763 763 763 730 730 730 763 763 763 740 740 740 764 764 764 742 742 742 764 764 764 740 740 740 764 764 764 742 742 742 765 765 765 762 762 762 765 765 765 742 742 742 765 765 765 762 762 762 766 766 766 761 761 761 766 766 766 762 762 762 53 53 53 688 688 688 716 716 716 687 687 687 716 716 716 688 688 688 716 716 716 687 687 687 767 767 767 685 685 685 767 767 767 687 687 687 767 767 767 685 685 685 768 768 768 684 684 684 768 768 768 685 685 685 768 768 768 684 684 684 769 769 769 770 770 770 769 769 769 684 684 684 68 68 68 770 770 770 66 66 66 684 684 684 66 66 66 770 770 770 66 66 66 684 684 684 650 650 650 686 686 686 650 650 650 684 684 684 650 650 650 686 686 686 64 64 64 688 688 688 64 64 64 686 686 686 64 64 64 688 688 688 65 65 65 53 53 53 65 65 65 688 688 688 65 65 65 53 53 53 645 645 645 52 52 52 645 645 645 53 53 53 645 645 645 52 52 52 749 749 749 51 51 51 749 749 749 52 52 52 749 749 749 51 51 51 757 757 757 50 50 50 757 757 757 51 51 51 757 757 757 50 50 50 756 756 756 47 47 47 756 756 756 50 50 50 756 756 756 47 47 47 755 755 755 49 49 49 755 755 755 47 47 47 755 755 755 49 49 49 754 754 754 762 762 762 754 754 754 49 49 49 754 754 754 762 762 762 750 750 750 742 742 742 750 750 750 762 762 762 750 750 750 742 742 742 751 751 751 759 759 759 751 751 751 742 742 742 751 751 751 759 759 759 753 753 753 758 758 758 753 753 753 759 759 759 753 753 753 758 758 758 717 717 717 732 732 732 717 717 717 758 758 758 717 717 717 732 732 732 718 718 718 731 731 731 718 718 718 732 732 732 718 718 718 731 731 731 720 720 720 727 727 727 720 720 720 731 731 731 720 720 720 727 727 727 722 722 722 726 726 726 722 722 722 727 727 727 722 722 722 726 726 726 724 724 724 635 635 635 658 658 658 636 636 636 660 660 660 636 636 636 658 658 658 636 636 636 660 660 660 651 651 651 662 662 662 651 651 651 660 660 660 651 651 651 662 662 662 657 657 657 664 664 664 657 657 657 662 662 662 657 657 657 664 664 664 656 656 656 666 666 666 656 656 656 664 664 664 656 656 656 666 666 666 680 680 680 698 698 698 680 680 680 666 666 666 680 680 680 698 698 698 679 679 679 700 700 700 679 679 679 698 698 698 679 679 679 700 700 700 608 608 608 771 771 771 608 608 608 700 700 700 608 608 608 771 771 771 609 609 609 76 76 76 75 75 75 772 772 772 46 46 46 773 773 773 44 44 44 774 774 774 44 44 44 773 773 773 44 44 44 774 774 774 775 775 775 776 776 776 775 775 775 774 774 774 777 777 777 776 776 776 778 778 778 774 774 774 778 778 778 776 776 776 778 778 778 774 774 774 779 779 779 773 773 773 779 779 779 774 774 774 780 780 780 781 781 781 782 782 782 783 783 783 782 782 782 781 781 781 782 782 782 783 783 783 784 784 784 772 772 772 784 784 784 783 783 783 784 784 784 772 772 772 785 785 785 733 733 733 786 786 786 734 734 734 787 787 787 734 734 734 786 786 786 734 734 734 787 787 787 735 735 735 788 788 788 735 735 735 787 787 787 735 735 735 788 788 788 738 738 738 42 42 42 738 738 738 788 788 788 738 738 738 42 42 42 736 736 736 771 771 771 736 736 736 42 42 42 736 736 736 771 771 771 737 737 737 700 700 700 737 737 737 771 771 771 737 737 737 700 700 700 735 735 735 699 699 699 735 735 735 700 700 700 735 735 735 699 699 699 713 713 713 697 697 697 713 713 713 699 699 699 713 713 713 697 697 697 712 712 712 696 696 696 712 712 712 697 697 697 712 712 712 696 696 696 711 711 711 694 694 694 711 711 711 696 696 696 711 711 711 694 694 694 710 710 710 692 692 692 710 710 710 694 694 694 710 710 710 692 692 692 709 709 709 690 690 690 709 709 709 692 692 692 789 789 789 790 790 790 791 791 791 39 39 39 792 792 792 793 793 793 793 793 793 40 40 40 39 39 39 42 42 42 39 39 39 40 40 40 39 39 39 42 42 42 794 794 794 788 788 788 794 794 794 42 42 42 794 794 794 788 788 788 795 795 795 787 787 787 795 795 795 788 788 788 795 795 795 787 787 787 796 796 796 786 786 786 796 796 796 787 787 787 792 792 792 39 39 39 797 797 797 798 798 798 797 797 797 39 39 39 797 797 797 798 798 798 799 799 799 800 800 800 801 801 801 802 802 802 803 803 803 804 804 804 805 805 805 789 789 789 791 791 791 806 806 806 800 800 800 806 806 806 791 791 791 806 806 806 800 800 800 803 803 803 802 802 802 803 803 803 800 800 800 803 803 803 802 802 802 807 807 807 808 808 808 809 809 809 810 810 810 43 43 43 790 790 790 811 811 811 789 789 789 811 811 811 790 790 790 811 811 811 789 789 789 812 812 812 806 806 806 812 812 812 789 789 789 812 812 812 806 806 806 813 813 813 803 803 803 813 813 813 806 806 806 813 813 813 803 803 803 814 814 814 815 815 815 814 814 814 803 803 803 814 814 814 815 815 815 816 816 816 810 810 810 809 809 809 817 817 817 818 818 818 817 817 817 809 809 809 817 817 817 818 818 818 819 819 819 820 820 820 821 821 821 822 822 822 823 823 823 824 824 824 820 820 820 43 43 43 40 40 40 790 790 790 793 793 793 790 790 790 40 40 40 790 790 790 793 793 793 791 791 791 792 792 792 791 791 791 793 793 793 791 791 791 792 792 792 800 800 800 797 797 797 800 800 800 792 792 792 800 800 800 797 797 797 801 801 801 799 799 799 801 801 801 797 797 797 801 801 801 799 799 799 802 802 802 820 820 820 802 802 802 799 799 799 802 802 802 820 820 820 807 807 807 824 824 824 807 807 807 820 820 820 807 807 807 824 824 824 803 803 803 823 823 823 803 803 803 824 824 824 803 803 803 823 823 823 804 804 804 820 820 820 804 804 804 823 823 823 804 804 804 820 820 820 805 805 805 822 822 822 805 805 805 820 820 820 805 805 805 822 822 822 803 803 803 821 821 821 803 803 803 822 822 822 803 803 803 821 821 821 815 815 815 820 820 820 815 815 815 821 821 821 815 815 815 820 820 820 816 816 816 825 825 825 816 816 816 820 820 820 816 816 816 825 825 825 826 826 826 827 827 827 828 828 828 780 780 780 829 829 829 780 780 780 828 828 828 780 780 780 829 829 829 781 781 781 38 38 38 37 37 37 830 830 830 604 604 604 605 605 605 603 603 603 606 606 606 603 603 603 605 605 605 603 603 603 606 606 606 602 602 602 607 607 607 602 602 602 606 606 606 602 602 602 607 607 607 601 601 601 77 77 77 601 601 601 607 607 607 601 601 601 77 77 77 600 600 600 76 76 76 600 600 600 77 77 77 600 600 600 76 76 76 831 831 831 772 772 772 831 831 831 76 76 76 831 831 831 772 772 772 832 832 832 783 783 783 832 832 832 772 772 772 832 832 832 783 783 783 833 833 833 781 781 781 833 833 833 783 783 783 833 833 833 781 781 781 834 834 834 829 829 829 834 834 834 781 781 781 834 834 834 829 829 829 835 835 835 836 836 836 835 835 835 829 829 829 98 98 98 92 92 92 557 557 557 563 563 563 557 557 557 92 92 92 557 557 557 563 563 563 559 559 559 571 571 571 559 559 559 563 563 563 559 559 559 571 571 571 599 599 599 600 600 600 599 599 599 571 571 571 599 599 599 600 600 600 598 598 598 831 831 831 598 598 598 600 600 600 598 598 598 831 831 831 597 597 597 832 832 832 597 597 597 831 831 831 597 597 597 832 832 832 596 596 596 833 833 833 596 596 596 832 832 832 596 596 596 833 833 833 595 595 595 834 834 834 595 595 595 833 833 833 595 595 595 834 834 834 582 582 582 835 835 835 582 582 582 834 834 834 582 582 582 835 835 835 581 581 581 836 836 836 581 581 581 835 835 835 581 581 581 836 836 836 592 592 592 837 837 837 592 592 592 836 836 836 592 592 592 837 837 837 593 593 593 838 838 838 593 593 593 837 837 837 593 593 593 838 838 838 594 594 594 839 839 839 840 840 840 841 841 841 842 842 842 841 841 841 840 840 840 841 841 841 842 842 842 843 843 843 844 844 844 843 843 843 842 842 842 843 843 843 844 844 844 845 845 845 120 120 120 119 119 119 846 846 846 847 847 847 846 846 846 119 119 119 846 846 846 847 847 847 848 848 848 849 849 849 848 848 848 847 847 847 848 848 848 849 849 849 850 850 850 296 296 296 839 839 839 35 35 35 841 841 841 35 35 35 839 839 839 35 35 35 841 841 841 36 36 36 843 843 843 36 36 36 841 841 841 36 36 36 843 843 843 851 851 851 845 845 845 851 851 851 843 843 843 851 851 851 845 845 845 852 852 852 853 853 853 33 33 33 854 854 854 32 32 32 854 854 854 33 33 33 854 854 854 32 32 32 855 855 855 852 852 852 856 856 856 851 851 851 850 850 850 851 851 851 856 856 856 851 851 851 850 850 850 36 36 36 849 849 849 36 36 36 850 850 850 36 36 36 849 849 849 34 34 34 847 847 847 34 34 34 849 849 849 34 34 34 847 847 847 294 294 294 119 119 119 294 294 294 847 847 847 294 294 294 119 119 119 292 292 292 118 118 118 292 292 292 119 119 119 292 292 292 118 118 118 290 290 290 589 589 589 838 838 838 591 591 591 837 837 837 591 591 591 838 838 838 591 591 591 837 837 837 33 33 33 836 836 836 33 33 33 837 837 837 33 33 33 836 836 836 31 31 31 829 829 829 31 31 31 836 836 836 31 31 31 829 829 829 857 857 857 828 828 828 857 857 857 829 829 829 857 857 857 828 828 828 858 858 858 827 827 827 858 858 858 828 828 828 858 858 858 827 827 827 859 859 859 860 860 860 861 861 861 862 862 862 863 863 863 862 862 862 861 861 861 862 862 862 863 863 863 864 864 864 865 865 865 864 864 864 863 863 863 817 817 817 866 866 866 810 810 810 867 867 867 810 810 810 866 866 866 810 810 810 867 867 867 808 808 808 868 868 868 808 808 808 867 867 867 808 808 808 868 868 868 777 777 777 869 869 869 777 777 777 868 868 868 777 777 777 869 869 869 776 776 776 870 870 870 776 776 776 869 869 869 776 776 776 870 870 870 775 775 775 871 871 871 872 872 872 873 873 873 874 874 874 860 860 860 875 875 875 862 862 862 875 875 875 860 860 860 875 875 875 862 862 862 876 876 876 864 864 864 876 876 876 862 862 862 859 859 859 876 876 876 858 858 858 864 864 864 858 858 858 876 876 876 858 858 858 864 864 864 857 857 857 865 865 865 857 857 857 864 864 864 857 857 857 865 865 865 31 31 31 863 863 863 31 31 31 865 865 865 31 31 31 863 863 863 32 32 32 861 861 861 32 32 32 863 863 863 32 32 32 861 861 861 855 855 855 877 877 877 878 878 878 879 879 879 879 879 879 880 880 880 877 877 877 881 881 881 877 877 877 880 880 880 877 877 877 881 881 881 882 882 882 882 882 882 883 883 883 877 877 877 884 884 884 877 877 877 883 883 883 877 877 877 884 884 884 878 878 878 853 853 853 878 878 878 884 884 884 29 29 29 28 28 28 885 885 885 886 886 886 885 885 885 28 28 28 885 885 885 886 886 886 25 25 25 887 887 887 25 25 25 886 886 886 25 25 25 887 887 887 26 26 26 25 25 25 888 888 888 885 885 885 889 889 889 885 885 885 888 888 888 885 885 885 889 889 889 29 29 29 890 890 890 29 29 29 889 889 889 29 29 29 890 890 890 30 30 30 891 891 891 30 30 30 890 890 890 30 30 30 891 891 891 892 892 892 893 893 893 892 892 892 891 891 891 894 894 894 895 895 895 896 896 896 879 879 879 897 897 897 880 880 880 898 898 898 880 880 880 897 897 897 880 880 880 898 898 898 881 881 881 899 899 899 881 881 881 898 898 898 881 881 881 899 899 899 900 900 900 901 901 901 902 902 902 900 900 900 900 900 900 902 902 902 881 881 881 894 894 894 881 881 881 902 902 902 881 881 881 894 894 894 882 882 882 896 896 896 882 882 882 894 894 894 882 882 882 896 896 896 883 883 883 853 853 853 887 887 887 878 878 878 886 886 886 878 878 878 887 887 887 878 878 878 886 886 886 879 879 879 28 28 28 879 879 879 886 886 886 879 879 879 28 28 28 897 897 897 30 30 30 897 897 897 28 28 28 897 897 897 30 30 30 898 898 898 892 892 892 898 898 898 30 30 30 898 898 898 892 892 892 903 903 903 893 893 893 903 903 903 892 892 892 903 903 903 893 893 893 904 904 904 905 905 905 904 904 904 906 906 906 893 893 893 906 906 906 904 904 904 906 906 906 893 893 893 907 907 907 891 891 891 907 907 907 893 893 893 907 907 907 891 891 891 908 908 908 890 890 890 908 908 908 891 891 891 908 908 908 890 890 890 909 909 909 889 889 889 909 909 909 890 890 890 909 909 909 889 889 889 910 910 910 888 888 888 910 910 910 889 889 889 910 910 910 888 888 888 911 911 911 25 25 25 911 911 911 888 888 888 911 911 911 25 25 25 912 912 912 27 27 27 912 912 912 25 25 25 913 913 913 914 914 914 418 418 418 915 915 915 418 418 418 914 914 914 418 418 418 915 915 915 419 419 419 916 916 916 419 419 419 915 915 915 419 419 419 916 916 916 420 420 420 917 917 917 420 420 420 916 916 916 420 420 420 917 917 917 410 410 410 369 369 369 410 410 410 917 917 917 410 410 410 369 369 369 411 411 411 408 408 408 411 411 411 369 369 369 411 411 411 408 408 408 439 439 439 407 407 407 439 439 439 408 408 408 439 439 439 407 407 407 440 440 440 405 405 405 440 440 440 407 407 407 440 440 440 405 405 405 441 441 441 404 404 404 441 441 441 405 405 405 441 441 441 404 404 404 442 442 442 454 454 454 442 442 442 404 404 404 442 442 442 454 454 454 443 443 443 456 456 456 443 443 443 454 454 454 443 443 443 456 456 456 433 433 433 458 458 458 433 433 433 456 456 456 433 433 433 458 458 458 428 428 428 464 464 464 428 428 428 458 458 458 428 428 428 464 464 464 429 429 429 466 466 466 429 429 429 464 464 464 429 429 429 466 466 466 430 430 430 468 468 468 430 430 430 466 466 466 430 430 430 468 468 468 437 437 437 553 553 553 449 449 449 554 554 554 448 448 448 554 554 554 449 449 449 554 554 554 448 448 448 555 555 555 556 556 556 555 555 555 448 448 448 555 555 555 556 556 556 551 551 551 549 549 549 551 551 551 556 556 556 551 551 551 549 549 549 550 550 550 501 501 501 550 550 550 549 549 549 550 550 550 501 501 501 459 459 459 503 503 503 459 459 459 501 501 501 459 459 459 503 503 503 103 103 103 546 546 546 103 103 103 503 503 503 103 103 103 546 546 546 104 104 104 545 545 545 104 104 104 546 546 546 104 104 104 545 545 545 462 462 462 544 544 544 462 462 462 545 545 545 462 462 462 544 544 544 463 463 463 543 543 543 463 463 463 544 544 544 463 463 463 543 543 543 465 465 465 542 542 542 465 465 465 543 543 543 465 465 465 542 542 542 467 467 467 541 541 541 467 467 467 542 542 542 467 467 467 541 541 541 468 468 468 540 540 540 468 468 468 541 541 541 468 468 468 540 540 540 437 437 437 415 415 415 437 437 437 540 540 540 437 437 437 415 415 415 438 438 438 412 412 412 438 438 438 415 415 415 438 438 438 412 412 412 423 423 423 414 414 414 423 423 423 412 412 412 423 423 423 414 414 414 364 364 364 359 359 359 364 364 364 414 414 414 364 364 364 359 359 359 362 362 362 300 300 300 362 362 362 359 359 359 362 362 362 300 300 300 360 360 360 301 301 301 360 360 360 300 300 300 360 360 360 301 301 301 365 365 365 302 302 302 365 365 365 301 301 301 365 365 365 302 302 302 418 418 418 918 918 918 418 418 418 302 302 302 418 418 418 918 918 918 913 913 913 919 919 919 920 920 920 921 921 921 920 920 920 919 919 919 922 922 922 923 923 923 922 922 922 919 919 919 922 922 922 923 923 923 924 924 924 925 925 925 924 924 924 923 923 923 924 924 924 925 925 925 926 926 926 927 927 927 926 926 926 925 925 925 926 926 926 927 927 927 928 928 928 819 819 819 929 929 929 817 817 817 930 930 930 817 817 817 929 929 929 817 817 817 930 930 930 866 866 866 931 931 931 866 866 866 930 930 930 866 866 866 931 931 931 932 932 932 933 933 933 932 932 932 931 931 931 932 932 932 933 933 933 934 934 934 935 935 935 934 934 934 933 933 933 934 934 934 935 935 935 936 936 936 937 937 937 936 936 936 935 935 935 75 75 75 45 45 45 772 772 772 44 44 44 772 772 772 45 45 45 772 772 772 44 44 44 785 785 785 775 775 775 785 785 785 44 44 44 785 785 785 775 775 775 784 784 784 870 870 870 784 784 784 775 775 775 784 784 784 870 870 870 782 782 782 869 869 869 782 782 782 870 870 870 782 782 782 869 869 869 780 780 780 868 868 868 780 780 780 869 869 869 780 780 780 868 868 868 827 827 827 867 867 867 827 827 827 868 868 868 827 827 827 867 867 867 859 859 859 866 866 866 859 859 859 867 867 867 859 859 859 866 866 866 876 876 876 932 932 932 876 876 876 866 866 866 876 876 876 932 932 932 875 875 875 934 934 934 875 875 875 932 932 932 875 875 875 934 934 934 874 874 874 936 936 936 874 874 874 934 934 934 874 874 874 936 936 936 938 938 938 937 937 937 938 938 938 936 936 936 938 938 938 937 937 937 939 939 939 940 940 940 939 939 939 937 937 937 939 939 939 940 940 940 941 941 941 942 942 942 943 943 943 944 944 944 945 945 945 946 946 946 947 947 947 948 948 948 947 947 947 946 946 946 947 947 947 948 948 948 949 949 949 950 950 950 949 949 949 948 948 948 949 949 949 950 950 950 951 951 951 946 946 946 941 941 941 948 948 948 940 940 940 948 948 948 941 941 941 948 948 948 940 940 940 950 950 950 952 952 952 950 950 950 940 940 940 950 950 950 952 952 952 951 951 951 953 953 953 951 951 951 952 952 952 933 933 933 942 942 942 935 935 935 944 944 944 935 935 935 942 942 942 935 935 935 944 944 944 937 937 937 954 954 954 937 937 937 944 944 944 937 937 937 954 954 954 940 940 940 955 955 955 940 940 940 954 954 954 940 940 940 955 955 955 952 952 952 956 956 956 952 952 952 955 955 955 952 952 952 956 956 956 953 953 953 957 957 957 927 927 927 958 958 958 925 925 925 958 958 958 927 927 927 958 958 958 925 925 925 959 959 959 923 923 923 959 959 959 925 925 925 959 959 959 923 923 923 960 960 960 919 919 919 960 960 960 923 923 923 960 960 960 919 919 919 961 961 961 921 921 921 961 961 961 919 919 919 961 961 961 921 921 921 962 962 962 963 963 963 964 964 964 965 965 965 966 966 966 965 965 965 964 964 964 965 965 965 966 966 966 967 967 967 928 928 928 967 967 967 966 966 966 928 928 928 927 927 927 967 967 967 957 957 957 967 967 967 927 927 927 967 967 967 957 957 957 965 965 965 968 968 968 965 965 965 957 957 957 965 965 965 968 968 968 963 963 963 969 969 969 970 970 970 971 971 971 972 972 972 971 971 971 970 970 970 971 971 971 972 972 972 973 973 973 974 974 974 975 975 975 976 976 976 977 977 977 976 976 976 978 978 978 975 975 975 978 978 978 976 976 976 978 978 978 975 975 975 979 979 979 980 980 980 981 981 981 17 17 17 982 982 982 17 17 17 981 981 981 983 983 983 984 984 984 16 16 16 983 983 983 16 16 16 985 985 985 986 986 986 987 987 987 988 988 988 16 16 16 989 989 989 990 990 990 985 985 985 991 991 991 983 983 983 17 17 17 983 983 983 991 991 991 983 983 983 17 17 17 984 984 984 24 24 24 984 984 984 17 17 17 984 984 984 24 24 24 16 16 16 23 23 23 16 16 16 24 24 24 16 16 16 23 23 23 989 989 989 17 17 17 989 989 989 23 23 23 989 989 989 17 17 17 990 990 990 992 992 992 990 990 990 17 17 17 990 990 990 992 992 992 16 16 16 993 993 993 16 16 16 992 992 992 16 16 16 993 993 993 17 17 17 992 992 992 17 17 17 993 993 993 947 947 947 17 17 17 945 945 945 991 991 991 945 945 945 17 17 17 945 945 945 991 991 991 18 18 18 985 985 985 18 18 18 991 991 991 18 18 18 985 985 985 994 994 994 16 16 16 994 994 994 985 985 985 994 994 994 16 16 16 986 986 986 18 18 18 986 986 986 16 16 16 986 986 986 18 18 18 995 995 995 20 20 20 995 995 995 18 18 18 995 995 995 20 20 20 986 986 986 19 19 19 986 986 986 20 20 20 986 986 986 19 19 19 987 987 987 18 18 18 987 987 987 19 19 19 987 987 987 18 18 18 988 988 988 22 22 22 988 988 988 18 18 18 988 988 988 22 22 22 986 986 986 21 21 21 986 986 986 22 22 22 986 986 986 21 21 21 994 994 994 18 18 18 994 994 994 21 21 21 853 853 853 854 854 854 887 887 887 855 855 855 887 887 887 854 854 854 887 887 887 855 855 855 26 26 26 861 861 861 26 26 26 855 855 855 26 26 26 861 861 861 27 27 27 860 860 860 27 27 27 861 861 861 27 27 27 860 860 860 962 962 962 874 874 874 962 962 962 860 860 860 962 962 962 874 874 874 961 961 961 938 938 938 961 961 961 874 874 874 961 961 961 938 938 938 960 960 960 939 939 939 960 960 960 938 938 938 960 960 960 939 939 939 959 959 959 941 941 941 959 959 959 939 939 939 959 959 959 941 941 941 958 958 958 946 946 946 958 958 958 941 941 941 958 958 958 946 946 946 957 957 957 945 945 945 957 957 957 946 946 946 957 957 957 945 945 945 968 968 968 18 18 18 968 968 968 945 945 945 968 968 968 18 18 18 963 963 963 348 348 348 963 963 963 18 18 18 963 963 963 348 348 348 964 964 964 905 905 905 964 964 964 348 348 348 964 964 964 905 905 905 966 966 966 906 906 906 966 966 966 905 905 905 966 966 966 906 906 906 928 928 928 907 907 907 928 928 928 906 906 906 928 928 928 907 907 907 926 926 926 908 908 908 926 926 926 907 907 907 926 926 926 908 908 908 924 924 924 909 909 909 924 924 924 908 908 908 924 924 924 909 909 909 922 922 922 910 910 910 922 922 922 909 909 909 922 922 922 910 910 910 920 920 920 911 911 911 920 920 920 910 910 910 920 920 920 911 911 911 921 921 921 912 912 912 921 921 921 911 911 911 921 921 921 912 912 912 962 962 962 27 27 27 962 962 962 912 912 912 974 974 974 976 976 976 17 17 17 977 977 977 17 17 17 976 976 976 17 17 17 977 977 977 980 980 980 978 978 978 980 980 980 977 977 977 980 980 980 978 978 978 981 981 981 979 979 979 981 981 981 978 978 978 981 981 981 979 979 979 982 982 982 996 996 996 997 997 997 998 998 998 956 956 956 998 998 998 997 997 997 956 956 956 999 999 999 998 998 998 1000 1000 1000 998 998 998 999 999 999 998 998 998 1000 1000 1000 996 996 996 17 17 17 996 996 996 1000 1000 1000 996 996 996 17 17 17 997 997 997 982 982 982 997 997 997 17 17 17 997 997 997 982 982 982 956 956 956 979 979 979 956 956 956 982 982 982 956 956 956 979 979 979 953 953 953 975 975 975 953 953 953 979 979 979 953 953 953 975 975 975 969 969 969 974 974 974 969 969 969 975 975 975 969 969 969 974 974 974 970 970 970 17 17 17 970 970 970 974 974 974 970 970 970 17 17 17 972 972 972 947 947 947 972 972 972 17 17 17 972 972 972 947 947 947 973 973 973 949 949 949 973 973 973 947 947 947 973 973 973 949 949 949 971 971 971 951 951 951 971 971 971 949 949 949 971 971 971 951 951 951 969 969 969 953 953 953 969 969 969 951 951 951 1001 1001 1001 120 120 120 1002 1002 1002 846 846 846 1002 1002 1002 120 120 120 1002 1002 1002 846 846 846 1003 1003 1003 848 848 848 1003 1003 1003 846 846 846 1003 1003 1003 848 848 848 1004 1004 1004 850 850 850 1004 1004 1004 848 848 848 1004 1004 1004 850 850 850 1005 1005 1005 856 856 856 1005 1005 1005 850 850 850 1005 1005 1005 856 856 856 1006 1006 1006 852 852 852 1006 1006 1006 856 856 856 1006 1006 1006 852 852 852 1007 1007 1007 760 760 760 830 830 830 761 761 761 37 37 37 761 761 761 830 830 830 761 761 761 37 37 37 766 766 766 39 39 39 766 766 766 37 37 37 766 766 766 39 39 39 765 765 765 794 794 794 765 765 765 39 39 39 765 765 765 794 794 794 764 764 764 795 795 795 764 764 764 794 794 794 764 764 764 795 795 795 763 763 763 796 796 796 763 763 763 795 795 795 763 763 763 796 796 796 729 729 729 786 786 786 729 729 729 796 796 796 729 729 729 786 786 786 728 728 728 733 733 733 728 728 728 786 786 786 728 728 728 733 733 733 726 726 726 701 701 701 726 726 726 733 733 733 726 726 726 701 701 701 724 724 724 58 58 58 724 724 724 701 701 701 724 724 724 58 58 58 725 725 725 57 57 57 725 725 725 58 58 58 725 725 725 57 57 57 676 676 676 709 709 709 676 676 676 57 57 57 676 676 676 709 709 709 677 677 677 690 690 690 677 677 677 709 709 709 677 677 677 690 690 690 668 668 668 689 689 689 668 668 668 690 690 690 668 668 668 689 689 689 670 670 670 659 659 659 670 670 670 689 689 689 670 670 670 659 659 659 672 672 672 658 658 658 672 672 672 659 659 659 672 672 672 658 658 658 673 673 673 635 635 635 673 673 673 658 658 658 673 673 673 635 635 635 682 682 682 638 638 638 682 682 682 635 635 635 682 682 682 638 638 638 683 683 683 640 640 640 683 683 683 638 638 638 683 683 683 640 640 640 205 205 205 69 69 69 205 205 205 640 640 640 205 205 205 69 69 69 203 203 203 71 71 71 203 203 203 69 69 69 203 203 203 71 71 71 201 201 201 74 74 74 201 201 201 71 71 71 201 201 201 74 74 74 212 212 212 73 73 73 212 212 212 74 74 74 212 212 212 73 73 73 607 607 607 72 72 72 607 607 607 73 73 73 607 607 607 72 72 72 77 77 77 613 613 613 77 77 77 72 72 72 77 77 77 613 613 613 75 75 75 611 611 611 75 75 75 613 613 613 75 75 75 611 611 611 45 45 45 609 609 609 45 45 45 611 611 611 45 45 45 609 609 609 46 46 46 771 771 771 46 46 46 609 609 609 46 46 46 771 771 771 773 773 773 42 42 42 773 773 773 771 771 771 773 773 773 42 42 42 779 779 779 41 41 41 779 779 779 42 42 42 779 779 779 41 41 41 778 778 778 43 43 43 778 778 778 41 41 41 778 778 778 43 43 43 777 777 777 811 811 811 777 777 777 43 43 43 777 777 777 811 811 811 808 808 808 812 812 812 808 808 808 811 811 811 808 808 808 812 812 812 809 809 809 813 813 813 809 809 809 812 812 812 809 809 809 813 813 813 818 818 818 814 814 814 818 818 818 813 813 813 818 818 818 814 814 814 819 819 819 816 816 816 819 819 819 814 814 814 819 819 819 816 816 816 929 929 929 826 826 826 929 929 929 816 816 816 929 929 929 826 826 826 930 930 930 1008 1008 1008 930 930 930 826 826 826 930 930 930 1008 1008 1008 931 931 931 871 871 871 931 931 931 1008 1008 1008 931 931 931 871 871 871 933 933 933 873 873 873 933 933 933 871 871 871 933 933 933 873 873 873 942 942 942 872 872 872 942 942 942 873 873 873 942 942 942 872 872 872 943 943 943 840 840 840 586 586 586 842 842 842 588 588 588 842 842 842 586 586 586 842 842 842 588 588 588 844 844 844 590 590 590 844 844 844 588 588 588 844 844 844 590 590 590 845 845 845 591 591 591 845 845 845 590 590 590 845 845 845 591 591 591 852 852 852 33 33 33 852 852 852 591 591 591 852 852 852 33 33 33 1007 1007 1007 853 853 853 1007 1007 1007 33 33 33 1007 1007 1007 853 853 853 1006 1006 1006 884 884 884 1006 1006 1006 853 853 853 1006 1006 1006 884 884 884 1005 1005 1005 883 883 883 1005 1005 1005 884 884 884 1005 1005 1005 883 883 883 1004 1004 1004 896 896 896 1004 1004 1004 883 883 883 1004 1004 1004 896 896 896 1003 1003 1003 895 895 895 1003 1003 1003 896 896 896 1003 1003 1003 895 895 895 1002 1002 1002 894 894 894 1002 1002 1002 895 895 895 1002 1002 1002 894 894 894 1001 1001 1001 902 902 902 1001 1001 1001 894 894 894 1001 1001 1001 902 902 902 1009 1009 1009 901 901 901 1009 1009 1009 902 902 902 1010 1010 1010 1011 1011 1011 1012 1012 1012 1013 1013 1013 1014 1014 1014 1015 1015 1015 1012 1012 1012 1015 1015 1015 1014 1014 1014 1015 1015 1015 1012 1012 1012 1016 1016 1016 1011 1011 1011 1016 1016 1016 1012 1012 1012 1016 1016 1016 1011 1011 1011 1017 1017 1017 14 14 14 171 171 171 15 15 15 143 143 143 15 15 15 171 171 171 15 15 15 143 143 143 1018 1018 1018 142 142 142 1018 1018 1018 143 143 143 1018 1018 1018 142 142 142 169 169 169 144 144 144 169 169 169 142 142 142 169 169 169 144 144 144 167 167 167 1017 1017 1017 1019 1019 1019 1016 1016 1016 1020 1020 1020 1016 1016 1016 1019 1019 1019 1016 1016 1016 1020 1020 1020 1015 1015 1015 1021 1021 1021 1015 1015 1015 1020 1020 1020 1015 1015 1015 1021 1021 1021 1013 1013 1013 10 10 10 1013 1013 1013 1021 1021 1021 12 12 12 1022 1022 1022 10 10 10 1023 1023 1023 10 10 10 1022 1022 1022 10 10 10 1023 1023 1023 1013 1013 1013 1024 1024 1024 1013 1013 1013 1023 1023 1023 1013 1013 1013 1024 1024 1024 1014 1014 1014 1025 1025 1025 1014 1014 1014 1024 1024 1024 1014 1014 1014 1025 1025 1025 1012 1012 1012 1026 1026 1026 1012 1012 1012 1025 1025 1025 1012 1012 1012 1026 1026 1026 1010 1010 1010 1019 1019 1019 1027 1027 1027 1020 1020 1020 1028 1028 1028 1020 1020 1020 1027 1027 1027 1020 1020 1020 1028 1028 1028 1021 1021 1021 1029 1029 1029 1021 1021 1021 1028 1028 1028 1021 1021 1021 1029 1029 1029 10 10 10 1030 1030 1030 10 10 10 1029 1029 1029 10 10 10 1030 1030 1030 11 11 11 1031 1031 1031 11 11 11 1030 1030 1030 11 11 11 1031 1031 1031 12 12 12 1032 1032 1032 1033 1033 1033 1034 1034 1034 1035 1035 1035 1034 1034 1034 1033 1033 1033 1034 1034 1034 1035 1035 1035 1036 1036 1036 1037 1037 1037 1036 1036 1036 1035 1035 1035 1036 1036 1036 1037 1037 1037 1038 1038 1038 1039 1039 1039 1038 1038 1038 1037 1037 1037 1038 1038 1038 1039 1039 1039 1031 1031 1031 1040 1040 1040 1031 1031 1031 1039 1039 1039 1031 1031 1031 1040 1040 1040 12 12 12 1041 1041 1041 1042 1042 1042 1043 1043 1043 1044 1044 1044 1043 1043 1043 1042 1042 1042 1045 1045 1045 1032 1032 1032 1046 1046 1046 1034 1034 1034 1046 1046 1046 1032 1032 1032 1046 1046 1046 1034 1034 1034 1047 1047 1047 1036 1036 1036 1047 1047 1047 1034 1034 1034 1047 1047 1047 1036 1036 1036 1048 1048 1048 1038 1038 1038 1048 1048 1048 1036 1036 1036 1048 1048 1048 1038 1038 1038 1049 1049 1049 1031 1031 1031 1049 1049 1049 1038 1038 1038 1010 1010 1010 13 13 13 1011 1011 1011 15 15 15 1011 1011 1011 13 13 13 1011 1011 1011 15 15 15 1017 1017 1017 1018 1018 1018 1017 1017 1017 15 15 15 1017 1017 1017 1018 1018 1018 1019 1019 1019 169 169 169 1019 1019 1019 1018 1018 1018 1019 1019 1019 169 169 169 1027 1027 1027 1050 1050 1050 1027 1027 1027 169 169 169 1027 1027 1027 1050 1050 1050 1028 1028 1028 1051 1051 1051 1028 1028 1028 1050 1050 1050 1028 1028 1028 1051 1051 1051 1029 1029 1029 1052 1052 1052 1029 1029 1029 1051 1051 1051 1029 1029 1029 1052 1052 1052 1030 1030 1030 1053 1053 1053 1030 1030 1030 1052 1052 1052 1030 1030 1030 1053 1053 1053 1031 1031 1031 1054 1054 1054 1031 1031 1031 1053 1053 1053 1031 1031 1031 1054 1054 1054 1049 1049 1049 1055 1055 1055 1056 1056 1056 1057 1057 1057 1058 1058 1058 1057 1057 1057 1056 1056 1056 1057 1057 1057 1058 1058 1058 1059 1059 1059 1060 1060 1060 1057 1057 1057 1061 1061 1061 1059 1059 1059 1061 1061 1061 1057 1057 1057 1061 1061 1061 1059 1059 1059 1062 1062 1062 1063 1063 1063 1062 1062 1062 1059 1059 1059 1058 1058 1058 1064 1064 1064 1059 1059 1059 1065 1065 1065 1059 1059 1059 1064 1064 1064 1059 1059 1059 1065 1065 1065 1063 1063 1063 1066 1066 1066 1063 1063 1063 1065 1065 1065 1063 1063 1063 1066 1066 1066 1067 1067 1067 1067 1067 1067 1068 1068 1068 1063 1063 1063 9 9 9 1063 1063 1063 1068 1068 1068 1063 1063 1063 9 9 9 1062 1062 1062 8 8 8 1062 1062 1062 9 9 9 1062 1062 1062 8 8 8 1061 1061 1061 7 7 7 1061 1061 1061 8 8 8 1061 1061 1061 7 7 7 1060 1060 1060 1069 1069 1069 145 145 145 1055 1055 1055 135 135 135 1055 1055 1055 145 145 145 1055 1055 1055 135 135 135 1056 1056 1056 137 137 137 1056 1056 1056 135 135 135 1056 1056 1056 137 137 137 1058 1058 1058 1070 1070 1070 1058 1058 1058 137 137 137 1058 1058 1058 1070 1070 1070 1064 1064 1064 1071 1071 1071 1064 1064 1064 1070 1070 1070 1064 1064 1064 1071 1071 1071 1065 1065 1065 1072 1072 1072 1065 1065 1065 1071 1071 1071 1065 1065 1065 1072 1072 1072 1066 1066 1066 1073 1073 1073 1066 1066 1066 1072 1072 1072 1066 1066 1066 1073 1073 1073 1067 1067 1067 1074 1074 1074 1067 1067 1067 1073 1073 1073 1067 1067 1067 1074 1074 1074 1068 1068 1068 1075 1075 1075 1068 1068 1068 1074 1074 1074 1068 1068 1068 1075 1075 1075 1076 1076 1076 1077 1077 1077 1076 1076 1076 1075 1075 1075 1078 1078 1078 1045 1045 1045 1079 1079 1079 1046 1046 1046 1079 1079 1079 1045 1045 1045 1079 1079 1079 1046 1046 1046 1080 1080 1080 1047 1047 1047 1080 1080 1080 1046 1046 1046 1080 1080 1080 1047 1047 1047 1081 1081 1081 1048 1048 1048 1081 1081 1081 1047 1047 1047 1081 1081 1081 1048 1048 1048 1082 1082 1082 1049 1049 1049 1082 1082 1082 1048 1048 1048 1082 1082 1082 1049 1049 1049 1083 1083 1083 1054 1054 1054 1083 1083 1083 1049 1049 1049 1083 1083 1083 1054 1054 1054 1077 1077 1077 1053 1053 1053 1077 1077 1077 1054 1054 1054 1077 1077 1077 1053 1053 1053 1076 1076 1076 1052 1052 1052 1076 1076 1076 1053 1053 1053 1076 1076 1076 1052 1052 1052 1068 1068 1068 1051 1051 1051 1068 1068 1068 1052 1052 1052 1068 1068 1068 1051 1051 1051 9 9 9 1050 1050 1050 9 9 9 1051 1051 1051 9 9 9 1050 1050 1050 7 7 7 169 169 169 7 7 7 1050 1050 1050 7 7 7 169 169 169 1060 1060 1060 166 166 166 1060 1060 1060 169 169 169 1060 1060 1060 166 166 166 1057 1057 1057 155 155 155 1057 1057 1057 166 166 166 1057 1057 1057 155 155 155 1055 1055 1055 157 157 157 1055 1055 1055 155 155 155 1055 1055 1055 157 157 157 1069 1069 1069 1084 1084 1084 1085 1085 1085 1086 1086 1086 1087 1087 1087 1086 1086 1086 1085 1085 1085 1086 1086 1086 1087 1087 1087 1088 1088 1088 1089 1089 1089 1088 1088 1088 1087 1087 1087 1088 1088 1088 1089 1089 1089 1090 1090 1090 1091 1091 1091 1090 1090 1090 1089 1089 1089 1090 1090 1090 1091 1091 1091 1044 1044 1044 1092 1092 1092 1044 1044 1044 1091 1091 1091 1044 1044 1044 1092 1092 1092 1043 1043 1043 1093 1093 1093 1094 1094 1094 1084 1084 1084 1095 1095 1095 1084 1084 1084 1094 1094 1094 1084 1084 1084 1095 1095 1095 1085 1085 1085 1096 1096 1096 1093 1093 1093 1097 1097 1097 1084 1084 1084 1097 1097 1097 1093 1093 1093 1097 1097 1097 1084 1084 1084 1098 1098 1098 1086 1086 1086 1098 1098 1098 1084 1084 1084 1098 1098 1098 1086 1086 1086 1099 1099 1099 1088 1088 1088 1099 1099 1099 1086 1086 1086 1099 1099 1099 1088 1088 1088 1100 1100 1100 1090 1090 1090 1100 1100 1100 1088 1088 1088 1100 1100 1100 1090 1090 1090 1101 1101 1101 1044 1044 1044 1101 1101 1101 1090 1090 1090 1101 1101 1101 1044 1044 1044 1102 1102 1102 1042 1042 1042 1102 1102 1102 1044 1044 1044 1103 1103 1103 1104 1104 1104 1105 1105 1105 1106 1106 1106 1105 1105 1105 1104 1104 1104 1105 1105 1105 1106 1106 1106 1107 1107 1107 1108 1108 1108 1103 1103 1103 1109 1109 1109 1105 1105 1105 1109 1109 1109 1103 1103 1103 1109 1109 1109 1105 1105 1105 1110 1110 1110 1111 1111 1111 1096 1096 1096 1112 1112 1112 1097 1097 1097 1112 1112 1112 1096 1096 1096 1112 1112 1112 1097 1097 1097 1113 1113 1113 1098 1098 1098 1113 1113 1113 1097 1097 1097 1113 1113 1113 1098 1098 1098 1114 1114 1114 1099 1099 1099 1114 1114 1114 1098 1098 1098 1114 1114 1114 1099 1099 1099 1115 1115 1115 1100 1100 1100 1115 1115 1115 1099 1099 1099 1115 1115 1115 1100 1100 1100 1116 1116 1116 1101 1101 1101 1116 1116 1116 1100 1100 1100 1116 1116 1116 1101 1101 1101 1078 1078 1078 1102 1102 1102 1078 1078 1078 1101 1101 1101 1078 1078 1078 1102 1102 1102 1045 1045 1045 1042 1042 1042 1045 1045 1045 1102 1102 1102 1045 1045 1045 1042 1042 1042 1032 1032 1032 1041 1041 1041 1032 1032 1032 1042 1042 1042 1032 1032 1032 1041 1041 1041 1033 1033 1033 1117 1117 1117 1118 1118 1118 1119 1119 1119 1120 1120 1120 1119 1119 1119 1118 1118 1118 1119 1119 1119 1120 1120 1120 1121 1121 1121 1122 1122 1122 1121 1121 1121 1120 1120 1120 1121 1121 1121 1122 1122 1122 1123 1123 1123 6 6 6 1108 1108 1108 1117 1117 1117 1109 1109 1109 1117 1117 1117 1108 1108 1108 1117 1117 1117 1109 1109 1109 1118 1118 1118 1110 1110 1110 1118 1118 1118 1109 1109 1109 1118 1118 1118 1110 1110 1110 1120 1120 1120 1124 1124 1124 1120 1120 1120 1110 1110 1110 1120 1120 1120 1124 1124 1124 1122 1122 1122 1125 1125 1125 1122 1122 1122 1124 1124 1124 1122 1122 1122 1125 1125 1125 1123 1123 1123 1126 1126 1126 1123 1123 1123 1125 1125 1125 81 81 81 1126 1126 1126 82 82 82 1125 1125 1125 82 82 82 1126 1126 1126 82 82 82 1125 1125 1125 1127 1127 1127 1124 1124 1124 1127 1127 1127 1125 1125 1125 1127 1127 1127 1124 1124 1124 1111 1111 1111 1110 1110 1110 1111 1111 1111 1124 1124 1124 1111 1111 1111 1110 1110 1110 1096 1096 1096 1105 1105 1105 1096 1096 1096 1110 1110 1110 1096 1096 1096 1105 1105 1105 1093 1093 1093 1107 1107 1107 1093 1093 1093 1105 1105 1105 1093 1093 1093 1107 1107 1107 1094 1094 1094 5 5 5 4 4 4 223 223 223 1128 1128 1128 223 223 223 4 4 4 223 223 223 1128 1128 1128 242 242 242 1129 1129 1129 242 242 242 1128 1128 1128 242 242 242 1129 1129 1129 244 244 244 1130 1130 1130 244 244 244 1129 1129 1129 244 244 244 1130 1130 1130 246 246 246 1131 1131 1131 246 246 246 1130 1130 1130 246 246 246 1131 1131 1131 248 248 248 1132 1132 1132 248 248 248 1131 1131 1131 248 248 248 1132 1132 1132 352 352 352 1133 1133 1133 352 352 352 1132 1132 1132 352 352 352 1133 1133 1133 351 351 351 272 272 272 351 351 351 1133 1133 1133 351 351 351 272 272 272 267 267 267 274 274 274 267 267 267 272 272 272 267 267 267 274 274 274 268 268 268 276 276 276 268 268 268 274 274 274 268 268 268 276 276 276 270 270 270 1134 1134 1134 270 270 270 276 276 276 270 270 270 1134 1134 1134 289 289 289 1135 1135 1135 289 289 289 1134 1134 1134 289 289 289 1135 1135 1135 288 288 288 587 587 587 585 585 585 589 589 589 584 584 584 589 589 589 585 585 585 589 589 589 584 584 584 838 838 838 83 83 83 838 838 838 584 584 584 838 838 838 83 83 83 594 594 594 82 82 82 594 594 594 83 83 83 594 594 594 82 82 82 84 84 84 1127 1127 1127 84 84 84 82 82 82 84 84 84 1127 1127 1127 80 80 80 1111 1111 1111 80 80 80 1127 1127 1127 80 80 80 1111 1111 1111 88 88 88 1112 1112 1112 88 88 88 1111 1111 1111 88 88 88 1112 1112 1112 87 87 87 1113 1113 1113 87 87 87 1112 1112 1112 87 87 87 1113 1113 1113 89 89 89 1114 1114 1114 89 89 89 1113 1113 1113 89 89 89 1114 1114 1114 90 90 90 1115 1115 1115 90 90 90 1114 1114 1114 90 90 90 1115 1115 1115 577 577 577 1116 1116 1116 577 577 577 1115 1115 1115 577 577 577 1116 1116 1116 579 579 579 1078 1078 1078 579 579 579 1116 1116 1116 579 579 579 1078 1078 1078 580 580 580 1079 1079 1079 580 580 580 1078 1078 1078 580 580 580 1079 1079 1079 96 96 96 1080 1080 1080 96 96 96 1079 1079 1079 96 96 96 1080 1080 1080 97 97 97 1081 1081 1081 97 97 97 1080 1080 1080 97 97 97 1081 1081 1081 98 98 98 1082 1082 1082 98 98 98 1081 1081 1081 98 98 98 1082 1082 1082 93 93 93 1083 1083 1083 93 93 93 1082 1082 1082 93 93 93 1083 1083 1083 94 94 94 1077 1077 1077 94 94 94 1083 1083 1083 94 94 94 1077 1077 1077 566 566 566 1075 1075 1075 566 566 566 1077 1077 1077 566 566 566 1075 1075 1075 568 568 568 1074 1074 1074 568 568 568 1075 1075 1075 568 568 568 1074 1074 1074 570 570 570 1073 1073 1073 570 570 570 1074 1074 1074 476 476 476 355 355 355 505 505 505 354 354 354 505 505 505 355 355 355 505 505 505 354 354 354 512 512 512 539 539 539 512 512 512 354 354 354 512 512 512 539 539 539 513 513 513 526 526 526 513 513 513 539 539 539 513 513 513 526 526 526 514 514 514 525 525 525 514 514 514 526 526 526 514 514 514 525 525 525 515 515 515 524 524 524 515 515 515 525 525 525 515 515 515 524 524 524 516 516 516 523 523 523 516 516 516 524 524 524 516 516 516 523 523 523 1136 1136 1136 521 521 521 1136 1136 1136 523 523 523 1136 1136 1136 521 521 521 1137 1137 1137 520 520 520 1137 1137 1137 521 521 521 1137 1137 1137 520 520 520 1138 1138 1138 538 538 538 1138 1138 1138 520 520 520 1138 1138 1138 538 538 538 1139 1139 1139 537 537 537 1139 1139 1139 538 538 538 1139 1139 1139 537 537 537 1140 1140 1140 1141 1141 1141 1140 1140 1140 537 537 537 1141 1141 1141 534 534 534 1140 1140 1140 532 532 532 1140 1140 1140 534 534 534 1140 1140 1140 532 532 532 1139 1139 1139 530 530 530 1139 1139 1139 532 532 532 1139 1139 1139 530 530 530 1138 1138 1138 528 528 528 1138 1138 1138 530 530 530 1138 1138 1138 528 528 528 1137 1137 1137 527 527 527 1137 1137 1137 528 528 528 1137 1137 1137 527 527 527 1136 1136 1136 1142 1142 1142 1136 1136 1136 527 527 527 1136 1136 1136 1142 1142 1142 516 516 516 489 489 489 516 516 516 1142 1142 1142 516 516 516 489 489 489 511 511 511 485 485 485 511 511 511 489 489 489 511 511 511 485 485 485 510 510 510 481 481 481 510 510 510 485 485 485 510 510 510 481 481 481 471 471 471 480 480 480 471 471 471 481 481 481 471 471 471 480 480 480 470 470 470 478 478 478 470 470 470 480 480 480 470 470 470 478 478 478 255 255 255 477 477 477 255 255 255 478 478 478 255 255 255 477 477 477 254 254 254 259 259 259 254 254 254 477 477 477 254 254 254 259 259 259 253 253 253 236 236 236 253 253 253 259 259 259 253 253 253 236 236 236 252 252 252 237 237 237 252 252 252 236 236 236 252 252 252 237 237 237 130 130 130 486 486 486 130 130 130 237 237 237 130 130 130 486 486 486 131 131 131 1141 1141 1141 1143 1143 1143 534 534 534 1144 1144 1144 534 534 534 1143 1143 1143 534 534 534 1144 1144 1144 535 535 535 1145 1145 1145 535 535 535 1144 1144 1144 535 535 535 1145 1145 1145 533 533 533 1146 1146 1146 533 533 533 1145 1145 1145 533 533 533 1146 1146 1146 531 531 531 1147 1147 1147 531 531 531 1146 1146 1146 531 531 531 1147 1147 1147 529 529 529 1148 1148 1148 529 529 529 1147 1147 1147 529 529 529 1148 1148 1148 527 527 527 1149 1149 1149 527 527 527 1148 1148 1148 527 527 527 1149 1149 1149 1142 1142 1142 1150 1150 1150 1142 1142 1142 1149 1149 1149 1142 1142 1142 1150 1150 1150 489 489 489 1151 1151 1151 489 489 489 1150 1150 1150 489 489 489 1151 1151 1151 263 263 263 1152 1152 1152 263 263 263 1151 1151 1151 263 263 263 1152 1152 1152 261 261 261 264 264 264 261 261 261 1152 1152 1152 261 261 261 264 264 264 230 230 230 266 266 266 230 230 230 264 264 264 230 230 230 266 266 266 231 231 231 6 6 6 1117 1117 1117 4 4 4 1119 1119 1119 4 4 4 1117 1117 1117 4 4 4 1119 1119 1119 1128 1128 1128 1121 1121 1121 1128 1128 1128 1119 1119 1119 1128 1128 1128 1121 1121 1121 1129 1129 1129 1123 1123 1123 1129 1129 1129 1121 1121 1121 1129 1129 1129 1123 1123 1123 1130 1130 1130 1126 1126 1126 1130 1130 1130 1123 1123 1123 1130 1130 1130 1126 1126 1126 1131 1131 1131 81 81 81 1131 1131 1131 1126 1126 1126 1131 1131 1131 81 81 81 1132 1132 1132 583 583 583 1132 1132 1132 81 81 81 1132 1132 1132 583 583 583 1133 1133 1133 585 585 585 1133 1133 1133 583 583 583 1133 1133 1133 585 585 585 272 272 272 587 587 587 272 272 272 585 585 585 272 272 272 587 587 587 273 273 273 586 586 586 273 273 273 587 587 587 273 273 273 586 586 586 275 275 275 840 840 840 275 275 275 586 586 586 275 275 275 840 840 840 276 276 276 839 839 839 276 276 276 840 840 840 276 276 276 839 839 839 1134 1134 1134 296 296 296 1134 1134 1134 839 839 839 1134 1134 1134 296 296 296 1135 1135 1135 295 295 295 1135 1135 1135 296 296 296 1135 1135 1135 295 295 295 288 288 288 293 293 293 288 288 288 295 295 295 288 288 288 293 293 293 286 286 286 291 291 291 286 286 286 293 293 293 286 286 286 291 291 291 353 353 353 290 290 290 353 353 353 291 291 291 353 353 353 290 290 290 475 475 475 118 118 118 475 475 475 290 290 290 475 475 475 118 118 118 476 476 476 120 120 120 476 476 476 118 118 118 476 476 476 120 120 120 355 355 355 1001 1001 1001 355 355 355 120 120 120 355 355 355 1001 1001 1001 299 299 299 1009 1009 1009 299 299 299 1001 1001 1001 299 299 299 1009 1009 1009 297 297 297 901 901 901 297 297 297 1009 1009 1009 297 297 297 901 901 901 302 302 302 900 900 900 302 302 302 901 901 901 302 302 302 900 900 900 918 918 918 899 899 899 918 918 918 900 900 900 918 918 918 899 899 899 913 913 913 898 898 898 913 913 913 899 899 899 913 913 913 898 898 898 914 914 914 903 903 903 914 914 914 898 898 898 914 914 914 903 903 903 915 915 915 904 904 904 915 915 915 903 903 903 915 915 915 904 904 904 916 916 916 905 905 905 916 916 916 904 904 904 916 916 916 905 905 905 917 917 917 348 348 348 917 917 917 905 905 905 917 917 917 348 348 348 369 369 369 349 349 349 369 369 369 348 348 348 369 369 369 349 349 349 370 370 370 304 304 304 370 370 370 349 349 349 370 370 370 304 304 304 116 116 116 303 303 303 116 116 116 304 304 304 116 116 116 303 303 303 117 117 117 347 347 347 117 117 117 303 303 303 117 117 117 347 347 347 381 381 381 346 346 346 381 381 381 347 347 347 381 381 381 346 346 346 382 382 382 345 345 345 382 382 382 346 346 346 382 382 382 345 345 345 383 383 383 344 344 344 383 383 383 345 345 345 383 383 383 344 344 344 380 380 380 343 343 343 380 380 380 344 344 344 380 380 380 343 343 343 372 372 372 342 342 342 372 372 372 343 343 343 372 372 372 342 342 342 373 373 373 113 113 113 373 373 373 342 342 342 373 373 373 113 113 113 375 375 375 112 112 112 375 375 375 113 113 113 375 375 375 112 112 112 111 111 111 377 377 377 111 111 111 112 112 112 111 111 111 377 377 377 110 110 110 387 387 387 110 110 110 377 377 377 110 110 110 387 387 387 108 108 108 393 393 393 108 108 108 387 387 387 108 108 108 393 393 393 384 384 384 391 391 391 384 384 384 393 393 393 384 384 384 391 391 391 553 553 553 389 389 389 553 553 553 391 391 391 553 553 553 389 389 389 449 449 449 388 388 388 449 449 449 389 389 389 449 449 449 388 388 388 450 450 450 394 394 394 450 450 450 388 388 388 450 450 450 394 394 394 106 106 106 469 469 469 106 106 106 394 394 394 106 106 106 469 469 469 547 547 547 1153 1153 1153 1154 1154 1154 1155 1155 1155 1156 1156 1156 1157 1157 1157 1155 1155 1155 1158 1158 1158 1155 1155 1155 1157 1157 1157 1155 1155 1155 1158 1158 1158 1153 1153 1153 1159 1159 1159 1160 1160 1160 1161 1161 1161 1162 1162 1162 1161 1161 1161 1160 1160 1160 1161 1161 1161 1162 1162 1162 1163 1163 1163 1164 1164 1164 1165 1165 1165 1155 1155 1155 1166 1166 1166 1155 1155 1155 1165 1165 1165 1155 1155 1155 1166 1166 1166 1156 1156 1156 1163 1163 1163 1167 1167 1167 1161 1161 1161 1168 1168 1168 1161 1161 1161 1167 1167 1167 1161 1161 1161 1168 1168 1168 1169 1169 1169 1169 1169 1169 1170 1170 1170 1161 1161 1161 1171 1171 1171 1161 1161 1161 1170 1170 1170 1161 1161 1161 1171 1171 1171 1164 1164 1164 1172 1172 1172 1164 1164 1164 1171 1171 1171 1164 1164 1164 1172 1172 1172 1165 1165 1165 1173 1173 1173 1174 1174 1174 1175 1175 1175 1176 1176 1176 1177 1177 1177 1178 1178 1178 1179 1179 1179 1180 1180 1180 1181 1181 1181 1182 1182 1182 1181 1181 1181 1180 1180 1180 1183 1183 1183 1184 1184 1184 1185 1185 1185 1186 1186 1186 1187 1187 1187 1188 1188 1188 1189 1189 1189 1188 1188 1188 1187 1187 1187 1190 1190 1190 1191 1191 1191 1192 1192 1192 1193 1193 1193 1194 1194 1194 1195 1195 1195 1196 1196 1196 1197 1197 1197 1198 1198 1198 1199 1199 1199 1200 1200 1200 1201 1201 1201 1202 1202 1202 1203 1203 1203 1204 1204 1204 1205 1205 1205 1206 1206 1206 1207 1207 1207 1207 1207 1207 1208 1208 1208 1209 1209 1209 1210 1210 1210 1211 1211 1211 1212 1212 1212 1213 1213 1213 1214 1214 1214 1215 1215 1215 1216 1216 1216 1217 1217 1217 1218 1218 1218 1219 1219 1219 1220 1220 1220 1221 1221 1221 1222 1222 1222 1223 1223 1223 1219 1219 1219 1224 1224 1224 1219 1219 1219 1223 1223 1223 1219 1219 1219 1224 1224 1224 1220 1220 1220 1225 1225 1225 1226 1226 1226 1223 1223 1223 1227 1227 1227 1223 1223 1223 1226 1226 1226 1228 1228 1228 1229 1229 1229 1230 1230 1230 1231 1231 1231 1230 1230 1230 1229 1229 1229 1231 1231 1231 1232 1232 1232 1230 1230 1230 1233 1233 1233 1230 1230 1230 1232 1232 1232 1230 1230 1230 1233 1233 1233 1234 1234 1234 1235 1235 1235 1236 1236 1236 1237 1237 1237 1234 1234 1234 1238 1238 1238 1230 1230 1230 1239 1239 1239 1230 1230 1230 1238 1238 1238 1230 1230 1230 1239 1239 1239 1235 1235 1235 1240 1240 1240 1235 1235 1235 1239 1239 1239 1235 1235 1235 1240 1240 1240 1236 1236 1236 1241 1241 1241 1242 1242 1242 1243 1243 1243 1214 1214 1214 1244 1244 1244 1245 1245 1245 1246 1246 1246 1245 1245 1245 1244 1244 1244 1245 1245 1245 1246 1246 1246 1247 1247 1247 1248 1248 1248 1249 1249 1249 1213 1213 1213 1250 1250 1250 1251 1251 1251 1252 1252 1252 1253 1253 1253 1252 1252 1252 1251 1251 1251 1252 1252 1252 1253 1253 1253 1254 1254 1254 1250 1250 1250 1255 1255 1255 1251 1251 1251 1256 1256 1256 1251 1251 1251 1255 1255 1255 1251 1251 1251 1256 1256 1256 1248 1248 1248 1257 1257 1257 1248 1248 1248 1256 1256 1256 1248 1248 1248 1257 1257 1257 1249 1249 1249 1258 1258 1258 1259 1259 1259 1260 1260 1260 1259 1259 1259 1261 1261 1261 1260 1260 1260 1262 1262 1262 1260 1260 1260 1261 1261 1261 1260 1260 1260 1262 1262 1262 1258 1258 1258 1263 1263 1263 1264 1264 1264 1258 1258 1258 1265 1265 1265 1258 1258 1258 1264 1264 1264 1258 1258 1258 1265 1265 1265 1216 1216 1216 1264 1264 1264 1266 1266 1266 1265 1265 1265 1267 1267 1267 1265 1265 1265 1266 1266 1266 1265 1265 1265 1267 1267 1267 1212 1212 1212 1268 1268 1268 1212 1212 1212 1267 1267 1267 1212 1212 1212 1268 1268 1268 1210 1210 1210 1261 1261 1261 1269 1269 1269 1262 1262 1262 1270 1270 1270 1262 1262 1262 1269 1269 1269 1262 1262 1262 1270 1270 1270 1258 1258 1258 1271 1271 1271 1258 1258 1258 1270 1270 1270 1258 1258 1258 1271 1271 1271 1263 1263 1263 1272 1272 1272 1273 1273 1273 1274 1274 1274 1272 1272 1272 1275 1275 1275 1273 1273 1273 1276 1276 1276 1273 1273 1273 1275 1275 1275 1273 1273 1273 1276 1276 1276 1277 1277 1277 1278 1278 1278 1279 1279 1279 1280 1280 1280 1230 1230 1230 1280 1280 1280 1279 1279 1279 1280 1280 1280 1230 1230 1230 1281 1281 1281 1235 1235 1235 1281 1281 1281 1230 1230 1230 1281 1281 1281 1235 1235 1235 1282 1282 1282 1283 1283 1283 1282 1282 1282 1235 1235 1235 1282 1282 1282 1283 1283 1283 1278 1278 1278 1237 1237 1237 1284 1284 1284 1235 1235 1235 1285 1285 1285 1235 1235 1235 1284 1284 1284 1235 1235 1235 1285 1285 1285 1283 1283 1283 1286 1286 1286 1283 1283 1283 1285 1285 1285 1287 1287 1287 1288 1288 1288 1289 1289 1289 1290 1290 1290 1289 1289 1289 1288 1288 1288 1289 1289 1289 1290 1290 1290 1291 1291 1291 1292 1292 1292 1291 1291 1291 1290 1290 1290 1293 1293 1293 1294 1294 1294 1295 1295 1295 1296 1296 1296 1295 1295 1295 1294 1294 1294 1295 1295 1295 1296 1296 1296 1297 1297 1297 1297 1297 1297 1298 1298 1298 1295 1295 1295 1299 1299 1299 1295 1295 1295 1298 1298 1298 1295 1295 1295 1299 1299 1299 1289 1289 1289 1300 1300 1300 1289 1289 1289 1299 1299 1299 1289 1289 1289 1300 1300 1300 1287 1287 1287 1301 1301 1301 1302 1302 1302 1303 1303 1303 1303 1303 1303 1302 1302 1302 1304 1304 1304 1209 1209 1209 1208 1208 1208 1305 1305 1305 1205 1205 1205 1207 1207 1207 1306 1306 1306 1209 1209 1209 1306 1306 1306 1207 1207 1207 1306 1306 1306 1209 1209 1209 1307 1307 1307 1305 1305 1305 1307 1307 1307 1209 1209 1209 1307 1307 1307 1305 1305 1305 1308 1308 1308 1309 1309 1309 1307 1307 1307 1310 1310 1310 1308 1308 1308 1310 1310 1310 1307 1307 1307 1310 1310 1310 1308 1308 1308 1311 1311 1311 1312 1312 1312 1313 1313 1313 1309 1309 1309 1314 1314 1314 1309 1309 1309 1313 1313 1313 1309 1309 1309 1314 1314 1314 1307 1307 1307 1315 1315 1315 1307 1307 1307 1314 1314 1314 1307 1307 1307 1315 1315 1315 1306 1306 1306 1316 1316 1316 1306 1306 1306 1315 1315 1315 1306 1306 1306 1316 1316 1316 1205 1205 1205 1317 1317 1317 1318 1318 1318 1319 1319 1319 1320 1320 1320 1319 1319 1319 1318 1318 1318 1319 1319 1319 1320 1320 1320 1321 1321 1321 1322 1322 1322 1321 1321 1321 1320 1320 1320 1323 1323 1323 1324 1324 1324 1325 1325 1325 1323 1323 1323 1325 1325 1325 1326 1326 1326 1327 1327 1327 1326 1326 1326 1325 1325 1325 1326 1326 1326 1327 1327 1327 1328 1328 1328 1329 1329 1329 1328 1328 1328 1327 1327 1327 1328 1328 1328 1329 1329 1329 1330 1330 1330 1331 1331 1331 1330 1330 1330 1329 1329 1329 1330 1330 1330 1331 1331 1331 1332 1332 1332 1333 1333 1333 1332 1332 1332 1331 1331 1331 1332 1332 1332 1333 1333 1333 1334 1334 1334 1335 1335 1335 1334 1334 1334 1333 1333 1333 1334 1334 1334 1335 1335 1335 1336 1336 1336 1336 1336 1336 1312 1312 1312 1334 1334 1334 1309 1309 1309 1334 1334 1334 1312 1312 1312 1334 1334 1334 1309 1309 1309 1332 1332 1332 1310 1310 1310 1332 1332 1332 1309 1309 1309 1332 1332 1332 1310 1310 1310 1330 1330 1330 1311 1311 1311 1330 1330 1330 1310 1310 1310 1330 1330 1330 1311 1311 1311 1328 1328 1328 1337 1337 1337 1328 1328 1328 1311 1311 1311 1328 1328 1328 1337 1337 1337 1326 1326 1326 1317 1317 1317 1326 1326 1326 1337 1337 1337 1326 1326 1326 1317 1317 1317 1323 1323 1323 1319 1319 1319 1323 1323 1323 1317 1317 1317 1323 1323 1323 1319 1319 1319 1324 1324 1324 1321 1321 1321 1324 1324 1324 1319 1319 1319 1338 1338 1338 1339 1339 1339 1340 1340 1340 1340 1340 1340 1341 1341 1341 1338 1338 1338 1342 1342 1342 1338 1338 1338 1341 1341 1341 1338 1338 1338 1342 1342 1342 1343 1343 1343 1344 1344 1344 1345 1345 1345 1346 1346 1346 1175 1175 1175 1346 1346 1346 1345 1345 1345 1347 1347 1347 1348 1348 1348 1346 1346 1346 1349 1349 1349 1346 1346 1346 1348 1348 1348 1346 1346 1346 1349 1349 1349 1344 1344 1344 1342 1342 1342 1350 1350 1350 1343 1343 1343 1351 1351 1351 1343 1343 1343 1350 1350 1350 1343 1343 1343 1351 1351 1351 1352 1352 1352 1353 1353 1353 1352 1352 1352 1351 1351 1351 1352 1352 1352 1353 1353 1353 1354 1354 1354 1355 1355 1355 1354 1354 1354 1353 1353 1353 1354 1354 1354 1355 1355 1355 1347 1347 1347 1356 1356 1356 1347 1347 1347 1355 1355 1355 1347 1347 1347 1356 1356 1356 1348 1348 1348 1199 1199 1199 1357 1357 1357 1358 1358 1358 1199 1199 1199 1358 1358 1358 1200 1200 1200 1359 1359 1359 1200 1200 1200 1358 1358 1358 1200 1200 1200 1359 1359 1359 1201 1201 1201 1278 1278 1278 1283 1283 1283 1279 1279 1279 1360 1360 1360 1279 1279 1279 1283 1283 1283 1279 1279 1279 1360 1360 1360 1361 1361 1361 1362 1362 1362 1361 1361 1361 1360 1360 1360 1361 1361 1361 1362 1362 1362 1363 1363 1363 1286 1286 1286 1364 1364 1364 1283 1283 1283 1277 1277 1277 1283 1283 1283 1364 1364 1364 1283 1283 1283 1277 1277 1277 1360 1360 1360 1276 1276 1276 1360 1360 1360 1277 1277 1277 1360 1360 1360 1276 1276 1276 1362 1362 1362 1275 1275 1275 1362 1362 1362 1276 1276 1276 1362 1362 1362 1275 1275 1275 1258 1258 1258 1272 1272 1272 1258 1258 1258 1275 1275 1275 1258 1258 1258 1272 1272 1272 1259 1259 1259 1274 1274 1274 1259 1259 1259 1272 1272 1272 1259 1259 1259 1274 1274 1274 1261 1261 1261 1365 1365 1365 1192 1192 1192 1366 1366 1366 1195 1195 1195 1366 1366 1366 1192 1192 1192 1366 1366 1366 1195 1195 1195 1359 1359 1359 1367 1367 1367 1359 1359 1359 1195 1195 1195 1359 1359 1359 1367 1367 1367 1201 1201 1201 1368 1368 1368 1365 1365 1365 1363 1363 1363 1366 1366 1366 1363 1363 1363 1365 1365 1365 1363 1363 1363 1366 1366 1366 1361 1361 1361 1359 1359 1359 1361 1361 1361 1366 1366 1366 1361 1361 1361 1359 1359 1359 1279 1279 1279 1358 1358 1358 1279 1279 1279 1359 1359 1359 1279 1279 1279 1358 1358 1358 1230 1230 1230 1357 1357 1357 1230 1230 1230 1358 1358 1358 1230 1230 1230 1357 1357 1357 1369 1369 1369 1203 1203 1203 1202 1202 1202 1370 1370 1370 1371 1371 1371 1370 1370 1370 1202 1202 1202 1370 1370 1370 1371 1371 1371 1372 1372 1372 1373 1373 1373 1372 1372 1372 1371 1371 1371 1372 1372 1372 1373 1373 1373 1374 1374 1374 1375 1375 1375 1374 1374 1374 1373 1373 1373 1374 1374 1374 1375 1375 1375 1376 1376 1376 1377 1377 1377 1376 1376 1376 1375 1375 1375 1376 1376 1376 1377 1377 1377 1378 1378 1378 1379 1379 1379 1378 1378 1378 1377 1377 1377 1378 1378 1378 1379 1379 1379 1380 1380 1380 1371 1371 1371 1196 1196 1196 1373 1373 1373 1198 1198 1198 1373 1373 1373 1196 1196 1196 1373 1373 1373 1198 1198 1198 1375 1375 1375 1381 1381 1381 1375 1375 1375 1198 1198 1198 1375 1375 1375 1381 1381 1381 1377 1377 1377 1382 1382 1382 1377 1377 1377 1381 1381 1381 1377 1377 1377 1382 1382 1382 1379 1379 1379 1191 1191 1191 1383 1383 1383 1192 1192 1192 1384 1384 1384 1192 1192 1192 1383 1383 1383 1192 1192 1192 1384 1384 1384 1195 1195 1195 1385 1385 1385 1195 1195 1195 1384 1384 1384 1195 1195 1195 1385 1385 1385 1193 1193 1193 1227 1227 1227 1226 1226 1226 1216 1216 1216 1225 1225 1225 1216 1216 1216 1226 1226 1226 1216 1216 1216 1225 1225 1225 1217 1217 1217 1223 1223 1223 1217 1217 1217 1225 1225 1225 1217 1217 1217 1223 1223 1223 1218 1218 1218 1222 1222 1222 1218 1218 1218 1223 1223 1223 1218 1218 1218 1222 1222 1222 1216 1216 1216 1219 1219 1219 1216 1216 1216 1222 1222 1222 1216 1216 1216 1219 1219 1219 1258 1258 1258 1221 1221 1221 1258 1258 1258 1219 1219 1219 1258 1258 1258 1221 1221 1221 1362 1362 1362 1223 1223 1223 1362 1362 1362 1221 1221 1221 1362 1362 1362 1223 1223 1223 1363 1363 1363 1227 1227 1227 1363 1363 1363 1223 1223 1223 1363 1363 1363 1227 1227 1227 1368 1368 1368 1216 1216 1216 1368 1368 1368 1227 1227 1227 1368 1368 1368 1216 1216 1216 1365 1365 1365 1386 1386 1386 1365 1365 1365 1216 1216 1216 1365 1365 1365 1386 1386 1386 1192 1192 1192 1387 1387 1387 1192 1192 1192 1386 1386 1386 1192 1192 1192 1387 1387 1387 1190 1190 1190 1388 1388 1388 1382 1382 1382 1389 1389 1389 1381 1381 1381 1389 1389 1389 1382 1382 1382 1389 1389 1389 1381 1381 1381 1390 1390 1390 1198 1198 1198 1390 1390 1390 1381 1381 1381 1390 1390 1390 1198 1198 1198 1391 1391 1391 1197 1197 1197 1391 1391 1391 1198 1198 1198 1391 1391 1391 1197 1197 1197 1392 1392 1392 1228 1228 1228 1230 1230 1230 1243 1243 1243 1369 1369 1369 1243 1243 1243 1230 1230 1230 1243 1243 1243 1369 1369 1369 1241 1241 1241 1357 1357 1357 1241 1241 1241 1369 1369 1369 1241 1241 1241 1357 1357 1357 1204 1204 1204 1199 1199 1199 1204 1204 1204 1357 1357 1357 1204 1204 1204 1199 1199 1199 1202 1202 1202 1201 1201 1201 1202 1202 1202 1199 1199 1199 1202 1202 1202 1201 1201 1201 1371 1371 1371 1367 1367 1367 1371 1371 1371 1201 1201 1201 1371 1371 1371 1367 1367 1367 1196 1196 1196 1195 1195 1195 1196 1196 1196 1367 1367 1367 1196 1196 1196 1195 1195 1195 1197 1197 1197 1194 1194 1194 1197 1197 1197 1195 1195 1195 1197 1197 1197 1194 1194 1194 1392 1392 1392 1393 1393 1393 1394 1394 1394 1395 1395 1395 1396 1396 1396 1395 1395 1395 1394 1394 1394 1395 1395 1395 1396 1396 1396 1397 1397 1397 1398 1398 1398 1399 1399 1399 1400 1400 1400 1401 1401 1401 1402 1402 1402 1400 1400 1400 1403 1403 1403 1400 1400 1400 1402 1402 1402 1400 1400 1400 1403 1403 1403 1398 1398 1398 1404 1404 1404 1398 1398 1398 1403 1403 1403 1398 1398 1398 1404 1404 1404 1405 1405 1405 1395 1395 1395 1405 1405 1405 1404 1404 1404 1405 1405 1405 1395 1395 1395 1406 1406 1406 1397 1397 1397 1406 1406 1406 1395 1395 1395 1406 1406 1406 1407 1407 1407 1405 1405 1405 1408 1408 1408 1405 1405 1405 1407 1407 1407 1405 1405 1405 1408 1408 1408 1398 1398 1398 1409 1409 1409 1398 1398 1398 1408 1408 1408 1398 1398 1398 1409 1409 1409 1399 1399 1399 1410 1410 1410 1411 1411 1411 1393 1393 1393 1412 1412 1412 1393 1393 1393 1411 1411 1411 1393 1393 1393 1412 1412 1412 1394 1394 1394 1388 1388 1388 1410 1410 1410 1382 1382 1382 1393 1393 1393 1382 1382 1382 1410 1410 1410 1382 1382 1382 1393 1393 1393 1379 1379 1379 1395 1395 1395 1379 1379 1379 1393 1393 1393 1379 1379 1379 1395 1395 1395 1380 1380 1380 1404 1404 1404 1380 1380 1380 1395 1395 1395 1413 1413 1413 1414 1414 1414 1402 1402 1402 1415 1415 1415 1402 1402 1402 1414 1414 1414 1402 1402 1402 1415 1415 1415 1403 1403 1403 1416 1416 1416 1403 1403 1403 1415 1415 1415 1403 1403 1403 1416 1416 1416 1404 1404 1404 1417 1417 1417 1404 1404 1404 1416 1416 1416 1404 1404 1404 1417 1417 1417 1380 1380 1380 1418 1418 1418 1380 1380 1380 1417 1417 1417 1380 1380 1380 1418 1418 1418 1378 1378 1378 1419 1419 1419 1420 1420 1420 1421 1421 1421 1422 1422 1422 1421 1421 1421 1420 1420 1420 1421 1421 1421 1422 1422 1422 1248 1248 1248 1423 1423 1423 1248 1248 1248 1422 1422 1422 1248 1248 1248 1423 1423 1423 1251 1251 1251 1213 1213 1213 1215 1215 1215 1248 1248 1248 1424 1424 1424 1248 1248 1248 1215 1215 1215 1248 1248 1248 1424 1424 1424 1421 1421 1421 1425 1425 1425 1421 1421 1421 1424 1424 1424 1421 1421 1421 1425 1425 1425 1426 1426 1426 1427 1427 1427 1426 1426 1426 1428 1428 1428 1429 1429 1429 1428 1428 1428 1426 1426 1426 1427 1427 1427 1430 1430 1430 1426 1426 1426 1431 1431 1431 1426 1426 1426 1430 1430 1430 1426 1426 1426 1431 1431 1431 1421 1421 1421 1432 1432 1432 1421 1421 1421 1431 1431 1431 1421 1421 1421 1432 1432 1432 1419 1419 1419 1214 1214 1214 1245 1245 1245 1215 1215 1215 1433 1433 1433 1215 1215 1215 1245 1245 1245 1215 1215 1215 1433 1433 1433 1424 1424 1424 1434 1434 1434 1424 1424 1424 1433 1433 1433 1424 1424 1424 1434 1434 1434 1425 1425 1425 1435 1435 1435 1425 1425 1425 1434 1434 1434 1425 1425 1425 1435 1435 1435 1426 1426 1426 1429 1429 1429 1436 1436 1436 1437 1437 1437 1438 1438 1438 1437 1437 1437 1436 1436 1436 1429 1429 1429 1426 1426 1426 1436 1436 1436 1435 1435 1435 1436 1436 1436 1426 1426 1426 1436 1436 1436 1435 1435 1435 1438 1438 1438 1439 1439 1439 1438 1438 1438 1435 1435 1435 1438 1438 1438 1439 1439 1439 1440 1440 1440 1189 1189 1189 1187 1187 1187 1439 1439 1439 1441 1441 1441 1439 1439 1439 1187 1187 1187 1439 1439 1439 1441 1441 1441 1440 1440 1440 1184 1184 1184 1183 1183 1183 1442 1442 1442 1443 1443 1443 1442 1442 1442 1183 1183 1183 1442 1442 1442 1443 1443 1443 1444 1444 1444 1445 1445 1445 1446 1446 1446 1447 1447 1447 1448 1448 1448 1447 1447 1447 1446 1446 1446 1447 1447 1447 1448 1448 1448 1449 1449 1449 1450 1450 1450 1449 1449 1449 1448 1448 1448 1449 1449 1449 1450 1450 1450 1451 1451 1451 1452 1452 1452 1451 1451 1451 1450 1450 1450 1451 1451 1451 1452 1452 1452 1185 1185 1185 1453 1453 1453 1185 1185 1185 1452 1452 1452 1185 1185 1185 1453 1453 1453 1183 1183 1183 1454 1454 1454 1183 1183 1183 1453 1453 1453 1183 1183 1183 1454 1454 1454 1443 1443 1443 1455 1455 1455 1179 1179 1179 1456 1456 1456 1181 1181 1181 1456 1456 1456 1179 1179 1179 1456 1456 1456 1181 1181 1181 1457 1457 1457 1458 1458 1458 1459 1459 1459 1460 1460 1460 1461 1461 1461 1460 1460 1460 1459 1459 1459 1460 1460 1460 1461 1461 1461 1457 1457 1457 1462 1462 1462 1457 1457 1457 1461 1461 1461 1457 1457 1457 1462 1462 1462 1456 1456 1456 1463 1463 1463 1456 1456 1456 1462 1462 1462 1456 1456 1456 1463 1463 1463 1455 1455 1455 1457 1457 1457 1464 1464 1464 1460 1460 1460 1465 1465 1465 1460 1460 1460 1464 1464 1464 1460 1460 1460 1465 1465 1465 1291 1291 1291 1466 1466 1466 1291 1291 1291 1465 1465 1465 1291 1291 1291 1466 1466 1466 1289 1289 1289 1467 1467 1467 1289 1289 1289 1466 1466 1466 1289 1289 1289 1467 1467 1467 1295 1295 1295 1304 1304 1304 1295 1295 1295 1467 1467 1467 1295 1295 1295 1304 1304 1304 1293 1293 1293 1302 1302 1302 1293 1293 1293 1304 1304 1304 1292 1292 1292 1468 1468 1468 1291 1291 1291 1469 1469 1469 1291 1291 1291 1468 1468 1468 1291 1291 1291 1469 1469 1469 1460 1460 1460 1470 1470 1470 1460 1460 1460 1469 1469 1469 1460 1460 1460 1470 1470 1470 1458 1458 1458 1207 1207 1207 1471 1471 1471 1208 1208 1208 1301 1301 1301 1208 1208 1208 1471 1471 1471 1208 1208 1208 1301 1301 1301 1305 1305 1305 1303 1303 1303 1305 1305 1305 1301 1301 1301 1305 1305 1305 1303 1303 1303 1308 1308 1308 1304 1304 1304 1308 1308 1308 1303 1303 1303 1308 1308 1308 1304 1304 1304 1311 1311 1311 1467 1467 1467 1311 1311 1311 1304 1304 1304 1311 1311 1311 1467 1467 1467 1337 1337 1337 1466 1466 1466 1337 1337 1337 1467 1467 1467 1337 1337 1337 1466 1466 1466 1317 1317 1317 1465 1465 1465 1317 1317 1317 1466 1466 1466 1317 1317 1317 1465 1465 1465 1318 1318 1318 1464 1464 1464 1318 1318 1318 1465 1465 1465 1178 1178 1178 1472 1472 1472 1176 1176 1176 1473 1473 1473 1176 1176 1176 1472 1472 1472 1176 1176 1176 1473 1473 1473 1474 1474 1474 1475 1475 1475 1474 1474 1474 1473 1473 1473 1474 1474 1474 1475 1475 1475 1444 1444 1444 1476 1476 1476 1444 1444 1444 1475 1475 1475 1444 1444 1444 1476 1476 1476 1442 1442 1442 1477 1477 1477 1442 1442 1442 1476 1476 1476 1442 1442 1442 1477 1477 1477 1184 1184 1184 1446 1446 1446 1478 1478 1478 1448 1448 1448 1479 1479 1479 1448 1448 1448 1478 1478 1478 1448 1448 1448 1479 1479 1479 1450 1450 1450 1480 1480 1480 1450 1450 1450 1479 1479 1479 1450 1450 1450 1480 1480 1480 1452 1452 1452 1481 1481 1481 1452 1452 1452 1480 1480 1480 1452 1452 1452 1481 1481 1481 1453 1453 1453 1482 1482 1482 1453 1453 1453 1481 1481 1481 1453 1453 1453 1482 1482 1482 1454 1454 1454 1483 1483 1483 1454 1454 1454 1482 1482 1482 1454 1454 1454 1483 1483 1483 1443 1443 1443 1484 1484 1484 1443 1443 1443 1483 1483 1483 1443 1443 1443 1484 1484 1484 1444 1444 1444 1485 1485 1485 1444 1444 1444 1484 1484 1484 1444 1444 1444 1485 1485 1485 1474 1474 1474 1486 1486 1486 1474 1474 1474 1485 1485 1485 1474 1474 1474 1486 1486 1486 1176 1176 1176 1487 1487 1487 1177 1177 1177 1488 1488 1488 1176 1176 1176 1488 1488 1488 1177 1177 1177 1488 1488 1488 1176 1176 1176 1489 1489 1489 1486 1486 1486 1489 1489 1489 1176 1176 1176 1247 1247 1247 1445 1445 1445 1245 1245 1245 1447 1447 1447 1245 1245 1245 1445 1445 1445 1245 1245 1245 1447 1447 1447 1433 1433 1433 1449 1449 1449 1433 1433 1433 1447 1447 1447 1433 1433 1433 1449 1449 1449 1434 1434 1434 1451 1451 1451 1434 1434 1434 1449 1449 1449 1434 1434 1434 1451 1451 1451 1435 1435 1435 1185 1185 1185 1435 1435 1435 1451 1451 1451 1435 1435 1435 1185 1185 1185 1439 1439 1439 1184 1184 1184 1439 1439 1439 1185 1185 1185 1439 1439 1439 1184 1184 1184 1189 1189 1189 1477 1477 1477 1189 1189 1189 1184 1184 1184 1189 1189 1189 1477 1477 1477 1188 1188 1188 1476 1476 1476 1188 1188 1188 1477 1477 1477 1188 1188 1188 1476 1476 1476 1490 1490 1490 1475 1475 1475 1490 1490 1490 1476 1476 1476 1490 1490 1490 1475 1475 1475 1491 1491 1491 1473 1473 1473 1491 1491 1491 1475 1475 1475 1491 1491 1491 1473 1473 1473 1492 1492 1492 1472 1472 1472 1492 1492 1492 1473 1473 1473 1492 1492 1492 1472 1472 1472 1493 1493 1493 1178 1178 1178 1493 1493 1493 1472 1472 1472 1493 1493 1493 1178 1178 1178 1494 1494 1494 1177 1177 1177 1494 1494 1494 1178 1178 1178 1494 1494 1494 1177 1177 1177 1495 1495 1495 1487 1487 1487 1495 1495 1495 1177 1177 1177 1495 1495 1495 1487 1487 1487 1496 1496 1496 1186 1186 1186 1188 1188 1188 1497 1497 1497 1490 1490 1490 1497 1497 1497 1188 1188 1188 1497 1497 1497 1490 1490 1490 1182 1182 1182 1491 1491 1491 1182 1182 1182 1490 1490 1490 1182 1182 1182 1491 1491 1491 1181 1181 1181 1492 1492 1492 1181 1181 1181 1491 1491 1491 1181 1181 1181 1492 1492 1492 1457 1457 1457 1493 1493 1493 1457 1457 1457 1492 1492 1492 1457 1457 1457 1493 1493 1493 1464 1464 1464 1494 1494 1494 1464 1464 1464 1493 1493 1493 1464 1464 1464 1494 1494 1494 1318 1318 1318 1495 1495 1495 1318 1318 1318 1494 1494 1494 1318 1318 1318 1495 1495 1495 1320 1320 1320 1496 1496 1496 1320 1320 1320 1495 1495 1495 1320 1320 1320 1496 1496 1496 1322 1322 1322 1498 1498 1498 1173 1173 1173 1499 1499 1499 1175 1175 1175 1499 1499 1499 1173 1173 1173 1499 1499 1499 1175 1175 1175 1500 1500 1500 1345 1345 1345 1500 1500 1500 1175 1175 1175 1322 1322 1322 1338 1338 1338 1321 1321 1321 1343 1343 1343 1321 1321 1321 1338 1338 1338 1321 1321 1321 1343 1343 1343 1324 1324 1324 1352 1352 1352 1324 1324 1324 1343 1343 1343 1324 1324 1324 1352 1352 1352 1325 1325 1325 1354 1354 1354 1325 1325 1325 1352 1352 1352 1325 1325 1325 1354 1354 1354 1327 1327 1327 1347 1347 1347 1327 1327 1327 1354 1354 1354 1327 1327 1327 1347 1347 1347 1329 1329 1329 1346 1346 1346 1329 1329 1329 1347 1347 1347 1329 1329 1329 1346 1346 1346 1331 1331 1331 1175 1175 1175 1331 1331 1331 1346 1346 1346 1331 1331 1331 1175 1175 1175 1333 1333 1333 1174 1174 1174 1333 1333 1333 1175 1175 1175 1333 1333 1333 1174 1174 1174 1335 1335 1335 1401 1401 1401 1501 1501 1501 1402 1402 1402 1502 1502 1502 1402 1402 1402 1501 1501 1501 1402 1402 1402 1502 1502 1502 1413 1413 1413 1503 1503 1503 1413 1413 1413 1502 1502 1502 1413 1413 1413 1503 1503 1503 1504 1504 1504 1504 1504 1504 1339 1339 1339 1413 1413 1413 1338 1338 1338 1413 1413 1413 1339 1339 1339 1413 1413 1413 1338 1338 1338 1414 1414 1414 1322 1322 1322 1414 1414 1414 1338 1338 1338 1414 1414 1414 1322 1322 1322 1415 1415 1415 1496 1496 1496 1415 1415 1415 1322 1322 1322 1415 1415 1415 1496 1496 1496 1416 1416 1416 1487 1487 1487 1416 1416 1416 1496 1496 1496 1416 1416 1416 1487 1487 1487 1417 1417 1417 1488 1488 1488 1417 1417 1417 1487 1487 1487 1417 1417 1417 1488 1488 1488 1418 1418 1418 1489 1489 1489 1418 1418 1418 1488 1488 1488 1418 1418 1418 1489 1489 1489 1378 1378 1378 1486 1486 1486 1378 1378 1378 1489 1489 1489 1378 1378 1378 1486 1486 1486 1376 1376 1376 1485 1485 1485 1376 1376 1376 1486 1486 1486 1376 1376 1376 1485 1485 1485 1374 1374 1374 1484 1484 1484 1374 1374 1374 1485 1485 1485 1374 1374 1374 1484 1484 1484 1372 1372 1372 1483 1483 1483 1372 1372 1372 1484 1484 1484 1372 1372 1372 1483 1483 1483 1370 1370 1370 1482 1482 1482 1370 1370 1370 1483 1483 1483 1370 1370 1370 1482 1482 1482 1203 1203 1203 1481 1481 1481 1203 1203 1203 1482 1482 1482 1203 1203 1203 1481 1481 1481 1204 1204 1204 1480 1480 1480 1204 1204 1204 1481 1481 1481 1204 1204 1204 1480 1480 1480 1241 1241 1241 1479 1479 1479 1241 1241 1241 1480 1480 1480 1241 1241 1241 1479 1479 1479 1242 1242 1242 1478 1478 1478 1242 1242 1242 1479 1479 1479 1505 1505 1505 1506 1506 1506 1507 1507 1507 1508 1508 1508 1507 1507 1507 1506 1506 1506 1507 1507 1507 1508 1508 1508 1509 1509 1509 1510 1510 1510 1509 1509 1509 1508 1508 1508 1509 1509 1509 1510 1510 1510 1511 1511 1511 1512 1512 1512 1511 1511 1511 1510 1510 1510 1511 1511 1511 1512 1512 1512 1513 1513 1513 1514 1514 1514 1515 1515 1515 1516 1516 1516 1517 1517 1517 1518 1518 1518 1519 1519 1519 1518 1518 1518 1520 1520 1520 1519 1519 1519 1521 1521 1521 1519 1519 1519 1520 1520 1520 1519 1519 1519 1521 1521 1521 1505 1505 1505 1522 1522 1522 1505 1505 1505 1521 1521 1521 1505 1505 1505 1522 1522 1522 1506 1506 1506 1523 1523 1523 1524 1524 1524 1525 1525 1525 1525 1525 1525 1514 1514 1514 1523 1523 1523 1516 1516 1516 1523 1523 1523 1514 1514 1514 1523 1523 1523 1516 1516 1516 1519 1519 1519 1526 1526 1526 1519 1519 1519 1516 1516 1516 1519 1519 1519 1526 1526 1526 1517 1517 1517 1527 1527 1527 1528 1528 1528 1529 1529 1529 1530 1530 1530 1529 1529 1529 1528 1528 1528 1531 1531 1531 1532 1532 1532 1533 1533 1533 1534 1534 1534 1533 1533 1533 1532 1532 1532 1535 1535 1535 1536 1536 1536 1537 1537 1537 1538 1538 1538 1537 1537 1537 1536 1536 1536 1539 1539 1539 1540 1540 1540 1541 1541 1541 1542 1542 1542 1541 1541 1541 1540 1540 1540 1543 1543 1543 1544 1544 1544 1545 1545 1545 1546 1546 1546 1547 1547 1547 1548 1548 1548 1543 1543 1543 1548 1548 1548 1547 1547 1547 1548 1548 1548 1543 1543 1543 1549 1549 1549 1545 1545 1545 1549 1549 1549 1543 1543 1543 1550 1550 1550 1551 1551 1551 1552 1552 1552 1553 1553 1553 1552 1552 1552 1551 1551 1551 1552 1552 1552 1553 1553 1553 1554 1554 1554 1544 1544 1544 1543 1543 1543 1555 1555 1555 1552 1552 1552 1555 1555 1555 1543 1543 1543 1555 1555 1555 1552 1552 1552 1556 1556 1556 1554 1554 1554 1556 1556 1556 1552 1552 1552 1556 1556 1556 1554 1554 1554 1557 1557 1557 1558 1558 1558 1559 1559 1559 1543 1543 1543 1560 1560 1560 1543 1543 1543 1559 1559 1559 1543 1543 1543 1560 1560 1560 1552 1552 1552 1561 1561 1561 1552 1552 1552 1560 1560 1560 1552 1552 1552 1561 1561 1561 1550 1550 1550 1562 1562 1562 1558 1558 1558 1563 1563 1563 1543 1543 1543 1563 1563 1563 1558 1558 1558 1563 1563 1563 1543 1543 1543 1564 1564 1564 1547 1547 1547 1564 1564 1564 1543 1543 1543 1565 1565 1565 1566 1566 1566 1567 1567 1567 1568 1568 1568 1567 1567 1567 1566 1566 1566 1569 1569 1569 1570 1570 1570 1571 1571 1571 1572 1572 1572 1571 1571 1571 1570 1570 1570 1573 1573 1573 1574 1574 1574 1575 1575 1575 1576 1576 1576 1577 1577 1577 1575 1575 1575 1577 1577 1577 1578 1578 1578 1575 1575 1575 1579 1579 1579 1575 1575 1575 1578 1578 1578 1575 1575 1575 1579 1579 1579 1573 1573 1573 1580 1580 1580 1576 1576 1576 1581 1581 1581 1575 1575 1575 1581 1581 1581 1576 1576 1576 1581 1581 1581 1575 1575 1575 1582 1582 1582 1583 1583 1583 1582 1582 1582 1575 1575 1575 1584 1584 1584 1585 1585 1585 1586 1586 1586 1587 1587 1587 1588 1588 1588 1589 1589 1589 1584 1584 1584 1589 1589 1589 1588 1588 1588 1587 1587 1587 1589 1589 1589 1590 1590 1590 1591 1591 1591 1590 1590 1590 1589 1589 1589 1590 1590 1590 1591 1591 1591 1592 1592 1592 1592 1592 1592 1591 1591 1591 1593 1593 1593 1594 1594 1594 1593 1593 1593 1591 1591 1591 1593 1593 1593 1594 1594 1594 1595 1595 1595 1596 1596 1596 1597 1597 1597 1594 1594 1594 1598 1598 1598 1594 1594 1594 1597 1597 1597 1594 1594 1594 1598 1598 1598 1595 1595 1595 1599 1599 1599 1595 1595 1595 1598 1598 1598 1600 1600 1600 1601 1601 1601 1598 1598 1598 1602 1602 1602 1598 1598 1598 1601 1601 1601 1598 1598 1598 1602 1602 1602 1599 1599 1599 1584 1584 1584 1586 1586 1586 1589 1589 1589 1603 1603 1603 1589 1589 1589 1586 1586 1586 1589 1589 1589 1603 1603 1603 1591 1591 1591 1603 1603 1603 1604 1604 1604 1591 1591 1591 1605 1605 1605 1591 1591 1591 1604 1604 1604 1591 1591 1591 1605 1605 1605 1594 1594 1594 1606 1606 1606 1594 1594 1594 1605 1605 1605 1594 1594 1594 1606 1606 1606 1596 1596 1596 1607 1607 1607 1596 1596 1596 1606 1606 1606 1608 1608 1608 1609 1609 1609 1610 1610 1610 1611 1611 1611 1610 1610 1610 1609 1609 1609 1610 1610 1610 1611 1611 1611 1612 1612 1612 1613 1613 1613 1612 1612 1612 1611 1611 1611 1612 1612 1612 1613 1613 1613 1614 1614 1614 1615 1615 1615 1614 1614 1614 1613 1613 1613 1614 1614 1614 1615 1615 1615 1616 1616 1616 1617 1617 1617 1616 1616 1616 1615 1615 1615 1616 1616 1616 1617 1617 1617 1618 1618 1618 1619 1619 1619 1618 1618 1618 1617 1617 1617 1618 1618 1618 1619 1619 1619 1620 1620 1620 1621 1621 1621 1620 1620 1620 1619 1619 1619 1622 1622 1622 1623 1623 1623 1624 1624 1624 1625 1625 1625 1626 1626 1626 1622 1622 1622 1627 1627 1627 1628 1628 1628 1624 1624 1624 1629 1629 1629 1624 1624 1624 1628 1628 1628 1624 1624 1624 1629 1629 1629 1622 1622 1622 1630 1630 1630 1622 1622 1622 1629 1629 1629 1622 1622 1622 1630 1630 1630 1625 1625 1625 1631 1631 1631 1632 1632 1632 1633 1633 1633 1631 1631 1631 1634 1634 1634 1635 1635 1635 1636 1636 1636 1635 1635 1635 1634 1634 1634 1637 1637 1637 1638 1638 1638 1639 1639 1639 1640 1640 1640 1639 1639 1639 1638 1638 1638 1639 1639 1639 1640 1640 1640 1634 1634 1634 1641 1641 1641 1634 1634 1634 1640 1640 1640 1634 1634 1634 1641 1641 1641 1636 1636 1636 1631 1631 1631 1633 1633 1633 1634 1634 1634 1627 1627 1627 1634 1634 1634 1633 1633 1633 1634 1634 1634 1627 1627 1627 1639 1639 1639 1624 1624 1624 1639 1639 1639 1627 1627 1627 1639 1639 1639 1624 1624 1624 1637 1637 1637 1623 1623 1623 1637 1637 1637 1624 1624 1624 1637 1637 1637 1623 1623 1623 1642 1642 1642 1643 1643 1643 1644 1644 1644 1645 1645 1645 1646 1646 1646 1645 1645 1645 1647 1647 1647 1648 1648 1648 1649 1649 1649 1650 1650 1650 1651 1651 1651 1652 1652 1652 1653 1653 1653 1654 1654 1654 1655 1655 1655 1656 1656 1656 1657 1657 1657 1658 1658 1658 1659 1659 1659 1660 1660 1660 1661 1661 1661 1662 1662 1662 1663 1663 1663 1664 1664 1664 1662 1662 1662 1665 1665 1665 1666 1666 1666 1662 1662 1662 1667 1667 1667 1668 1668 1668 1661 1661 1661 1669 1669 1669 1670 1670 1670 1671 1671 1671 1672 1672 1672 1661 1661 1661 1673 1673 1673 1674 1674 1674 1675 1675 1675 1676 1676 1676 1677 1677 1677 1678 1678 1678 1679 1679 1679 1680 1680 1680 1681 1681 1681 1682 1682 1682 1683 1683 1683 1682 1682 1682 1681 1681 1681 1684 1684 1684 1685 1685 1685 1686 1686 1686 1687 1687 1687 1688 1688 1688 1689 1689 1689 1690 1690 1690 1691 1691 1691 1692 1692 1692 1693 1693 1693 1694 1694 1694 1695 1695 1695 1696 1696 1696 1697 1697 1697 1698 1698 1698 1697 1697 1697 1696 1696 1696 1699 1699 1699 1700 1700 1700 1701 1701 1701 1702 1702 1702 1703 1703 1703 1704 1704 1704 1705 1705 1705 1704 1704 1704 1703 1703 1703 1706 1706 1706 1707 1707 1707 1708 1708 1708 1709 1709 1709 1710 1710 1710 1711 1711 1711 1712 1712 1712 1713 1713 1713 1714 1714 1714 1715 1715 1715 1716 1716 1716 1717 1717 1717 1718 1718 1718 1719 1719 1719 1720 1720 1720 1721 1721 1721 1722 1722 1722 1723 1723 1723 1724 1724 1724 1725 1725 1725 1726 1726 1726 1727 1727 1727 1728 1728 1728 1729 1729 1729 1730 1730 1730 1731 1731 1731 1732 1732 1732 1733 1733 1733 1734 1734 1734 1735 1735 1735 1736 1736 1736 1737 1737 1737 1738 1738 1738 1739 1739 1739 1739 1739 1739 1738 1738 1738 1740 1740 1740 1741 1741 1741 1742 1742 1742 1743 1743 1743 1744 1744 1744 1745 1745 1745 1746 1746 1746 1747 1747 1747 1748 1748 1748 1749 1749 1749 1750 1750 1750 1751 1751 1751 1752 1752 1752 1753 1753 1753 1754 1754 1754 1755 1755 1755 1755 1755 1755 1754 1754 1754 1756 1756 1756 1757 1757 1757 1758 1758 1758 1759 1759 1759 1760 1760 1760 1761 1761 1761 1762 1762 1762 1763 1763 1763 1764 1764 1764 1765 1765 1765 1766 1766 1766 1767 1767 1767 1768 1768 1768 1768 1768 1768 1767 1767 1767 1769 1769 1769 1770 1770 1770 1771 1771 1771 1662 1662 1662 1772 1772 1772 1773 1773 1773 1774 1774 1774 1775 1775 1775 1776 1776 1776 1777 1777 1777 1644 1644 1644 1643 1643 1643 1778 1778 1778 1779 1779 1779 1780 1780 1780 1781 1781 1781 1782 1782 1782 1783 1783 1783 1784 1784 1784 1785 1785 1785 1786 1786 1786 1787 1787 1787 1786 1786 1786 1785 1785 1785 1788 1788 1788 1789 1789 1789 1790 1790 1790 1779 1779 1779 1790 1790 1790 1791 1791 1791 1792 1792 1792 1792 1792 1792 1793 1793 1793 1790 1790 1790 1794 1794 1794 1790 1790 1790 1793 1793 1793 1790 1790 1790 1794 1794 1794 1795 1795 1795 1795 1795 1795 1796 1796 1796 1790 1790 1790 1797 1797 1797 1790 1790 1790 1796 1796 1796 1790 1790 1790 1797 1797 1797 1779 1779 1779 1798 1798 1798 1779 1779 1779 1797 1797 1797 1779 1779 1779 1798 1798 1798 1780 1780 1780 1799 1799 1799 1800 1800 1800 1801 1801 1801 1802 1802 1802 1803 1803 1803 1804 1804 1804 1802 1802 1802 1804 1804 1804 1805 1805 1805 1804 1804 1804 1806 1806 1806 1807 1807 1807 1807 1807 1807 1808 1808 1808 1804 1804 1804 1809 1809 1809 1804 1804 1804 1808 1808 1808 1804 1804 1804 1809 1809 1809 1805 1805 1805 1803 1803 1803 1800 1800 1800 1804 1804 1804 1799 1799 1799 1804 1804 1804 1800 1800 1800 1804 1804 1804 1799 1799 1799 1806 1806 1806 1810 1810 1810 1806 1806 1806 1799 1799 1799 1811 1811 1811 1812 1812 1812 1813 1813 1813 1814 1814 1814 1813 1813 1813 1812 1812 1812 1813 1813 1813 1814 1814 1814 1810 1810 1810 1815 1815 1815 1816 1816 1816 1817 1817 1817 1818 1818 1818 1819 1819 1819 1820 1820 1820 1821 1821 1821 1820 1820 1820 1819 1819 1819 1820 1820 1820 1821 1821 1821 1817 1817 1817 1822 1822 1822 1817 1817 1817 1821 1821 1821 1817 1817 1817 1822 1822 1822 1815 1815 1815 1823 1823 1823 1815 1815 1815 1822 1822 1822 1815 1815 1815 1823 1823 1823 1787 1787 1787 1824 1824 1824 1787 1787 1787 1823 1823 1823 1787 1787 1787 1824 1824 1824 1785 1785 1785 1825 1825 1825 1826 1826 1826 1827 1827 1827 1826 1826 1826 1828 1828 1828 1827 1827 1827 1829 1829 1829 1827 1827 1827 1828 1828 1828 1827 1827 1827 1829 1829 1829 1830 1830 1830 1831 1831 1831 1832 1832 1832 1833 1833 1833 1834 1834 1834 1833 1833 1833 1832 1832 1832 1833 1833 1833 1834 1834 1834 1835 1835 1835 1836 1836 1836 1837 1837 1837 1784 1784 1784 1831 1831 1831 1833 1833 1833 1784 1784 1784 1838 1838 1838 1784 1784 1784 1833 1833 1833 1784 1784 1784 1838 1838 1838 1836 1836 1836 1837 1837 1837 1839 1839 1839 1784 1784 1784 1840 1840 1840 1784 1784 1784 1839 1839 1839 1784 1784 1784 1840 1840 1840 1782 1782 1782 1841 1841 1841 1842 1842 1842 1843 1843 1843 1844 1844 1844 1843 1843 1843 1842 1842 1842 1843 1843 1843 1844 1844 1844 1845 1845 1845 1846 1846 1846 1845 1845 1845 1844 1844 1844 1842 1842 1842 1847 1847 1847 1844 1844 1844 1848 1848 1848 1844 1844 1844 1847 1847 1847 1844 1844 1844 1848 1848 1848 1838 1838 1838 1849 1849 1849 1838 1838 1838 1848 1848 1848 1838 1838 1838 1849 1849 1849 1836 1836 1836 1844 1844 1844 1850 1850 1850 1846 1846 1846 1851 1851 1851 1846 1846 1846 1850 1850 1850 1846 1846 1846 1851 1851 1851 1852 1852 1852 1853 1853 1853 1852 1852 1852 1851 1851 1851 1852 1852 1852 1853 1853 1853 1843 1843 1843 1854 1854 1854 1843 1843 1843 1853 1853 1853 1843 1843 1843 1854 1854 1854 1841 1841 1841 1854 1854 1854 1855 1855 1855 1856 1856 1856 1857 1857 1857 1858 1858 1858 1859 1859 1859 1860 1860 1860 1859 1859 1859 1858 1858 1858 1855 1855 1855 1854 1854 1854 1861 1861 1861 1853 1853 1853 1861 1861 1861 1854 1854 1854 1861 1861 1861 1853 1853 1853 1862 1862 1862 1859 1859 1859 1862 1862 1862 1853 1853 1853 1862 1862 1862 1859 1859 1859 1856 1856 1856 1860 1860 1860 1856 1856 1856 1859 1859 1859 1856 1856 1856 1860 1860 1860 1854 1854 1854 1858 1858 1858 1854 1854 1854 1860 1860 1860 1854 1854 1854 1858 1858 1858 1863 1863 1863 1857 1857 1857 1863 1863 1863 1858 1858 1858 1863 1863 1863 1857 1857 1857 1864 1864 1864 1859 1859 1859 1864 1864 1864 1857 1857 1857 1864 1864 1864 1859 1859 1859 1865 1865 1865 1866 1866 1866 1867 1867 1867 1778 1778 1778 1868 1868 1868 1869 1869 1869 1870 1870 1870 1871 1871 1871 1872 1872 1872 1873 1873 1873 1773 1773 1773 1772 1772 1772 1874 1874 1874 1874 1874 1874 1772 1772 1772 1875 1875 1875 1876 1876 1876 1875 1875 1875 1772 1772 1772 1875 1875 1875 1876 1876 1876 1873 1873 1873 1877 1877 1877 1870 1870 1870 1878 1878 1878 1879 1879 1879 1880 1880 1880 1881 1881 1881 1775 1775 1775 1881 1881 1881 1880 1880 1880 1881 1881 1881 1775 1775 1775 1882 1882 1882 1777 1777 1777 1882 1882 1882 1775 1775 1775 1882 1882 1882 1777 1777 1777 1867 1867 1867 1778 1778 1778 1643 1643 1643 1866 1866 1866 1883 1883 1883 1866 1866 1866 1643 1643 1643 1866 1866 1866 1883 1883 1883 1884 1884 1884 1885 1885 1885 1884 1884 1884 1883 1883 1883 1884 1884 1884 1885 1885 1885 1886 1886 1886 1887 1887 1887 1886 1886 1886 1885 1885 1885 1886 1886 1886 1887 1887 1887 1888 1888 1888 1889 1889 1889 1888 1888 1888 1887 1887 1887 1888 1888 1888 1889 1889 1889 1890 1890 1890 1867 1867 1867 1866 1866 1866 1882 1882 1882 1884 1884 1884 1882 1882 1882 1866 1866 1866 1882 1882 1882 1884 1884 1884 1881 1881 1881 1886 1886 1886 1881 1881 1881 1884 1884 1884 1881 1881 1881 1886 1886 1886 1879 1879 1879 1888 1888 1888 1879 1879 1879 1886 1886 1886 1879 1879 1879 1888 1888 1888 1891 1891 1891 1890 1890 1890 1891 1891 1891 1888 1888 1888 1891 1891 1891 1890 1890 1890 1892 1892 1892 1776 1776 1776 1775 1775 1775 1893 1893 1893 1880 1880 1880 1893 1893 1893 1775 1775 1775 1893 1893 1893 1880 1880 1880 1894 1894 1894 1879 1879 1879 1894 1894 1894 1880 1880 1880 1894 1894 1894 1879 1879 1879 1895 1895 1895 1891 1891 1891 1895 1895 1895 1879 1879 1879 1895 1895 1895 1891 1891 1891 1896 1896 1896 1892 1892 1892 1896 1896 1896 1891 1891 1891 1896 1896 1896 1892 1892 1892 1897 1897 1897 1898 1898 1898 1869 1869 1869 1899 1899 1899 1868 1868 1868 1899 1899 1899 1869 1869 1869 1899 1899 1899 1868 1868 1868 1900 1900 1900 1870 1870 1870 1877 1877 1877 1868 1868 1868 1901 1901 1901 1868 1868 1868 1877 1877 1877 1868 1868 1868 1901 1901 1901 1900 1900 1900 1873 1873 1873 1876 1876 1876 1871 1871 1871 1902 1902 1902 1871 1871 1871 1876 1876 1876 1871 1871 1871 1902 1902 1902 1903 1903 1903 1904 1904 1904 1903 1903 1903 1902 1902 1902 1903 1903 1903 1904 1904 1904 1905 1905 1905 1906 1906 1906 1907 1907 1907 1908 1908 1908 1909 1909 1909 1910 1910 1910 1911 1911 1911 1912 1912 1912 1911 1911 1911 1910 1910 1910 1911 1911 1911 1912 1912 1912 1913 1913 1913 1914 1914 1914 1915 1915 1915 1916 1916 1916 1917 1917 1917 1916 1916 1916 1915 1915 1915 1916 1916 1916 1917 1917 1917 1918 1918 1918 1919 1919 1919 1920 1920 1920 1921 1921 1921 1922 1922 1922 1923 1923 1923 1924 1924 1924 1924 1924 1924 1923 1923 1923 1925 1925 1925 1919 1919 1919 1921 1921 1921 1922 1922 1922 1926 1926 1926 1922 1922 1922 1921 1921 1921 1922 1922 1922 1926 1926 1926 1923 1923 1923 1927 1927 1927 1923 1923 1923 1926 1926 1926 1923 1923 1923 1927 1927 1927 1925 1925 1925 1928 1928 1928 1929 1929 1929 1930 1930 1930 1931 1931 1931 1930 1930 1930 1929 1929 1929 1932 1932 1932 1933 1933 1933 1934 1934 1934 1935 1935 1935 1934 1934 1934 1933 1933 1933 1934 1934 1934 1935 1935 1935 1936 1936 1936 1937 1937 1937 1936 1936 1936 1935 1935 1935 1936 1936 1936 1937 1937 1937 1693 1693 1693 1938 1938 1938 1693 1693 1693 1937 1937 1937 1693 1693 1693 1938 1938 1938 1694 1694 1694 1939 1939 1939 1940 1940 1940 1941 1941 1941 1942 1942 1942 1940 1940 1940 1943 1943 1943 1939 1939 1939 1943 1943 1943 1940 1940 1940 1943 1943 1943 1939 1939 1939 1944 1944 1944 1945 1945 1945 1946 1946 1946 1947 1947 1947 1948 1948 1948 1949 1949 1949 1950 1950 1950 1951 1951 1951 1952 1952 1952 1953 1953 1953 1662 1662 1662 1953 1953 1953 1952 1952 1952 1954 1954 1954 1951 1951 1951 1955 1955 1955 1953 1953 1953 1955 1955 1955 1951 1951 1951 1955 1955 1955 1953 1953 1953 1950 1950 1950 1662 1662 1662 1950 1950 1950 1953 1953 1953 1948 1948 1948 1950 1950 1950 1956 1956 1956 1662 1662 1662 1956 1956 1956 1950 1950 1950 1956 1956 1956 1662 1662 1662 1948 1948 1948 1771 1771 1771 1948 1948 1948 1662 1662 1662 1948 1948 1948 1771 1771 1771 1949 1949 1949 1770 1770 1770 1949 1949 1949 1771 1771 1771 1949 1949 1949 1770 1770 1770 1950 1950 1950 1662 1662 1662 1950 1950 1950 1770 1770 1770 1950 1950 1950 1662 1662 1662 1955 1955 1955 1957 1957 1957 1955 1955 1955 1662 1662 1662 1955 1955 1955 1957 1957 1957 1954 1954 1954 1958 1958 1958 1959 1959 1959 1960 1960 1960 1957 1957 1957 1961 1961 1961 1962 1962 1962 1963 1963 1963 1962 1962 1962 1961 1961 1961 1962 1962 1962 1963 1963 1963 1964 1964 1964 1959 1959 1959 1958 1958 1958 1662 1662 1662 1960 1960 1960 1965 1965 1965 1958 1958 1958 1966 1966 1966 1958 1958 1958 1965 1965 1965 1958 1958 1958 1966 1966 1966 1662 1662 1662 1967 1967 1967 1964 1964 1964 1662 1662 1662 1963 1963 1963 1662 1662 1662 1964 1964 1964 1662 1662 1662 1963 1963 1963 1959 1959 1959 1961 1961 1961 1959 1959 1959 1963 1963 1963 1959 1959 1959 1961 1961 1961 1960 1960 1960 1957 1957 1957 1960 1960 1960 1961 1961 1961 1960 1960 1960 1957 1957 1957 1965 1965 1965 1662 1662 1662 1965 1965 1965 1957 1957 1957 1965 1965 1965 1662 1662 1662 1768 1768 1768 1968 1968 1968 1768 1768 1768 1662 1662 1662 1768 1768 1768 1968 1968 1968 1766 1766 1766 1662 1662 1662 1766 1766 1766 1968 1968 1968 1766 1766 1766 1662 1662 1662 1767 1767 1767 1966 1966 1966 1767 1767 1767 1662 1662 1662 1767 1767 1767 1966 1966 1966 1769 1769 1769 1965 1965 1965 1769 1769 1769 1966 1966 1966 1769 1769 1769 1965 1965 1965 1768 1768 1768 1967 1967 1967 1662 1662 1662 1969 1969 1969 1970 1970 1970 1969 1969 1969 1662 1662 1662 1969 1969 1969 1970 1970 1970 1971 1971 1971 1758 1758 1758 1972 1972 1972 1973 1973 1973 1974 1974 1974 1973 1973 1973 1972 1972 1972 1973 1973 1973 1974 1974 1974 1975 1975 1975 1976 1976 1976 1975 1975 1975 1974 1974 1974 1975 1975 1975 1976 1976 1976 1977 1977 1977 1978 1978 1978 1977 1977 1977 1976 1976 1976 1977 1977 1977 1978 1978 1978 1979 1979 1979 1980 1980 1980 1979 1979 1979 1978 1978 1978 1979 1979 1979 1980 1980 1980 1981 1981 1981 1982 1982 1982 1981 1981 1981 1980 1980 1980 1981 1981 1981 1982 1982 1982 1983 1983 1983 1758 1758 1758 1984 1984 1984 1972 1972 1972 1985 1985 1985 1972 1972 1972 1984 1984 1984 1972 1972 1972 1985 1985 1985 1974 1974 1974 1986 1986 1986 1974 1974 1974 1985 1985 1985 1974 1974 1974 1986 1986 1986 1976 1976 1976 1987 1987 1987 1976 1976 1976 1986 1986 1986 1976 1976 1976 1987 1987 1987 1978 1978 1978 1988 1988 1988 1978 1978 1978 1987 1987 1987 1978 1978 1978 1988 1988 1988 1980 1980 1980 1989 1989 1989 1980 1980 1980 1988 1988 1988 1980 1980 1980 1989 1989 1989 1982 1982 1982 1945 1945 1945 1982 1982 1982 1989 1989 1989 1982 1982 1982 1945 1945 1945 1983 1983 1983 1990 1990 1990 1662 1662 1662 1991 1991 1991 1992 1992 1992 1925 1925 1925 1913 1913 1913 1927 1927 1927 1913 1913 1913 1925 1925 1925 1913 1913 1913 1927 1927 1927 1911 1911 1911 1926 1926 1926 1911 1911 1911 1927 1927 1927 1911 1911 1911 1926 1926 1926 1909 1909 1909 1921 1921 1921 1909 1909 1909 1926 1926 1926 1909 1909 1909 1921 1921 1921 1993 1993 1993 1920 1920 1920 1993 1993 1993 1921 1921 1921 1993 1993 1993 1920 1920 1920 1994 1994 1994 1912 1912 1912 1931 1931 1931 1913 1913 1913 1929 1929 1929 1913 1913 1913 1931 1931 1931 1913 1913 1913 1929 1929 1929 1992 1992 1992 1928 1928 1928 1992 1992 1992 1929 1929 1929 1992 1992 1992 1928 1928 1928 1995 1995 1995 1996 1996 1996 1997 1997 1997 1998 1998 1998 1941 1941 1941 1998 1998 1998 1997 1997 1997 1998 1998 1998 1941 1941 1941 1999 1999 1999 1940 1940 1940 1999 1999 1999 1941 1941 1941 1999 1999 1999 1940 1940 1940 2000 2000 2000 1942 1942 1942 2000 2000 2000 1940 1940 1940 2000 2000 2000 1942 1942 1942 2001 2001 2001 2002 2002 2002 2003 2003 2003 2004 2004 2004 2005 2005 2005 2004 2004 2004 2003 2003 2003 2004 2004 2004 2005 2005 2005 2006 2006 2006 2007 2007 2007 2008 2008 2008 2002 2002 2002 2009 2009 2009 2002 2002 2002 2008 2008 2008 2002 2002 2002 2009 2009 2009 2003 2003 2003 2010 2010 2010 2003 2003 2003 2009 2009 2009 2003 2003 2003 2010 2010 2010 2005 2005 2005 2011 2011 2011 2012 2012 2012 2013 2013 2013 2014 2014 2014 2015 2015 2015 2016 2016 2016 2017 2017 2017 2016 2016 2016 2015 2015 2015 2016 2016 2016 2017 2017 2017 2018 2018 2018 2019 2019 2019 1757 1757 1757 2020 2020 2020 2018 2018 2018 2021 2021 2021 2016 2016 2016 2022 2022 2022 2016 2016 2016 2021 2021 2021 2016 2016 2016 2022 2022 2022 2014 2014 2014 2023 2023 2023 2024 2024 2024 2021 2021 2021 2025 2025 2025 2021 2021 2021 2024 2024 2024 2021 2021 2021 2025 2025 2025 2022 2022 2022 2017 2017 2017 1756 1756 1756 2018 2018 2018 1754 1754 1754 2018 2018 2018 1756 1756 1756 2018 2018 2018 1754 1754 1754 2021 2021 2021 1753 1753 1753 2021 2021 2021 1754 1754 1754 2021 2021 2021 1753 1753 1753 2026 2026 2026 2027 2027 2027 2028 2028 2028 2019 2019 2019 2029 2029 2029 2019 2019 2019 2028 2028 2028 2030 2030 2030 2031 2031 2031 2032 2032 2032 2033 2033 2033 2032 2032 2032 2031 2031 2031 2032 2032 2032 2033 2033 2033 2034 2034 2034 2035 2035 2035 2034 2034 2034 2033 2033 2033 2035 2035 2035 2029 2029 2029 2034 2034 2034 2028 2028 2028 2034 2034 2034 2029 2029 2029 2034 2034 2034 2028 2028 2028 2032 2032 2032 2036 2036 2036 2032 2032 2032 2028 2028 2028 2032 2032 2032 2036 2036 2036 2030 2030 2030 1757 1757 1757 1759 1759 1759 2020 2020 2020 2037 2037 2037 2020 2020 2020 1759 1759 1759 2020 2020 2020 2037 2037 2037 2038 2038 2038 2039 2039 2039 2040 2040 2040 2041 2041 2041 2042 2042 2042 2041 2041 2041 2040 2040 2040 2041 2041 2041 2042 2042 2042 2043 2043 2043 2044 2044 2044 2043 2043 2043 2042 2042 2042 2045 2045 2045 2046 2046 2046 2047 2047 2047 2048 2048 2048 2047 2047 2047 2046 2046 2046 2047 2047 2047 2048 2048 2048 2013 2013 2013 2049 2049 2049 2013 2013 2013 2048 2048 2048 2013 2013 2013 2049 2049 2049 2011 2011 2011 2050 2050 2050 2051 2051 2051 2052 2052 2052 2053 2053 2053 2054 2054 2054 2055 2055 2055 2056 2056 2056 2057 2057 2057 2053 2053 2053 2058 2058 2058 2053 2053 2053 2057 2057 2057 2053 2053 2053 2058 2058 2058 2054 2054 2054 2059 2059 2059 2060 2060 2060 2007 2007 2007 2061 2061 2061 2007 2007 2007 2060 2060 2060 2007 2007 2007 2061 2061 2061 2008 2008 2008 2051 2051 2051 2008 2008 2008 2061 2061 2061 2008 2008 2008 2051 2051 2051 2009 2009 2009 2050 2050 2050 2009 2009 2009 2051 2051 2051 2009 2009 2009 2050 2050 2050 2010 2010 2010 2062 2062 2062 2010 2010 2010 2050 2050 2050 2010 2010 2010 2062 2062 2062 2005 2005 2005 2063 2063 2063 2005 2005 2005 2062 2062 2062 2005 2005 2005 2063 2063 2063 2006 2006 2006 2064 2064 2064 2006 2006 2006 2063 2063 2063 2065 2065 2065 2066 2066 2066 2067 2067 2067 2068 2068 2068 2067 2067 2067 2066 2066 2066 2069 2069 2069 2070 2070 2070 2068 2068 2068 2071 2071 2071 2068 2068 2068 2070 2070 2070 2068 2068 2068 2071 2071 2071 2067 2067 2067 2066 2066 2066 2072 2072 2072 2068 2068 2068 2073 2073 2073 2068 2068 2068 2072 2072 2072 2068 2068 2068 2073 2073 2073 2069 2069 2069 2074 2074 2074 2069 2069 2069 2073 2073 2073 2075 2075 2075 2076 2076 2076 2073 2073 2073 2077 2077 2077 2073 2073 2073 2076 2076 2076 2073 2073 2073 2077 2077 2077 2074 2074 2074 2071 2071 2071 2078 2078 2078 2067 2067 2067 2079 2079 2079 2067 2067 2067 2078 2078 2078 2067 2067 2067 2079 2079 2079 2065 2065 2065 2064 2064 2064 2065 2065 2065 2079 2079 2079 2065 2065 2065 2064 2064 2064 2066 2066 2066 2063 2063 2063 2066 2066 2066 2064 2064 2064 2066 2066 2066 2063 2063 2063 2072 2072 2072 2062 2062 2062 2072 2072 2072 2063 2063 2063 2072 2072 2072 2062 2062 2062 2073 2073 2073 2050 2050 2050 2073 2073 2073 2062 2062 2062 2073 2073 2073 2050 2050 2050 2075 2075 2075 2052 2052 2052 2080 2080 2080 2050 2050 2050 2081 2081 2081 2050 2050 2050 2080 2080 2080 2050 2050 2050 2081 2081 2081 2075 2075 2075 2082 2082 2082 2075 2075 2075 2081 2081 2081 2075 2075 2075 2082 2082 2082 2076 2076 2076 2083 2083 2083 2076 2076 2076 2082 2082 2082 2076 2076 2076 2083 2083 2083 2077 2077 2077 2084 2084 2084 2077 2077 2077 2083 2083 2083 2077 2077 2077 2084 2084 2084 2074 2074 2074 2039 2039 2039 2085 2085 2085 2040 2040 2040 2086 2086 2086 2040 2040 2040 2085 2085 2085 2040 2040 2040 2086 2086 2086 2042 2042 2042 2087 2087 2087 2042 2042 2042 2086 2086 2086 2042 2042 2042 2087 2087 2087 2044 2044 2044 2088 2088 2088 2044 2044 2044 2087 2087 2087 2089 2089 2089 2090 2090 2090 2091 2091 2091 2092 2092 2092 2093 2093 2093 2094 2094 2094 2012 2012 2012 1761 1761 1761 2013 2013 2013 1760 1760 1760 2013 2013 2013 1761 1761 1761 2013 2013 2013 1760 1760 1760 2047 2047 2047 2093 2093 2093 2047 2047 2047 1760 1760 1760 2047 2047 2047 2093 2093 2093 2045 2045 2045 2092 2092 2092 2045 2045 2045 2093 2093 2093 2045 2045 2045 2092 2092 2092 2095 2095 2095 2096 2096 2096 2095 2095 2095 2092 2092 2092 2095 2095 2095 2096 2096 2096 2097 2097 2097 2098 2098 2098 2097 2097 2097 2096 2096 2096 2097 2097 2097 2098 2098 2098 2099 2099 2099 2100 2100 2100 1748 1748 1748 2101 2101 2101 1747 1747 1747 2101 2101 2101 1748 1748 1748 2101 2101 2101 1747 1747 1747 2102 2102 2102 2094 2094 2094 2102 2102 2102 2092 2092 2092 1747 1747 1747 2092 2092 2092 2102 2102 2102 2092 2092 2092 1747 1747 1747 2096 2096 2096 1749 1749 1749 2096 2096 2096 1747 1747 1747 2096 2096 2096 1749 1749 1749 2098 2098 2098 2103 2103 2103 2098 2098 2098 1749 1749 1749 2098 2098 2098 2103 2103 2103 2099 2099 2099 2104 2104 2104 2099 2099 2099 2103 2103 2103 2099 2099 2099 2104 2104 2104 2105 2105 2105 2106 2106 2106 2105 2105 2105 2104 2104 2104 2105 2105 2105 2106 2106 2106 2107 2107 2107 2108 2108 2108 2107 2107 2107 2106 2106 2106 2107 2107 2107 2108 2108 2108 2109 2109 2109 2019 2019 2019 2020 2020 2020 2027 2027 2027 2038 2038 2038 2027 2027 2027 2020 2020 2020 2027 2027 2027 2038 2038 2038 2028 2028 2028 2110 2110 2110 2028 2028 2028 2038 2038 2038 2028 2028 2028 2110 2110 2110 2036 2036 2036 1946 1946 1946 1991 1991 1991 1947 1947 1947 1662 1662 1662 1947 1947 1947 1991 1991 1991 1947 1947 1947 1662 1662 1662 1945 1945 1945 1952 1952 1952 1945 1945 1945 1662 1662 1662 1945 1945 1945 1952 1952 1952 1983 1983 1983 1951 1951 1951 1983 1983 1983 1952 1952 1952 1983 1983 1983 1951 1951 1951 1981 1981 1981 1954 1954 1954 1981 1981 1981 1951 1951 1951 1981 1981 1981 1954 1954 1954 1979 1979 1979 1957 1957 1957 1979 1979 1979 1954 1954 1954 1979 1979 1979 1957 1957 1957 1977 1977 1977 1962 1962 1962 1977 1977 1977 1957 1957 1957 1977 1977 1977 1962 1962 1962 1975 1975 1975 1964 1964 1964 1975 1975 1975 1962 1962 1962 1975 1975 1975 1964 1964 1964 1973 1973 1973 1967 1967 1967 1973 1973 1973 1964 1964 1964 1973 1973 1973 1967 1967 1967 1758 1758 1758 1969 1969 1969 1758 1758 1758 1967 1967 1967 1758 1758 1758 1969 1969 1969 1759 1759 1759 1971 1971 1971 1759 1759 1759 1969 1969 1969 1759 1759 1759 1971 1971 1971 2037 2037 2037 1889 1889 1889 1994 1994 1994 1890 1890 1890 1920 1920 1920 1890 1890 1890 1994 1994 1994 1890 1890 1890 1920 1920 1920 1892 1892 1892 1919 1919 1919 1892 1892 1892 1920 1920 1920 1892 1892 1892 1919 1919 1919 1897 1897 1897 1922 1922 1922 1897 1897 1897 1919 1919 1919 1897 1897 1897 1922 1922 1922 2111 2111 2111 1924 1924 1924 2111 2111 2111 1922 1922 1922 2111 2111 2111 1924 1924 1924 2112 2112 2112 1925 1925 1925 2112 2112 2112 1924 1924 1924 2112 2112 2112 1925 1925 1925 2113 2113 2113 1992 1992 1992 2113 2113 2113 1925 1925 1925 2113 2113 2113 1992 1992 1992 2114 2114 2114 1995 1995 1995 2114 2114 2114 1992 1992 1992 2114 2114 2114 1995 1995 1995 2115 2115 2115 2116 2116 2116 2115 2115 2115 1995 1995 1995 2115 2115 2115 2116 2116 2116 2117 2117 2117 1901 1901 1901 2118 2118 2118 1900 1900 1900 2119 2119 2119 1900 1900 1900 2118 2118 2118 1900 1900 1900 2119 2119 2119 2120 2120 2120 2121 2121 2121 2120 2120 2120 2119 2119 2119 2120 2120 2120 2121 2121 2121 2122 2122 2122 1898 1898 1898 1899 1899 1899 2123 2123 2123 1900 1900 1900 2123 2123 2123 1899 1899 1899 2123 2123 2123 1900 1900 1900 2124 2124 2124 2120 2120 2120 2124 2124 2124 1900 1900 1900 2124 2124 2124 2120 2120 2120 2125 2125 2125 2122 2122 2122 2125 2125 2125 2120 2120 2120 2125 2125 2125 2122 2122 2122 2126 2126 2126 2127 2127 2127 1878 1878 1878 2128 2128 2128 1870 1870 1870 2128 2128 2128 1878 1878 1878 2128 2128 2128 1870 1870 1870 2129 2129 2129 1869 1869 1869 2129 2129 2129 1870 1870 1870 2129 2129 2129 1869 1869 1869 1774 1774 1774 1898 1898 1898 1774 1774 1774 1869 1869 1869 1774 1774 1774 1898 1898 1898 1772 1772 1772 2123 2123 2123 1772 1772 1772 1898 1898 1898 1772 1772 1772 2123 2123 2123 1876 1876 1876 2124 2124 2124 1876 1876 1876 2123 2123 2123 1876 1876 1876 2124 2124 2124 1902 1902 1902 2125 2125 2125 1902 1902 1902 2124 2124 2124 1902 1902 1902 2125 2125 2125 1904 1904 1904 2126 2126 2126 1904 1904 1904 2125 2125 2125 1904 1904 1904 2126 2126 2126 1905 1905 1905 2130 2130 2130 1905 1905 1905 2126 2126 2126 1744 1744 1744 2131 2131 2131 2132 2132 2132 2133 2133 2133 2132 2132 2132 2131 2131 2131 2132 2132 2132 2133 2133 2133 2134 2134 2134 2135 2135 2135 2134 2134 2134 2133 2133 2133 2134 2134 2134 2135 2135 2135 2136 2136 2136 2137 2137 2137 2136 2136 2136 2135 2135 2135 2136 2136 2136 2137 2137 2137 2138 2138 2138 1744 1744 1744 1746 1746 1746 2131 2131 2131 2139 2139 2139 2131 2131 2131 1746 1746 1746 2131 2131 2131 2139 2139 2139 2133 2133 2133 2140 2140 2140 2133 2133 2133 2139 2139 2139 2133 2133 2133 2140 2140 2140 2135 2135 2135 2141 2141 2141 2135 2135 2135 2140 2140 2140 2135 2135 2135 2141 2141 2141 2137 2137 2137 2142 2142 2142 2143 2143 2143 2144 2144 2144 2117 2117 2117 2145 2145 2145 2115 2115 2115 2146 2146 2146 2115 2115 2115 2145 2145 2145 2115 2115 2115 2146 2146 2146 2114 2114 2114 2147 2147 2147 2114 2114 2114 2146 2146 2146 2114 2114 2114 2147 2147 2147 2113 2113 2113 2148 2148 2148 2113 2113 2113 2147 2147 2147 2113 2113 2113 2148 2148 2148 2112 2112 2112 2149 2149 2149 2112 2112 2112 2148 2148 2148 2112 2112 2112 2149 2149 2149 2150 2150 2150 2151 2151 2151 2150 2150 2150 2149 2149 2149 2145 2145 2145 2152 2152 2152 2146 2146 2146 2153 2153 2153 2146 2146 2146 2152 2152 2152 2146 2146 2146 2153 2153 2153 2147 2147 2147 2154 2154 2154 2147 2147 2147 2153 2153 2153 2147 2147 2147 2154 2154 2154 2148 2148 2148 2155 2155 2155 2148 2148 2148 2154 2154 2154 2148 2148 2148 2155 2155 2155 2149 2149 2149 2156 2156 2156 2149 2149 2149 2155 2155 2155 2149 2149 2149 2156 2156 2156 2151 2151 2151 2157 2157 2157 2158 2158 2158 2159 2159 2159 2160 2160 2160 2159 2159 2159 2158 2158 2158 2159 2159 2159 2160 2160 2160 2161 2161 2161 1745 1745 1745 2162 2162 2162 1746 1746 1746 2157 2157 2157 1746 1746 1746 2162 2162 2162 1746 1746 1746 2157 2157 2157 2139 2139 2139 2159 2159 2159 2139 2139 2139 2157 2157 2157 2139 2139 2139 2159 2159 2159 2140 2140 2140 2161 2161 2161 2140 2140 2140 2159 2159 2159 2140 2140 2140 2161 2161 2161 2141 2141 2141 2163 2163 2163 2141 2141 2141 2161 2161 2161 2141 2141 2141 2163 2163 2163 2137 2137 2137 2164 2164 2164 2137 2137 2137 2163 2163 2163 2137 2137 2137 2164 2164 2164 2138 2138 2138 2165 2165 2165 2138 2138 2138 2164 2164 2164 2138 2138 2138 2165 2165 2165 2166 2166 2166 2167 2167 2167 2168 2168 2168 2169 2169 2169 2170 2170 2170 2169 2169 2169 2168 2168 2168 2169 2169 2169 2170 2170 2170 2171 2171 2171 2172 2172 2172 2171 2171 2171 2170 2170 2170 2171 2171 2171 2172 2172 2172 2173 2173 2173 2174 2174 2174 2173 2173 2173 2172 2172 2172 2173 2173 2173 2174 2174 2174 2175 2175 2175 2176 2176 2176 2177 2177 2177 2178 2178 2178 2001 2001 2001 2055 2055 2055 2000 2000 2000 2054 2054 2054 2000 2000 2000 2055 2055 2055 2000 2000 2000 2054 2054 2054 1999 1999 1999 2058 2058 2058 1999 1999 1999 2054 2054 2054 1999 1999 1999 2058 2058 2058 1998 1998 1998 2057 2057 2057 1998 1998 1998 2058 2058 2058 1998 1998 1998 2057 2057 2057 1996 1996 1996 2056 2056 2056 1996 1996 1996 2057 2057 2057 1996 1996 1996 2056 2056 2056 2179 2179 2179 2180 2180 2180 2179 2179 2179 2056 2056 2056 2179 2179 2179 2180 2180 2180 2166 2166 2166 2181 2181 2181 2166 2166 2166 2180 2180 2180 2166 2166 2166 2181 2181 2181 2138 2138 2138 2182 2182 2182 2138 2138 2138 2181 2181 2181 2138 2138 2138 2182 2182 2182 2136 2136 2136 2183 2183 2183 2136 2136 2136 2182 2182 2182 2136 2136 2136 2183 2183 2183 2134 2134 2134 2184 2184 2184 2134 2134 2134 2183 2183 2183 2134 2134 2134 2184 2184 2184 2132 2132 2132 2185 2185 2185 2132 2132 2132 2184 2184 2184 2132 2132 2132 2185 2185 2185 1744 1744 1744 2186 2186 2186 1744 1744 1744 2185 2185 2185 1744 1744 1744 2186 2186 2186 1745 1745 1745 2142 2142 2142 1745 1745 1745 2186 2186 2186 1745 1745 1745 2142 2142 2142 2162 2162 2162 2144 2144 2144 2162 2162 2162 2142 2142 2142 2162 2162 2162 2144 2144 2144 2157 2157 2157 2176 2176 2176 2157 2157 2157 2144 2144 2144 2157 2157 2157 2176 2176 2176 2158 2158 2158 2178 2178 2178 2158 2158 2158 2176 2176 2176 2158 2158 2158 2178 2178 2178 2160 2160 2160 1751 1751 1751 2187 2187 2187 1752 1752 1752 2188 2188 2188 1752 1752 1752 2187 2187 2187 1752 1752 1752 2188 2188 2188 2189 2189 2189 2190 2190 2190 2100 2100 2100 2191 2191 2191 2101 2101 2101 2191 2191 2191 2100 2100 2100 2191 2191 2191 2101 2101 2101 2192 2192 2192 2102 2102 2102 2192 2192 2192 2101 2101 2101 2192 2192 2192 2102 2102 2102 2085 2085 2085 2094 2094 2094 2085 2085 2085 2102 2102 2102 2085 2085 2085 2094 2094 2094 2086 2086 2086 2093 2093 2093 2086 2086 2086 2094 2094 2094 2086 2086 2086 2093 2093 2093 2087 2087 2087 1760 1760 1760 2087 2087 2087 2093 2093 2093 2087 2087 2087 1760 1760 1760 2088 2088 2088 1762 1762 1762 2088 2088 2088 1760 1760 1760 2088 2088 2088 1762 1762 1762 2044 2044 2044 2023 2023 2023 2044 2044 2044 1762 1762 1762 2044 2044 2044 2023 2023 2023 2043 2043 2043 2021 2021 2021 2043 2043 2043 2023 2023 2023 2043 2043 2043 2021 2021 2021 2041 2041 2041 2026 2026 2026 2041 2041 2041 2021 2021 2021 2041 2041 2041 2026 2026 2026 2039 2039 2039 2193 2193 2193 2039 2039 2039 2026 2026 2026 2039 2039 2039 2193 2193 2193 2085 2085 2085 2194 2194 2194 2085 2085 2085 2193 2193 2193 2085 2085 2085 2194 2194 2194 2192 2192 2192 2195 2195 2195 2192 2192 2192 2194 2194 2194 2192 2192 2192 2195 2195 2195 2191 2191 2191 2189 2189 2189 2196 2196 2196 1752 1752 1752 2089 2089 2089 1752 1752 1752 2196 2196 2196 1752 1752 1752 2089 2089 2089 1750 1750 1750 2091 2091 2091 1750 1750 1750 2089 2089 2089 1750 1750 1750 2091 2091 2091 1751 1751 1751 2197 2197 2197 2198 2198 2198 2199 2199 2199 1740 1740 1740 2200 2200 2200 2201 2201 2201 2202 2202 2202 2201 2201 2201 2200 2200 2200 2201 2201 2201 2202 2202 2202 2203 2203 2203 2204 2204 2204 2203 2203 2203 2202 2202 2202 2205 2205 2205 1741 1741 1741 2206 2206 2206 1743 1743 1743 2206 2206 2206 1741 1741 1741 2206 2206 2206 1743 1743 1743 2207 2207 2207 2208 2208 2208 2207 2207 2207 1743 1743 1743 2207 2207 2207 2208 2208 2208 2209 2209 2209 2210 2210 2210 2209 2209 2209 2208 2208 2208 2209 2209 2209 2210 2210 2210 2211 2211 2211 2212 2212 2212 2211 2211 2211 2210 2210 2210 2213 2213 2213 2205 2205 2205 2214 2214 2214 2206 2206 2206 2214 2214 2214 2205 2205 2205 2214 2214 2214 2206 2206 2206 2215 2215 2215 2207 2207 2207 2215 2215 2215 2206 2206 2206 2215 2215 2215 2207 2207 2207 2216 2216 2216 2209 2209 2209 2216 2216 2216 2207 2207 2207 2216 2216 2216 2209 2209 2209 2217 2217 2217 2211 2211 2211 2217 2217 2217 2209 2209 2209 1738 1738 1738 2218 2218 2218 1740 1740 1740 2219 2219 2219 1740 1740 1740 2218 2218 2218 1740 1740 1740 2219 2219 2219 2200 2200 2200 2197 2197 2197 2200 2200 2200 2219 2219 2219 2200 2200 2200 2197 2197 2197 2202 2202 2202 2199 2199 2199 2202 2202 2202 2197 2197 2197 2202 2202 2202 2199 2199 2199 2204 2204 2204 2220 2220 2220 1737 1737 1737 2221 2221 2221 2222 2222 2222 2223 2223 2223 2224 2224 2224 2225 2225 2225 2224 2224 2224 2223 2223 2223 2226 2226 2226 2220 2220 2220 2227 2227 2227 2221 2221 2221 2227 2227 2227 2220 2220 2220 2227 2227 2227 2221 2221 2221 2228 2228 2228 2229 2229 2229 2230 2230 2230 2231 2231 2231 2232 2232 2232 2231 2231 2231 2230 2230 2230 2231 2231 2231 2232 2232 2232 2226 2226 2226 2233 2233 2233 2225 2225 2225 2234 2234 2234 2223 2223 2223 2234 2234 2234 2225 2225 2225 2234 2234 2234 2223 2223 2223 2235 2235 2235 2222 2222 2222 2235 2235 2235 2223 2223 2223 2235 2235 2235 2222 2222 2222 2236 2236 2236 1734 1734 1734 1736 1736 1736 2237 2237 2237 2238 2238 2238 2237 2237 2237 1736 1736 1736 2237 2237 2237 2238 2238 2238 2239 2239 2239 2240 2240 2240 2241 2241 2241 2242 2242 2242 2243 2243 2243 2242 2242 2242 2241 2241 2241 2235 2235 2235 2244 2244 2244 2234 2234 2234 1691 1691 1691 2234 2234 2234 2244 2244 2244 2234 2234 2234 1691 1691 1691 2233 2233 2233 1690 1690 1690 2233 2233 2233 1691 1691 1691 2233 2233 2233 1690 1690 1690 2240 2240 2240 2245 2245 2245 2240 2240 2240 1690 1690 1690 2240 2240 2240 2245 2245 2245 2241 2241 2241 2246 2246 2246 1739 1739 1739 2247 2247 2247 1740 1740 1740 2247 2247 2247 1739 1739 1739 2247 2247 2247 1740 1740 1740 2248 2248 2248 2201 2201 2201 2248 2248 2248 1740 1740 1740 2248 2248 2248 2201 2201 2201 2249 2249 2249 2203 2203 2203 2249 2249 2249 2201 2201 2201 2249 2249 2249 2203 2203 2203 2250 2250 2250 2204 2204 2204 2250 2250 2250 2203 2203 2203 2251 2251 2251 2213 2213 2213 2252 2252 2252 2214 2214 2214 2252 2252 2252 2213 2213 2213 2252 2252 2252 2214 2214 2214 2253 2253 2253 2215 2215 2215 2253 2253 2253 2214 2214 2214 2253 2253 2253 2215 2215 2215 2254 2254 2254 2216 2216 2216 2254 2254 2254 2215 2215 2215 2254 2254 2254 2216 2216 2216 2255 2255 2255 2217 2217 2217 2255 2255 2255 2216 2216 2216 2256 2256 2256 2246 2246 2246 2257 2257 2257 2247 2247 2247 2257 2257 2257 2246 2246 2246 2257 2257 2257 2247 2247 2247 2258 2258 2258 2248 2248 2248 2258 2258 2258 2247 2247 2247 2258 2258 2258 2248 2248 2248 2259 2259 2259 2249 2249 2249 2259 2259 2259 2248 2248 2248 2259 2259 2259 2249 2249 2249 2251 2251 2251 2250 2250 2250 2251 2251 2251 2249 2249 2249 2251 2251 2251 2250 2250 2250 2213 2213 2213 2204 2204 2204 2213 2213 2213 2250 2250 2250 2213 2213 2213 2204 2204 2204 2205 2205 2205 2199 2199 2199 2205 2205 2205 2204 2204 2204 2205 2205 2205 2199 2199 2199 1741 1741 1741 2198 2198 2198 1741 1741 1741 2199 2199 2199 1741 1741 1741 2198 2198 2198 1742 1742 1742 2260 2260 2260 1865 1865 1865 2261 2261 2261 1859 1859 1859 2261 2261 2261 1865 1865 1865 2261 2261 2261 1859 1859 1859 2262 2262 2262 2263 2263 2263 2264 2264 2264 2265 2265 2265 2266 2266 2266 2265 2265 2265 2264 2264 2264 2265 2265 2265 2266 2266 2266 2267 2267 2267 2268 2268 2268 2267 2267 2267 2266 2266 2266 2269 2269 2269 1844 1844 1844 2270 2270 2270 1838 1838 1838 2270 2270 2270 1844 1844 1844 2270 2270 2270 1838 1838 1838 2271 2271 2271 1833 1833 1833 2271 2271 2271 1838 1838 1838 2271 2271 2271 1833 1833 1833 2272 2272 2272 2269 2269 2269 2273 2273 2273 1844 1844 1844 2274 2274 2274 1844 1844 1844 2273 2273 2273 1844 1844 1844 2274 2274 2274 2275 2275 2275 2275 2275 2275 2276 2276 2276 1844 1844 1844 2277 2277 2277 1844 1844 1844 2276 2276 2276 1844 1844 1844 2277 2277 2277 1850 1850 1850 2278 2278 2278 1850 1850 1850 2277 2277 2277 1850 1850 1850 2278 2278 2278 2279 2279 2279 2279 2279 2279 2280 2280 2280 2281 2281 2281 2282 2282 2282 2281 2281 2281 2280 2280 2280 2281 2281 2281 2282 2282 2282 2283 2283 2283 2283 2283 2283 2284 2284 2284 2281 2281 2281 2285 2285 2285 2281 2281 2281 2284 2284 2284 2281 2281 2281 2285 2285 2285 2286 2286 2286 2286 2286 2286 2287 2287 2287 2281 2281 2281 2288 2288 2288 2281 2281 2281 2287 2287 2287 2281 2281 2281 2288 2288 2288 1833 1833 1833 2289 2289 2289 1833 1833 1833 2288 2288 2288 1833 1833 1833 2289 2289 2289 2272 2272 2272 2290 2290 2290 2291 2291 2291 2292 2292 2292 2290 2290 2290 2292 2292 2292 2293 2293 2293 1726 1726 1726 1725 1725 1725 2294 2294 2294 2295 2295 2295 2294 2294 2294 1725 1725 1725 2294 2294 2294 2295 2295 2295 2296 2296 2296 2297 2297 2297 1717 1717 1717 2298 2298 2298 1716 1716 1716 2298 2298 2298 1717 1717 1717 2298 2298 2298 1716 1716 1716 2299 2299 2299 2299 2299 2299 1719 1719 1719 2298 2298 2298 1721 1721 1721 2298 2298 2298 1719 1719 1719 2298 2298 2298 1721 1721 1721 2297 2297 2297 2300 2300 2300 2297 2297 2297 1721 1721 1721 2297 2297 2297 2300 2300 2300 2301 2301 2301 2301 2301 2301 2302 2302 2302 2297 2297 2297 2281 2281 2281 2297 2297 2297 2302 2302 2302 2297 2297 2297 2281 2281 2281 1717 1717 1717 1833 1833 1833 1717 1717 1717 2281 2281 2281 1717 1717 1717 1833 1833 1833 1718 1718 1718 1835 1835 1835 1718 1718 1718 1833 1833 1833 1718 1718 1718 1835 1835 1835 2303 2303 2303 1724 1724 1724 1723 1723 1723 2304 2304 2304 2305 2305 2305 1720 1720 1720 1722 1722 1722 1719 1719 1719 1722 1722 1722 1720 1720 1720 1722 1722 1722 1719 1719 1719 1723 1723 1723 2299 2299 2299 1723 1723 1723 1719 1719 1719 1723 1723 1723 2299 2299 2299 2304 2304 2304 1716 1716 1716 2304 2304 2304 2299 2299 2299 2304 2304 2304 1716 1716 1716 1827 1827 1827 1718 1718 1718 1827 1827 1827 1716 1716 1716 1827 1827 1827 1718 1718 1718 1825 1825 1825 2303 2303 2303 1825 1825 1825 1718 1718 1718 2291 2291 2291 2306 2306 2306 2292 2292 2292 2296 2296 2296 2292 2292 2292 2306 2306 2306 2292 2292 2292 2296 2296 2296 2293 2293 2293 2295 2295 2295 2293 2293 2293 2296 2296 2296 1728 1728 1728 1730 1730 1730 2307 2307 2307 1727 1727 1727 2307 2307 2307 1730 1730 1730 2307 2307 2307 1727 1727 1727 2308 2308 2308 1726 1726 1726 2308 2308 2308 1727 1727 1727 2308 2308 2308 1726 1726 1726 2309 2309 2309 2294 2294 2294 2309 2309 2309 1726 1726 1726 2309 2309 2309 2294 2294 2294 2310 2310 2310 2296 2296 2296 2310 2310 2310 2294 2294 2294 2310 2310 2310 2296 2296 2296 2311 2311 2311 2306 2306 2306 2311 2311 2311 2296 2296 2296 2311 2311 2311 2306 2306 2306 2312 2312 2312 2313 2313 2313 2314 2314 2314 2315 2315 2315 2316 2316 2316 2315 2315 2315 2314 2314 2314 2315 2315 2315 2316 2316 2316 2317 2317 2317 2318 2318 2318 2317 2317 2317 2316 2316 2316 2317 2317 2317 2318 2318 2318 2319 2319 2319 2320 2320 2320 2319 2319 2319 2318 2318 2318 2319 2319 2319 2320 2320 2320 2321 2321 2321 2322 2322 2322 2323 2323 2323 2324 2324 2324 2325 2325 2325 2324 2324 2324 2323 2323 2323 2324 2324 2324 2325 2325 2325 2326 2326 2326 2327 2327 2327 2326 2326 2326 2325 2325 2325 2327 2327 2327 2328 2328 2328 2326 2326 2326 2329 2329 2329 2326 2326 2326 2328 2328 2328 2326 2326 2326 2329 2329 2329 2324 2324 2324 2330 2330 2330 2324 2324 2324 2329 2329 2329 2324 2324 2324 2330 2330 2330 2322 2322 2322 2331 2331 2331 2332 2332 2332 2333 2333 2333 2268 2268 2268 1728 1728 1728 2267 2267 2267 2307 2307 2307 2267 2267 2267 1728 1728 1728 2267 2267 2267 2307 2307 2307 2265 2265 2265 2308 2308 2308 2265 2265 2265 2307 2307 2307 2265 2265 2265 2308 2308 2308 2263 2263 2263 2309 2309 2309 2263 2263 2263 2308 2308 2308 2263 2263 2263 2309 2309 2309 2334 2334 2334 2310 2310 2310 2334 2334 2334 2309 2309 2309 2334 2334 2334 2310 2310 2310 2335 2335 2335 2311 2311 2311 2335 2335 2335 2310 2310 2310 2336 2336 2336 2330 2330 2330 2301 2301 2301 2329 2329 2329 2301 2301 2301 2330 2330 2330 2301 2301 2301 2329 2329 2329 2302 2302 2302 2328 2328 2328 2302 2302 2302 2329 2329 2329 2302 2302 2302 2328 2328 2328 2281 2281 2281 2337 2337 2337 2281 2281 2281 2328 2328 2328 2281 2281 2281 2337 2337 2337 2279 2279 2279 2338 2338 2338 2279 2279 2279 2337 2337 2337 2279 2279 2279 2338 2338 2338 1850 1850 1850 2339 2339 2339 2340 2340 2340 2341 2341 2341 2342 2342 2342 2341 2341 2341 2340 2340 2340 2341 2341 2341 2342 2342 2342 2343 2343 2343 2344 2344 2344 2345 2345 2345 2346 2346 2346 2347 2347 2347 2346 2346 2346 2345 2345 2345 2346 2346 2346 2347 2347 2347 2348 2348 2348 2349 2349 2349 2348 2348 2348 2347 2347 2347 2348 2348 2348 2349 2349 2349 2350 2350 2350 2351 2351 2351 2350 2350 2350 2349 2349 2349 2350 2350 2350 2351 2351 2351 2352 2352 2352 2314 2314 2314 2344 2344 2344 2316 2316 2316 2346 2346 2346 2316 2316 2316 2344 2344 2344 2316 2316 2316 2346 2346 2346 2318 2318 2318 2348 2348 2348 2318 2318 2318 2346 2346 2346 2318 2318 2318 2348 2348 2348 2320 2320 2320 2350 2350 2350 2320 2320 2320 2348 2348 2348 2320 2320 2320 2350 2350 2350 2321 2321 2321 2352 2352 2352 2321 2321 2321 2350 2350 2350 2321 2321 2321 2352 2352 2352 2353 2353 2353 2354 2354 2354 2353 2353 2353 2352 2352 2352 2353 2353 2353 2354 2354 2354 2355 2355 2355 1715 1715 1715 1714 1714 1714 1710 1710 1710 2356 2356 2356 1710 1710 1710 1714 1714 1714 1710 1710 1710 2356 2356 2356 1711 1711 1711 2331 2331 2331 2357 2357 2357 2358 2358 2358 2359 2359 2359 2358 2358 2358 2357 2357 2357 2358 2358 2358 2359 2359 2359 2360 2360 2360 2361 2361 2361 2360 2360 2360 2359 2359 2359 2331 2331 2331 2333 2333 2333 2357 2357 2357 2362 2362 2362 2357 2357 2357 2333 2333 2333 2357 2357 2357 2362 2362 2362 2359 2359 2359 2363 2363 2363 2359 2359 2359 2362 2362 2362 2359 2359 2359 2363 2363 2363 2361 2361 2361 2364 2364 2364 1713 1713 1713 2365 2365 2365 1715 1715 1715 2365 2365 2365 1713 1713 1713 2365 2365 2365 1715 1715 1715 2366 2366 2366 1710 1710 1710 2366 2366 2366 1715 1715 1715 2366 2366 2366 1710 1710 1710 2367 2367 2367 1712 1712 1712 2367 2367 2367 1710 1710 1710 2367 2367 2367 1712 1712 1712 2368 2368 2368 2369 2369 2369 2363 2363 2363 2336 2336 2336 2362 2362 2362 2336 2336 2336 2363 2363 2363 2336 2336 2336 2362 2362 2362 2330 2330 2330 2333 2333 2333 2330 2330 2330 2362 2362 2362 2330 2330 2330 2333 2333 2333 2322 2322 2322 2332 2332 2332 2322 2322 2322 2333 2333 2333 2322 2322 2322 2332 2332 2332 2323 2323 2323 1706 1706 1706 1707 1707 1707 1704 1704 1704 1709 1709 1709 1704 1704 1704 1707 1707 1707 1704 1704 1704 1709 1709 1709 2370 2370 2370 2371 2371 2371 2370 2370 2370 1709 1709 1709 2372 2372 2372 2373 2373 2373 2374 2374 2374 2375 2375 2375 2374 2374 2374 2373 2373 2373 2374 2374 2374 2375 2375 2375 2376 2376 2376 2377 2377 2377 2376 2376 2376 2375 2375 2375 2376 2376 2376 2377 2377 2377 2378 2378 2378 2379 2379 2379 2378 2378 2378 2377 2377 2377 2378 2378 2378 2379 2379 2379 2380 2380 2380 2381 2381 2381 2382 2382 2382 2383 2383 2383 2384 2384 2384 2383 2383 2383 2382 2382 2382 2385 2385 2385 2386 2386 2386 2387 2387 2387 2356 2356 2356 2388 2388 2388 1711 1711 1711 2389 2389 2389 1711 1711 1711 2388 2388 2388 1711 1711 1711 2389 2389 2389 1712 1712 1712 2390 2390 2390 1712 1712 1712 2389 2389 2389 1712 1712 1712 2390 2390 2390 2368 2368 2368 2391 2391 2391 2392 2392 2392 2393 2393 2393 2390 2390 2390 2393 2393 2393 2392 2392 2392 2385 2385 2385 2394 2394 2394 2395 2395 2395 2396 2396 2396 2395 2395 2395 2394 2394 2394 2395 2395 2395 2396 2396 2396 2397 2397 2397 2398 2398 2398 2399 2399 2399 2400 2400 2400 2401 2401 2401 2400 2400 2400 2399 2399 2399 2400 2400 2400 2401 2401 2401 2402 2402 2402 2403 2403 2403 2402 2402 2402 2401 2401 2401 2402 2402 2402 2403 2403 2403 2404 2404 2404 2405 2405 2405 2406 2406 2406 2407 2407 2407 2408 2408 2408 2407 2407 2407 2406 2406 2406 2407 2407 2407 2408 2408 2408 2369 2369 2369 2372 2372 2372 2369 2369 2369 2408 2408 2408 2369 2369 2369 2372 2372 2372 2363 2363 2363 2374 2374 2374 2363 2363 2363 2372 2372 2372 2363 2363 2363 2374 2374 2374 2361 2361 2361 2376 2376 2376 2361 2361 2361 2374 2374 2374 2361 2361 2361 2376 2376 2376 2360 2360 2360 2378 2378 2378 2360 2360 2360 2376 2376 2376 2360 2360 2360 2378 2378 2378 2358 2358 2358 2380 2380 2380 2358 2358 2358 2378 2378 2378 2358 2358 2358 2380 2380 2380 2331 2331 2331 2409 2409 2409 2398 2398 2398 2410 2410 2410 2400 2400 2400 2410 2410 2410 2398 2398 2398 2410 2410 2410 2400 2400 2400 2411 2411 2411 2402 2402 2402 2411 2411 2411 2400 2400 2400 2411 2411 2411 2402 2402 2402 2412 2412 2412 2404 2404 2404 2412 2412 2412 2402 2402 2402 2300 2300 2300 2404 2404 2404 2301 2301 2301 2403 2403 2403 2301 2301 2301 2404 2404 2404 2301 2301 2301 2403 2403 2403 2336 2336 2336 2401 2401 2401 2336 2336 2336 2403 2403 2403 2336 2336 2336 2401 2401 2401 2369 2369 2369 2399 2399 2399 2369 2369 2369 2401 2401 2401 2369 2369 2369 2399 2399 2399 2407 2407 2407 2398 2398 2398 2407 2407 2407 2399 2399 2399 2407 2407 2407 2398 2398 2398 2405 2405 2405 2409 2409 2409 2405 2405 2405 2398 2398 2398 2385 2385 2385 2387 2387 2387 2394 2394 2394 2413 2413 2413 2394 2394 2394 2387 2387 2387 2394 2394 2394 2413 2413 2413 2396 2396 2396 2414 2414 2414 2396 2396 2396 2413 2413 2413 2396 2396 2396 2414 2414 2414 2397 2397 2397 1704 1704 1704 2415 2415 2415 1705 1705 1705 2416 2416 2416 1705 1705 1705 2415 2415 2415 1705 1705 1705 2416 2416 2416 2417 2417 2417 2382 2382 2382 2386 2386 2386 2384 2384 2384 2385 2385 2385 2384 2384 2384 2386 2386 2386 2384 2384 2384 2385 2385 2385 2418 2418 2418 2395 2395 2395 2418 2418 2418 2385 2385 2385 2418 2418 2418 2395 2395 2395 2419 2419 2419 2397 2397 2397 2419 2419 2419 2395 2395 2395 2419 2419 2419 2397 2397 2397 2420 2420 2420 2417 2417 2417 2420 2420 2420 2397 2397 2397 2420 2420 2420 2417 2417 2417 2421 2421 2421 2416 2416 2416 2421 2421 2421 2417 2417 2417 1709 1709 1709 2343 2343 2343 2371 2371 2371 2342 2342 2342 2371 2371 2371 2343 2343 2343 2371 2371 2371 2342 2342 2342 2422 2422 2422 2340 2340 2340 2422 2422 2422 2342 2342 2342 2422 2422 2422 2340 2340 2340 2423 2423 2423 2339 2339 2339 2423 2423 2423 2340 2340 2340 2423 2423 2423 2339 2339 2339 2424 2424 2424 2425 2425 2425 2424 2424 2424 2339 2339 2339 1724 1724 1724 2425 2425 2425 1722 1722 1722 2339 2339 2339 1722 1722 1722 2425 2425 2425 1722 1722 1722 2339 2339 2339 2305 2305 2305 2341 2341 2341 2305 2305 2305 2339 2339 2339 2305 2305 2305 2341 2341 2341 1720 1720 1720 2343 2343 2343 1720 1720 1720 2341 2341 2341 1720 1720 1720 2343 2343 2343 1721 1721 1721 1709 1709 1709 1721 1721 1721 2343 2343 2343 1721 1721 1721 1709 1709 1709 2300 2300 2300 1708 1708 1708 2300 2300 2300 1709 1709 1709 2300 2300 2300 1708 1708 1708 2404 2404 2404 1707 1707 1707 2404 2404 2404 1708 1708 1708 2404 2404 2404 1707 1707 1707 2412 2412 2412 1706 1706 1706 2412 2412 2412 1707 1707 1707 2412 2412 2412 1706 1706 1706 2411 2411 2411 1703 1703 1703 2411 2411 2411 1706 1706 1706 2411 2411 2411 1703 1703 1703 2410 2410 2410 1705 1705 1705 2410 2410 2410 1703 1703 1703 2410 2410 2410 1705 1705 1705 2409 2409 2409 2417 2417 2417 2409 2409 2409 1705 1705 1705 2409 2409 2409 2417 2417 2417 2405 2405 2405 2397 2397 2397 2405 2405 2405 2417 2417 2417 2405 2405 2405 2397 2397 2397 2406 2406 2406 2414 2414 2414 2406 2406 2406 2397 2397 2397 2406 2406 2406 2414 2414 2414 2408 2408 2408 2413 2413 2413 2408 2408 2408 2414 2414 2414 2408 2408 2408 2413 2413 2413 2372 2372 2372 2387 2387 2387 2372 2372 2372 2413 2413 2413 2372 2372 2372 2387 2387 2387 2373 2373 2373 2386 2386 2386 2373 2373 2373 2387 2387 2387 2373 2373 2373 2386 2386 2386 2375 2375 2375 2382 2382 2382 2375 2375 2375 2386 2386 2386 2375 2375 2375 2382 2382 2382 2377 2377 2377 2381 2381 2381 2377 2377 2377 2382 2382 2382 2377 2377 2377 2381 2381 2381 2379 2379 2379 2290 2290 2290 2313 2313 2313 2291 2291 2291 2315 2315 2315 2291 2291 2291 2313 2313 2313 2291 2291 2291 2315 2315 2315 2306 2306 2306 2317 2317 2317 2306 2306 2306 2315 2315 2315 2306 2306 2306 2317 2317 2317 2312 2312 2312 2319 2319 2319 2312 2312 2312 2317 2317 2317 2312 2312 2312 2319 2319 2319 2311 2311 2311 2321 2321 2321 2311 2311 2311 2319 2319 2319 2311 2311 2311 2321 2321 2321 2335 2335 2335 2353 2353 2353 2335 2335 2335 2321 2321 2321 2335 2335 2335 2353 2353 2353 2334 2334 2334 2355 2355 2355 2334 2334 2334 2353 2353 2353 2334 2334 2334 2355 2355 2355 2263 2263 2263 2426 2426 2426 2263 2263 2263 2355 2355 2355 2263 2263 2263 2426 2426 2426 2264 2264 2264 1732 1732 1732 1731 1731 1731 2427 2427 2427 2428 2428 2428 2427 2427 2427 1731 1731 1731 2427 2427 2427 2428 2428 2428 2429 2429 2429 2428 2428 2428 2430 2430 2430 2429 2429 2429 2431 2431 2431 2429 2429 2429 2430 2430 2430 2429 2429 2429 2431 2431 2431 2432 2432 2432 2433 2433 2433 2432 2432 2432 2431 2431 2431 2432 2432 2432 2433 2433 2433 1701 1701 1701 2434 2434 2434 2435 2435 2435 2436 2436 2436 2437 2437 2437 2436 2436 2436 2435 2435 2435 2436 2436 2436 2437 2437 2437 2438 2438 2438 2439 2439 2439 2438 2438 2438 2437 2437 2437 2440 2440 2440 2434 2434 2434 1702 1702 1702 2436 2436 2436 1702 1702 1702 2434 2434 2434 1702 1702 1702 2436 2436 2436 1700 1700 1700 2438 2438 2438 1700 1700 1700 2436 2436 2436 1700 1700 1700 2438 2438 2438 2441 2441 2441 2439 2439 2439 2441 2441 2441 2438 2438 2438 2441 2441 2441 2439 2439 2439 2442 2442 2442 1701 1701 1701 1700 1700 1700 2432 2432 2432 2441 2441 2441 2432 2432 2432 1700 1700 1700 2432 2432 2432 2441 2441 2441 2429 2429 2429 2442 2442 2442 2429 2429 2429 2441 2441 2441 2429 2429 2429 2442 2442 2442 2427 2427 2427 2439 2439 2439 2427 2427 2427 2442 2442 2442 2427 2427 2427 2439 2439 2439 2443 2443 2443 2437 2437 2437 2443 2443 2443 2439 2439 2439 2443 2443 2443 2437 2437 2437 2444 2444 2444 2435 2435 2435 2444 2444 2444 2437 2437 2437 2444 2444 2444 2435 2435 2435 2445 2445 2445 2388 2388 2388 2446 2446 2446 2389 2389 2389 2447 2447 2447 2389 2389 2389 2446 2446 2446 2389 2389 2389 2447 2447 2447 2390 2390 2390 2448 2448 2448 2390 2390 2390 2447 2447 2447 2390 2390 2390 2448 2448 2448 2393 2393 2393 1698 1698 1698 2393 2393 2393 2448 2448 2448 2393 2393 2393 1698 1698 1698 2391 2391 2391 2426 2426 2426 2391 2391 2391 1698 1698 1698 2391 2391 2391 2426 2426 2426 2392 2392 2392 2355 2355 2355 2392 2392 2392 2426 2426 2426 2392 2392 2392 2355 2355 2355 2390 2390 2390 2354 2354 2354 2390 2390 2390 2355 2355 2355 2390 2390 2390 2354 2354 2354 2368 2368 2368 2352 2352 2352 2368 2368 2368 2354 2354 2354 2368 2368 2368 2352 2352 2352 2367 2367 2367 2351 2351 2351 2367 2367 2367 2352 2352 2352 2367 2367 2367 2351 2351 2351 2366 2366 2366 2349 2349 2349 2366 2366 2366 2351 2351 2351 2366 2366 2366 2349 2349 2349 2365 2365 2365 2347 2347 2347 2365 2365 2365 2349 2349 2349 2365 2365 2365 2347 2347 2347 2364 2364 2364 2345 2345 2345 2364 2364 2364 2347 2347 2347 2449 2449 2449 2450 2450 2450 2451 2451 2451 2452 2452 2452 2453 2453 2453 2454 2454 2454 2454 2454 2454 1696 1696 1696 2452 2452 2452 1698 1698 1698 2452 2452 2452 1696 1696 1696 2452 2452 2452 1698 1698 1698 2455 2455 2455 2448 2448 2448 2455 2455 2455 1698 1698 1698 2455 2455 2455 2448 2448 2448 2456 2456 2456 2447 2447 2447 2456 2456 2456 2448 2448 2448 2456 2456 2456 2447 2447 2447 2457 2457 2457 2446 2446 2446 2457 2457 2457 2447 2447 2447 2453 2453 2453 2452 2452 2452 2458 2458 2458 2459 2459 2459 2458 2458 2458 2452 2452 2452 2458 2458 2458 2459 2459 2459 2460 2460 2460 2461 2461 2461 2462 2462 2462 2463 2463 2463 2464 2464 2464 2465 2465 2465 2466 2466 2466 2449 2449 2449 2451 2451 2451 2467 2467 2467 2461 2461 2461 2467 2467 2467 2451 2451 2451 2467 2467 2467 2461 2461 2461 2464 2464 2464 2463 2463 2463 2464 2464 2464 2461 2461 2461 2464 2464 2464 2463 2463 2463 2468 2468 2468 1699 1699 1699 2450 2450 2450 2469 2469 2469 2449 2449 2449 2469 2469 2469 2450 2450 2450 2469 2469 2469 2449 2449 2449 2470 2470 2470 2467 2467 2467 2470 2470 2470 2449 2449 2449 2470 2470 2470 2467 2467 2467 2471 2471 2471 2464 2464 2464 2471 2471 2471 2467 2467 2467 2471 2471 2471 2464 2464 2464 2472 2472 2472 2473 2473 2473 2472 2472 2472 2464 2464 2464 2472 2472 2472 2473 2473 2473 2474 2474 2474 2475 2475 2475 2476 2476 2476 2477 2477 2477 2478 2478 2478 2479 2479 2479 2475 2475 2475 1699 1699 1699 1696 1696 1696 2450 2450 2450 2454 2454 2454 2450 2450 2450 1696 1696 1696 2450 2450 2450 2454 2454 2454 2451 2451 2451 2453 2453 2453 2451 2451 2451 2454 2454 2454 2451 2451 2451 2453 2453 2453 2461 2461 2461 2458 2458 2458 2461 2461 2461 2453 2453 2453 2461 2461 2461 2458 2458 2458 2462 2462 2462 2460 2460 2460 2462 2462 2462 2458 2458 2458 2462 2462 2462 2460 2460 2460 2463 2463 2463 2475 2475 2475 2463 2463 2463 2460 2460 2460 2463 2463 2463 2475 2475 2475 2468 2468 2468 2479 2479 2479 2468 2468 2468 2475 2475 2475 2468 2468 2468 2479 2479 2479 2464 2464 2464 2478 2478 2478 2464 2464 2464 2479 2479 2479 2464 2464 2464 2478 2478 2478 2465 2465 2465 2475 2475 2475 2465 2465 2465 2478 2478 2478 2465 2465 2465 2475 2475 2475 2466 2466 2466 2477 2477 2477 2466 2466 2466 2475 2475 2475 2466 2466 2466 2477 2477 2477 2464 2464 2464 2476 2476 2476 2464 2464 2464 2477 2477 2477 2464 2464 2464 2476 2476 2476 2473 2473 2473 2475 2475 2475 2473 2473 2473 2476 2476 2476 2473 2473 2473 2475 2475 2475 2474 2474 2474 2480 2480 2480 2474 2474 2474 2475 2475 2475 2474 2474 2474 2480 2480 2480 2481 2481 2481 2482 2482 2482 2483 2483 2483 2484 2484 2484 2485 2485 2485 2484 2484 2484 2483 2483 2483 2484 2484 2484 2485 2485 2485 2452 2452 2452 2445 2445 2445 2256 2256 2256 2444 2444 2444 2257 2257 2257 2444 2444 2444 2256 2256 2256 2444 2444 2444 2257 2257 2257 2443 2443 2443 2258 2258 2258 2443 2443 2443 2257 2257 2257 2443 2443 2443 2258 2258 2258 2427 2427 2427 2259 2259 2259 2427 2427 2427 2258 2258 2258 2427 2427 2427 2259 2259 2259 1732 1732 1732 2251 2251 2251 1732 1732 1732 2259 2259 2259 1732 1732 1732 2251 2251 2251 1733 1733 1733 2252 2252 2252 1733 1733 1733 2251 2251 2251 1733 1733 1733 2252 2252 2252 2262 2262 2262 2253 2253 2253 2262 2262 2262 2252 2252 2252 2262 2262 2262 2253 2253 2253 2261 2261 2261 2254 2254 2254 2261 2261 2261 2253 2253 2253 2261 2261 2261 2254 2254 2254 2260 2260 2260 2255 2255 2255 2260 2260 2260 2254 2254 2254 2226 2226 2226 2227 2227 2227 2231 2231 2231 2228 2228 2228 2231 2231 2231 2227 2227 2227 2231 2231 2231 2228 2228 2228 2229 2229 2229 2486 2486 2486 2229 2229 2229 2228 2228 2228 2229 2229 2229 2486 2486 2486 2487 2487 2487 1692 1692 1692 1691 1691 1691 2487 2487 2487 2244 2244 2244 2487 2487 2487 1691 1691 1691 2487 2487 2487 2244 2244 2244 2229 2229 2229 2235 2235 2235 2229 2229 2229 2244 2244 2244 2229 2229 2229 2235 2235 2235 2230 2230 2230 2236 2236 2236 2230 2230 2230 2235 2235 2235 2230 2230 2230 2236 2236 2236 2232 2232 2232 2488 2488 2488 2489 2489 2489 2490 2490 2490 2491 2491 2491 2490 2490 2490 2489 2489 2489 2490 2490 2490 2491 2491 2491 2492 2492 2492 2493 2493 2493 2492 2492 2492 2491 2491 2491 2492 2492 2492 2493 2493 2493 2494 2494 2494 1765 1765 1765 1764 1764 1764 2495 2495 2495 2496 2496 2496 2495 2495 2495 1764 1764 1764 2495 2495 2495 2496 2496 2496 2497 2497 2497 2498 2498 2498 2497 2497 2497 2496 2496 2496 2497 2497 2497 2498 2498 2498 2499 2499 2499 1938 1938 1938 2488 2488 2488 1694 1694 1694 2490 2490 2490 1694 1694 1694 2488 2488 2488 1694 1694 1694 2490 2490 2490 1695 1695 1695 2492 2492 2492 1695 1695 1695 2490 2490 2490 1695 1695 1695 2492 2492 2492 2500 2500 2500 2494 2494 2494 2500 2500 2500 2492 2492 2492 2500 2500 2500 2494 2494 2494 2501 2501 2501 2501 2501 2501 2502 2502 2502 2500 2500 2500 2499 2499 2499 2500 2500 2500 2502 2502 2502 2500 2500 2500 2499 2499 2499 1695 1695 1695 2498 2498 2498 1695 1695 1695 2499 2499 2499 1695 1695 1695 2498 2498 2498 1693 1693 1693 2496 2496 2496 1693 1693 1693 2498 2498 2498 1693 1693 1693 2496 2496 2496 1936 1936 1936 1764 1764 1764 1936 1936 1936 2496 2496 2496 1936 1936 1936 1764 1764 1764 1934 1934 1934 1763 1763 1763 1934 1934 1934 1764 1764 1764 1934 1934 1934 1763 1763 1763 1932 1932 1932 1737 1737 1737 1739 1739 1739 2221 2221 2221 2246 2246 2246 2221 2221 2221 1739 1739 1739 2221 2221 2221 2246 2246 2246 2228 2228 2228 2256 2256 2256 2228 2228 2228 2246 2246 2246 2228 2228 2228 2256 2256 2256 2486 2486 2486 2445 2445 2445 2486 2486 2486 2256 2256 2256 2486 2486 2486 2445 2445 2445 2487 2487 2487 2503 2503 2503 2487 2487 2487 2445 2445 2445 2487 2487 2487 2503 2503 2503 1692 1692 1692 2504 2504 2504 1688 1688 1688 2505 2505 2505 1687 1687 1687 2505 2505 2505 1688 1688 1688 2505 2505 2505 1687 1687 1687 2506 2506 2506 1686 1686 1686 1685 1685 1685 2507 2507 2507 2508 2508 2508 2507 2507 2507 1685 1685 1685 2507 2507 2507 2508 2508 2508 2509 2509 2509 2510 2510 2510 2511 2511 2511 2509 2509 2509 2512 2512 2512 2509 2509 2509 2511 2511 2511 2509 2509 2509 2512 2512 2512 2507 2507 2507 2513 2513 2513 2507 2507 2507 2512 2512 2512 1689 1689 1689 1684 1684 1684 1687 1687 1687 1686 1686 1686 1687 1687 1687 1684 1684 1684 1687 1687 1687 1686 1686 1686 2506 2506 2506 2507 2507 2507 2506 2506 2506 1686 1686 1686 2506 2506 2506 2507 2507 2507 2514 2514 2514 2513 2513 2513 2514 2514 2514 2507 2507 2507 2514 2514 2514 2513 2513 2513 2515 2515 2515 2516 2516 2516 2517 2517 2517 2518 2518 2518 2519 2519 2519 2520 2520 2520 2521 2521 2521 2522 2522 2522 2521 2521 2521 2520 2520 2520 2523 2523 2523 2524 2524 2524 2525 2525 2525 2526 2526 2526 2525 2525 2525 2524 2524 2524 2527 2527 2527 2528 2528 2528 2529 2529 2529 2529 2529 2529 2530 2530 2530 2527 2527 2527 2531 2531 2531 2527 2527 2527 2530 2530 2530 2527 2527 2527 2531 2531 2531 2532 2532 2532 2532 2532 2532 2533 2533 2533 2527 2527 2527 2534 2534 2534 2527 2527 2527 2533 2533 2533 2527 2527 2527 2534 2534 2534 2528 2528 2528 2535 2535 2535 2528 2528 2528 2534 2534 2534 2503 2503 2503 2536 2536 2536 2523 2523 2523 1683 1683 1683 2523 2523 2523 2536 2536 2536 2523 2523 2523 1683 1683 1683 2524 2524 2524 1681 1681 1681 2524 2524 2524 1683 1683 1683 2524 2524 2524 1681 1681 1681 2526 2526 2526 1680 1680 1680 2526 2526 2526 1681 1681 1681 2526 2526 2526 1680 1680 1680 2537 2537 2537 2538 2538 2538 2537 2537 2537 1680 1680 1680 2537 2537 2537 2538 2538 2538 2539 2539 2539 2540 2540 2540 2539 2539 2539 2538 2538 2538 2539 2539 2539 2540 2540 2540 2541 2541 2541 1680 1680 1680 2542 2542 2542 2538 2538 2538 2543 2543 2543 2538 2538 2538 2542 2542 2542 2538 2538 2538 2543 2543 2543 2540 2540 2540 2544 2544 2544 2540 2540 2540 2543 2543 2543 2540 2540 2540 2544 2544 2544 2541 2541 2541 2545 2545 2545 2541 2541 2541 2544 2544 2544 2541 2541 2541 2545 2545 2545 2546 2546 2546 2547 2547 2547 2546 2546 2546 2545 2545 2545 2548 2548 2548 2547 2547 2547 2549 2549 2549 2545 2545 2545 2549 2549 2549 2547 2547 2547 2549 2549 2549 2545 2545 2545 2550 2550 2550 2544 2544 2544 2550 2550 2550 2545 2545 2545 2550 2550 2550 2544 2544 2544 2551 2551 2551 2543 2543 2543 2551 2551 2551 2544 2544 2544 2551 2551 2551 2543 2543 2543 2552 2552 2552 2542 2542 2542 2552 2552 2552 2543 2543 2543 2552 2552 2552 2542 2542 2542 2553 2553 2553 1680 1680 1680 2553 2553 2553 2542 2542 2542 2553 2553 2553 1680 1680 1680 2554 2554 2554 1682 1682 1682 2554 2554 2554 1680 1680 1680 2555 2555 2555 2556 2556 2556 2557 2557 2557 2529 2529 2529 2558 2558 2558 2530 2530 2530 2559 2559 2559 2530 2530 2530 2558 2558 2558 2530 2530 2530 2559 2559 2559 2531 2531 2531 2560 2560 2560 2531 2531 2531 2559 2559 2559 2531 2531 2531 2560 2560 2560 2561 2561 2561 2562 2562 2562 2563 2563 2563 2561 2561 2561 2561 2561 2561 2563 2563 2563 2531 2531 2531 2555 2555 2555 2531 2531 2531 2563 2563 2563 2531 2531 2531 2555 2555 2555 2532 2532 2532 2557 2557 2557 2532 2532 2532 2555 2555 2555 2532 2532 2532 2557 2557 2557 2533 2533 2533 2503 2503 2503 2523 2523 2523 1692 1692 1692 2525 2525 2525 1692 1692 1692 2523 2523 2523 1692 1692 1692 2525 2525 2525 2535 2535 2535 2526 2526 2526 2535 2535 2535 2525 2525 2525 2535 2535 2535 2526 2526 2526 2528 2528 2528 2537 2537 2537 2528 2528 2528 2526 2526 2526 2528 2528 2528 2537 2537 2537 2529 2529 2529 2539 2539 2539 2529 2529 2529 2537 2537 2537 2529 2529 2529 2539 2539 2539 2558 2558 2558 2541 2541 2541 2558 2558 2558 2539 2539 2539 2558 2558 2558 2541 2541 2541 2559 2559 2559 2546 2546 2546 2559 2559 2559 2541 2541 2541 2559 2559 2559 2546 2546 2546 2564 2564 2564 2547 2547 2547 2564 2564 2564 2546 2546 2546 2564 2564 2564 2547 2547 2547 2565 2565 2565 2548 2548 2548 2565 2565 2565 2547 2547 2547 2565 2565 2565 2548 2548 2548 2566 2566 2566 2567 2567 2567 2568 2568 2568 2059 2059 2059 2569 2569 2569 2059 2059 2059 2568 2568 2568 2059 2059 2059 2569 2569 2569 2060 2060 2060 2570 2570 2570 2060 2060 2060 2569 2569 2569 2060 2060 2060 2570 2570 2570 2061 2061 2061 2571 2571 2571 2061 2061 2061 2570 2570 2570 2061 2061 2061 2571 2571 2571 2051 2051 2051 2011 2011 2011 2051 2051 2051 2571 2571 2571 2051 2051 2051 2011 2011 2011 2052 2052 2052 2049 2049 2049 2052 2052 2052 2011 2011 2011 2052 2052 2052 2049 2049 2049 2080 2080 2080 2048 2048 2048 2080 2080 2080 2049 2049 2049 2080 2080 2080 2048 2048 2048 2081 2081 2081 2046 2046 2046 2081 2081 2081 2048 2048 2048 2081 2081 2081 2046 2046 2046 2082 2082 2082 2045 2045 2045 2082 2082 2082 2046 2046 2046 2082 2082 2082 2045 2045 2045 2083 2083 2083 2095 2095 2095 2083 2083 2083 2045 2045 2045 2083 2083 2083 2095 2095 2095 2084 2084 2084 2097 2097 2097 2084 2084 2084 2095 2095 2095 2084 2084 2084 2097 2097 2097 2074 2074 2074 2099 2099 2099 2074 2074 2074 2097 2097 2097 2074 2074 2074 2099 2099 2099 2069 2069 2069 2105 2105 2105 2069 2069 2069 2099 2099 2099 2069 2069 2069 2105 2105 2105 2070 2070 2070 2107 2107 2107 2070 2070 2070 2105 2105 2105 2070 2070 2070 2107 2107 2107 2071 2071 2071 2109 2109 2109 2071 2071 2071 2107 2107 2107 2071 2071 2071 2109 2109 2109 2078 2078 2078 2193 2193 2193 2090 2090 2090 2194 2194 2194 2089 2089 2089 2194 2194 2194 2090 2090 2090 2194 2194 2194 2089 2089 2089 2195 2195 2195 2196 2196 2196 2195 2195 2195 2089 2089 2089 2195 2195 2195 2196 2196 2196 2191 2191 2191 2189 2189 2189 2191 2191 2191 2196 2196 2196 2191 2191 2191 2189 2189 2189 2190 2190 2190 2143 2143 2143 2190 2190 2190 2189 2189 2189 2190 2190 2190 2143 2143 2143 2100 2100 2100 2142 2142 2142 2100 2100 2100 2143 2143 2143 2100 2100 2100 2142 2142 2142 1748 1748 1748 2186 2186 2186 1748 1748 1748 2142 2142 2142 1748 1748 1748 2186 2186 2186 1749 1749 1749 2185 2185 2185 1749 1749 1749 2186 2186 2186 1749 1749 1749 2185 2185 2185 2103 2103 2103 2184 2184 2184 2103 2103 2103 2185 2185 2185 2103 2103 2103 2184 2184 2184 2104 2104 2104 2183 2183 2183 2104 2104 2104 2184 2184 2184 2104 2104 2104 2183 2183 2183 2106 2106 2106 2182 2182 2182 2106 2106 2106 2183 2183 2183 2106 2106 2106 2182 2182 2182 2108 2108 2108 2181 2181 2181 2108 2108 2108 2182 2182 2182 2108 2108 2108 2181 2181 2181 2109 2109 2109 2180 2180 2180 2109 2109 2109 2181 2181 2181 2109 2109 2109 2180 2180 2180 2078 2078 2078 2056 2056 2056 2078 2078 2078 2180 2180 2180 2078 2078 2078 2056 2056 2056 2079 2079 2079 2053 2053 2053 2079 2079 2079 2056 2056 2056 2079 2079 2079 2053 2053 2053 2064 2064 2064 2055 2055 2055 2064 2064 2064 2053 2053 2053 2064 2064 2064 2055 2055 2055 2006 2006 2006 2001 2001 2001 2006 2006 2006 2055 2055 2055 2006 2006 2006 2001 2001 2001 2004 2004 2004 1942 1942 1942 2004 2004 2004 2001 2001 2001 2004 2004 2004 1942 1942 1942 2002 2002 2002 1943 1943 1943 2002 2002 2002 1942 1942 1942 2002 2002 2002 1943 1943 1943 2007 2007 2007 1944 1944 1944 2007 2007 2007 1943 1943 1943 2007 2007 2007 1944 1944 1944 2059 2059 2059 2572 2572 2572 2059 2059 2059 1944 1944 1944 2059 2059 2059 2572 2572 2572 2567 2567 2567 2573 2573 2573 2574 2574 2574 2575 2575 2575 2574 2574 2574 2573 2573 2573 2576 2576 2576 2577 2577 2577 2576 2576 2576 2573 2573 2573 2576 2576 2576 2577 2577 2577 2578 2578 2578 2579 2579 2579 2578 2578 2578 2577 2577 2577 2578 2578 2578 2579 2579 2579 2580 2580 2580 2581 2581 2581 2580 2580 2580 2579 2579 2579 2580 2580 2580 2581 2581 2581 2582 2582 2582 2583 2583 2583 2584 2584 2584 2585 2585 2585 2586 2586 2586 2585 2585 2585 2584 2584 2584 2587 2587 2587 2588 2588 2588 1676 1676 1676 2589 2589 2589 2590 2590 2590 2591 2591 2591 2592 2592 2592 2591 2591 2591 2590 2590 2590 2591 2591 2591 2592 2592 2592 2593 2593 2593 2594 2594 2594 2593 2593 2593 2592 2592 2592 2521 2521 2521 2583 2583 2583 2519 2519 2519 2585 2585 2585 2519 2519 2519 2583 2583 2583 2519 2519 2519 2585 2585 2585 2595 2595 2595 2586 2586 2586 2595 2595 2595 2585 2585 2585 2595 2595 2595 2586 2586 2586 2596 2596 2596 2594 2594 2594 2596 2596 2596 2586 2586 2586 2596 2596 2596 2594 2594 2594 2597 2597 2597 2592 2592 2592 2597 2597 2597 2594 2594 2594 2597 2597 2597 2592 2592 2592 2598 2598 2598 2590 2590 2590 2598 2598 2598 2592 2592 2592 2598 2598 2598 2590 2590 2590 2599 2599 2599 2600 2600 2600 2581 2581 2581 2601 2601 2601 2579 2579 2579 2601 2601 2601 2581 2581 2581 2601 2601 2601 2579 2579 2579 2602 2602 2602 2577 2577 2577 2602 2602 2602 2579 2579 2579 2602 2602 2602 2577 2577 2577 2603 2603 2603 2573 2573 2573 2603 2603 2603 2577 2577 2577 2603 2603 2603 2573 2573 2573 2604 2604 2604 2575 2575 2575 2604 2604 2604 2573 2573 2573 2604 2604 2604 2575 2575 2575 2605 2605 2605 2606 2606 2606 2607 2607 2607 2608 2608 2608 2609 2609 2609 2608 2608 2608 2607 2607 2607 2608 2608 2608 2609 2609 2609 2610 2610 2610 2582 2582 2582 2610 2610 2610 2609 2609 2609 2582 2582 2582 2581 2581 2581 2610 2610 2610 2600 2600 2600 2610 2610 2610 2581 2581 2581 2610 2610 2610 2600 2600 2600 2608 2608 2608 2611 2611 2611 2608 2608 2608 2600 2600 2600 2608 2608 2608 2611 2611 2611 2606 2606 2606 1672 1672 1672 1673 1673 1673 1675 1675 1675 1675 1675 1675 1674 1674 1674 1672 1672 1672 2612 2612 2612 1672 1672 1672 1674 1674 1674 1672 1672 1672 2612 2612 2612 1661 1661 1661 1676 1676 1676 2588 2588 2588 1674 1674 1674 2613 2613 2613 1674 1674 1674 2588 2588 2588 1674 1674 1674 2613 2613 2613 2612 2612 2612 2614 2614 2614 2612 2612 2612 2613 2613 2613 2612 2612 2612 2614 2614 2614 1661 1661 1661 2615 2615 2615 1669 1669 1669 2616 2616 2616 1671 1671 1671 2617 2617 2617 1661 1661 1661 2618 2618 2618 1661 1661 1661 2617 2617 2617 1661 1661 1661 2618 2618 2618 2619 2619 2619 2620 2620 2620 2621 2621 2621 2622 2622 2622 2623 2623 2623 2624 2624 2624 1660 1660 1660 2623 2623 2623 1660 1660 1660 2625 2625 2625 2626 2626 2626 2627 2627 2627 2628 2628 2628 1660 1660 1660 2629 2629 2629 2630 2630 2630 2625 2625 2625 2631 2631 2631 2623 2623 2623 1661 1661 1661 2623 2623 2623 2631 2631 2631 2623 2623 2623 1661 1661 1661 2624 2624 2624 1668 1668 1668 2624 2624 2624 1661 1661 1661 2624 2624 2624 1668 1668 1668 1660 1660 1660 1667 1667 1667 1660 1660 1660 1668 1668 1668 1660 1660 1660 1667 1667 1667 2629 2629 2629 1661 1661 1661 2629 2629 2629 1667 1667 1667 2629 2629 2629 1661 1661 1661 2630 2630 2630 2632 2632 2632 2630 2630 2630 1661 1661 1661 2630 2630 2630 2632 2632 2632 1660 1660 1660 2633 2633 2633 1660 1660 1660 2632 2632 2632 1660 1660 1660 2633 2633 2633 1661 1661 1661 2632 2632 2632 1661 1661 1661 2633 2633 2633 2594 2594 2594 2587 2587 2587 2593 2593 2593 1676 1676 1676 2593 2593 2593 2587 2587 2587 2593 2593 2593 1676 1676 1676 2591 2591 2591 1675 1675 1675 2591 2591 2591 1676 1676 1676 2591 2591 2591 1675 1675 1675 2589 2589 2589 1673 1673 1673 2589 2589 2589 1675 1675 1675 2589 2589 2589 1673 1673 1673 2590 2590 2590 1661 1661 1661 2590 2590 2590 1673 1673 1673 2590 2590 2590 1661 1661 1661 2599 2599 2599 2631 2631 2631 2599 2599 2599 1661 1661 1661 2599 2599 2599 2631 2631 2631 1662 1662 1662 2625 2625 2625 1662 1662 1662 2631 2631 2631 1662 1662 1662 2625 2625 2625 2634 2634 2634 1660 1660 1660 2634 2634 2634 2625 2625 2625 2634 2634 2634 1660 1660 1660 2626 2626 2626 1662 1662 1662 2626 2626 2626 1660 1660 1660 2626 2626 2626 1662 1662 1662 2635 2635 2635 1664 1664 1664 2635 2635 2635 1662 1662 1662 2635 2635 2635 1664 1664 1664 2626 2626 2626 1663 1663 1663 2626 2626 2626 1664 1664 1664 2626 2626 2626 1663 1663 1663 2627 2627 2627 1662 1662 1662 2627 2627 2627 1663 1663 1663 2627 2627 2627 1662 1662 1662 2628 2628 2628 1666 1666 1666 2628 2628 2628 1662 1662 1662 2628 2628 2628 1666 1666 1666 2626 2626 2626 1665 1665 1665 2626 2626 2626 1666 1666 1666 2626 2626 2626 1665 1665 1665 2634 2634 2634 1662 1662 1662 2634 2634 2634 1665 1665 1665 2536 2536 2536 2522 2522 2522 1683 1683 1683 2520 2520 2520 1683 1683 1683 2522 2522 2522 1683 1683 1683 2520 2520 2520 1682 1682 1682 2605 2605 2605 1682 1682 1682 2520 2520 2520 1682 1682 1682 2605 2605 2605 2554 2554 2554 2575 2575 2575 2554 2554 2554 2605 2605 2605 2554 2554 2554 2575 2575 2575 2553 2553 2553 2574 2574 2574 2553 2553 2553 2575 2575 2575 2553 2553 2553 2574 2574 2574 2552 2552 2552 2576 2576 2576 2552 2552 2552 2574 2574 2574 2552 2552 2552 2576 2576 2576 2551 2551 2551 2578 2578 2578 2551 2551 2551 2576 2576 2576 2551 2551 2551 2578 2578 2578 2550 2550 2550 2580 2580 2580 2550 2550 2550 2578 2578 2578 2550 2550 2550 2580 2580 2580 2549 2549 2549 2582 2582 2582 2549 2549 2549 2580 2580 2580 2549 2549 2549 2582 2582 2582 2548 2548 2548 2609 2609 2609 2548 2548 2548 2582 2582 2582 2548 2548 2548 2609 2609 2609 2566 2566 2566 2607 2607 2607 2566 2566 2566 2609 2609 2609 2566 2566 2566 2607 2607 2607 1990 1990 1990 2606 2606 2606 1990 1990 1990 2607 2607 2607 1990 1990 1990 2606 2606 2606 1662 1662 1662 2611 2611 2611 1662 1662 1662 2606 2606 2606 1662 1662 1662 2611 2611 2611 2599 2599 2599 2600 2600 2600 2599 2599 2599 2611 2611 2611 2599 2599 2599 2600 2600 2600 2598 2598 2598 2601 2601 2601 2598 2598 2598 2600 2600 2600 2598 2598 2598 2601 2601 2601 2597 2597 2597 2602 2602 2602 2597 2597 2597 2601 2601 2601 2597 2597 2597 2602 2602 2602 2596 2596 2596 2603 2603 2603 2596 2596 2596 2602 2602 2602 2596 2596 2596 2603 2603 2603 2595 2595 2595 2604 2604 2604 2595 2595 2595 2603 2603 2603 2595 2595 2595 2604 2604 2604 2519 2519 2519 2605 2605 2605 2519 2519 2519 2604 2604 2604 2519 2519 2519 2605 2605 2605 2520 2520 2520 2621 2621 2621 2620 2620 2620 2636 2636 2636 1671 1671 1671 1670 1670 1670 2617 2617 2617 2636 2636 2636 2617 2617 2617 1670 1670 1670 2617 2617 2617 2636 2636 2636 2618 2618 2618 2620 2620 2620 2618 2618 2618 2636 2636 2636 2618 2618 2618 2620 2620 2620 2619 2619 2619 2622 2622 2622 2619 2619 2619 2620 2620 2620 2619 2619 2619 2622 2622 2622 1661 1661 1661 1669 1669 1669 1671 1671 1671 2616 2616 2616 1661 1661 1661 2616 2616 2616 1671 1671 1671 2616 2616 2616 1661 1661 1661 2615 2615 2615 2614 2614 2614 2615 2615 2615 1661 1661 1661 2615 2615 2615 2614 2614 2614 1669 1669 1669 2613 2613 2613 1669 1669 1669 2614 2614 2614 1669 1669 1669 2613 2613 2613 1670 1670 1670 2588 2588 2588 1670 1670 1670 2613 2613 2613 1670 1670 1670 2588 2588 2588 2636 2636 2636 2587 2587 2587 2636 2636 2636 2588 2588 2588 2636 2636 2636 2587 2587 2587 2637 2637 2637 2594 2594 2594 2637 2637 2637 2587 2587 2587 2637 2637 2637 2594 2594 2594 1679 1679 1679 2586 2586 2586 1679 1679 1679 2594 2594 2594 1679 1679 1679 2586 2586 2586 1677 1677 1677 2584 2584 2584 1677 1677 1677 2586 2586 2586 1677 1677 1677 2584 2584 2584 2515 2515 2515 2583 2583 2583 2515 2515 2515 2584 2584 2584 2515 2515 2515 2583 2583 2583 2514 2514 2514 2521 2521 2521 2514 2514 2514 2583 2583 2583 2514 2514 2514 2521 2521 2521 2506 2506 2506 2522 2522 2522 2506 2506 2506 2521 2521 2521 2506 2506 2506 2522 2522 2522 2505 2505 2505 2536 2536 2536 2505 2505 2505 2522 2522 2522 2505 2505 2505 2536 2536 2536 2504 2504 2504 2503 2503 2503 2504 2504 2504 2536 2536 2536 2504 2504 2504 2503 2503 2503 1688 1688 1688 2445 2445 2445 1688 1688 1688 2503 2503 2503 1688 1688 1688 2445 2445 2445 1689 1689 1689 2435 2435 2435 1689 1689 1689 2445 2445 2445 1689 1689 1689 2435 2435 2435 1684 1684 1684 2434 2434 2434 1684 1684 1684 2435 2435 2435 1684 1684 1684 2434 2434 2434 1685 1685 1685 2440 2440 2440 1685 1685 1685 2434 2434 2434 1685 1685 1685 2440 2440 2440 2508 2508 2508 2638 2638 2638 2508 2508 2508 2440 2440 2440 2508 2508 2508 2638 2638 2638 2509 2509 2509 2639 2639 2639 2509 2509 2509 2638 2638 2638 2509 2509 2509 2639 2639 2639 2510 2510 2510 2640 2640 2640 1765 1765 1765 2641 2641 2641 2495 2495 2495 2641 2641 2641 1765 1765 1765 2641 2641 2641 2495 2495 2495 2642 2642 2642 2497 2497 2497 2642 2642 2642 2495 2495 2495 2642 2642 2642 2497 2497 2497 2643 2643 2643 2499 2499 2499 2643 2643 2643 2497 2497 2497 2643 2643 2643 2499 2499 2499 2644 2644 2644 2502 2502 2502 2644 2644 2644 2499 2499 2499 2644 2644 2644 2502 2502 2502 2645 2645 2645 2501 2501 2501 2645 2645 2645 2502 2502 2502 2645 2645 2645 2501 2501 2501 2646 2646 2646 2415 2415 2415 2482 2482 2482 2416 2416 2416 2484 2484 2484 2416 2416 2416 2482 2482 2482 2416 2416 2416 2484 2484 2484 2421 2421 2421 2452 2452 2452 2421 2421 2421 2484 2484 2484 2421 2421 2421 2452 2452 2452 2420 2420 2420 2455 2455 2455 2420 2420 2420 2452 2452 2452 2420 2420 2420 2455 2455 2455 2419 2419 2419 2456 2456 2456 2419 2419 2419 2455 2455 2455 2419 2419 2419 2456 2456 2456 2418 2418 2418 2457 2457 2457 2418 2418 2418 2456 2456 2456 2418 2418 2418 2457 2457 2457 2384 2384 2384 2446 2446 2446 2384 2384 2384 2457 2457 2457 2384 2384 2384 2446 2446 2446 2383 2383 2383 2388 2388 2388 2383 2383 2383 2446 2446 2446 2383 2383 2383 2388 2388 2388 2381 2381 2381 2356 2356 2356 2381 2381 2381 2388 2388 2388 2381 2381 2381 2356 2356 2356 2379 2379 2379 1714 1714 1714 2379 2379 2379 2356 2356 2356 2379 2379 2379 1714 1714 1714 2380 2380 2380 1713 1713 1713 2380 2380 2380 1714 1714 1714 2380 2380 2380 1713 1713 1713 2331 2331 2331 2364 2364 2364 2331 2331 2331 1713 1713 1713 2331 2331 2331 2364 2364 2364 2332 2332 2332 2345 2345 2345 2332 2332 2332 2364 2364 2364 2332 2332 2332 2345 2345 2345 2323 2323 2323 2344 2344 2344 2323 2323 2323 2345 2345 2345 2323 2323 2323 2344 2344 2344 2325 2325 2325 2314 2314 2314 2325 2325 2325 2344 2344 2344 2325 2325 2325 2314 2314 2314 2327 2327 2327 2313 2313 2313 2327 2327 2327 2314 2314 2314 2327 2327 2327 2313 2313 2313 2328 2328 2328 2290 2290 2290 2328 2328 2328 2313 2313 2313 2328 2328 2328 2290 2290 2290 2337 2337 2337 2293 2293 2293 2337 2337 2337 2290 2290 2290 2337 2337 2337 2293 2293 2293 2338 2338 2338 2295 2295 2295 2338 2338 2338 2293 2293 2293 2338 2338 2338 2295 2295 2295 1850 1850 1850 1725 1725 1725 1850 1850 1850 2295 2295 2295 1850 1850 1850 1725 1725 1725 1851 1851 1851 1727 1727 1727 1851 1851 1851 1725 1725 1725 1851 1851 1851 1727 1727 1727 1853 1853 1853 1730 1730 1730 1853 1853 1853 1727 1727 1727 1853 1853 1853 1730 1730 1730 1859 1859 1859 1729 1729 1729 1859 1859 1859 1730 1730 1730 1859 1859 1859 1729 1729 1729 2262 2262 2262 1728 1728 1728 2262 2262 2262 1729 1729 1729 2262 2262 2262 1728 1728 1728 1733 1733 1733 2268 2268 2268 1733 1733 1733 1728 1728 1728 1733 1733 1733 2268 2268 2268 1731 1731 1731 2266 2266 2266 1731 1731 1731 2268 2268 2268 1731 1731 1731 2266 2266 2266 2428 2428 2428 2264 2264 2264 2428 2428 2428 2266 2266 2266 2428 2428 2428 2264 2264 2264 2430 2430 2430 2426 2426 2426 2430 2430 2430 2264 2264 2264 2430 2430 2430 2426 2426 2426 2431 2431 2431 1698 1698 1698 2431 2431 2431 2426 2426 2426 2431 2431 2431 1698 1698 1698 2433 2433 2433 1697 1697 1697 2433 2433 2433 1698 1698 1698 2433 2433 2433 1697 1697 1697 1701 1701 1701 1699 1699 1699 1701 1701 1701 1697 1697 1697 1701 1701 1701 1699 1699 1699 1702 1702 1702 2469 2469 2469 1702 1702 1702 1699 1699 1699 1702 1702 1702 2469 2469 2469 2440 2440 2440 2470 2470 2470 2440 2440 2440 2469 2469 2469 2440 2440 2440 2470 2470 2470 2638 2638 2638 2471 2471 2471 2638 2638 2638 2470 2470 2470 2638 2638 2638 2471 2471 2471 2639 2639 2639 2472 2472 2472 2639 2639 2639 2471 2471 2471 2639 2639 2639 2472 2472 2472 2510 2510 2510 2474 2474 2474 2510 2510 2510 2472 2472 2472 2510 2510 2510 2474 2474 2474 2511 2511 2511 2481 2481 2481 2511 2511 2511 2474 2474 2474 2511 2511 2511 2481 2481 2481 2512 2512 2512 2647 2647 2647 2512 2512 2512 2481 2481 2481 2512 2512 2512 2647 2647 2647 2513 2513 2513 2516 2516 2516 2513 2513 2513 2647 2647 2647 2513 2513 2513 2516 2516 2516 2515 2515 2515 2518 2518 2518 2515 2515 2515 2516 2516 2516 2515 2515 2515 2518 2518 2518 1677 1677 1677 2517 2517 2517 1677 1677 1677 2518 2518 2518 1677 1677 1677 2517 2517 2517 1678 1678 1678 2489 2489 2489 2243 2243 2243 2491 2491 2491 2241 2241 2241 2491 2491 2491 2243 2243 2243 2491 2491 2491 2241 2241 2241 2493 2493 2493 2245 2245 2245 2493 2493 2493 2241 2241 2241 2493 2493 2493 2245 2245 2245 2494 2494 2494 1690 1690 1690 2494 2494 2494 2245 2245 2245 2494 2494 2494 1690 1690 1690 2501 2501 2501 1692 1692 1692 2501 2501 2501 1690 1690 1690 2501 2501 2501 1692 1692 1692 2646 2646 2646 2535 2535 2535 2646 2646 2646 1692 1692 1692 2646 2646 2646 2535 2535 2535 2645 2645 2645 2534 2534 2534 2645 2645 2645 2535 2535 2535 2645 2645 2645 2534 2534 2534 2644 2644 2644 2533 2533 2533 2644 2644 2644 2534 2534 2534 2644 2644 2644 2533 2533 2533 2643 2643 2643 2557 2557 2557 2643 2643 2643 2533 2533 2533 2643 2643 2643 2557 2557 2557 2642 2642 2642 2556 2556 2556 2642 2642 2642 2557 2557 2557 2642 2642 2642 2556 2556 2556 2641 2641 2641 2555 2555 2555 2641 2641 2641 2556 2556 2556 2641 2641 2641 2555 2555 2555 2640 2640 2640 2563 2563 2563 2640 2640 2640 2555 2555 2555 2640 2640 2640 2563 2563 2563 2648 2648 2648 2562 2562 2562 2648 2648 2648 2563 2563 2563 2649 2649 2649 2650 2650 2650 2651 2651 2651 2652 2652 2652 2653 2653 2653 2654 2654 2654 2651 2651 2651 2654 2654 2654 2653 2653 2653 2654 2654 2654 2651 2651 2651 2655 2655 2655 2650 2650 2650 2655 2655 2655 2651 2651 2651 2655 2655 2655 2650 2650 2650 2656 2656 2656 1816 1816 1816 1815 1815 1815 2657 2657 2657 1787 1787 1787 2657 2657 2657 1815 1815 1815 2657 2657 2657 1787 1787 1787 2658 2658 2658 1786 1786 1786 2658 2658 2658 1787 1787 1787 2658 2658 2658 1786 1786 1786 1813 1813 1813 1788 1788 1788 1813 1813 1813 1786 1786 1786 1813 1813 1813 1788 1788 1788 1811 1811 1811 2656 2656 2656 2659 2659 2659 2655 2655 2655 2660 2660 2660 2655 2655 2655 2659 2659 2659 2655 2655 2655 2660 2660 2660 2654 2654 2654 2661 2661 2661 2654 2654 2654 2660 2660 2660 2654 2654 2654 2661 2661 2661 2652 2652 2652 1657 1657 1657 2652 2652 2652 2661 2661 2661 1659 1659 1659 2662 2662 2662 1657 1657 1657 2663 2663 2663 1657 1657 1657 2662 2662 2662 1657 1657 1657 2663 2663 2663 2652 2652 2652 2664 2664 2664 2652 2652 2652 2663 2663 2663 2652 2652 2652 2664 2664 2664 2653 2653 2653 2665 2665 2665 2653 2653 2653 2664 2664 2664 2653 2653 2653 2665 2665 2665 2651 2651 2651 2666 2666 2666 2651 2651 2651 2665 2665 2665 2651 2651 2651 2666 2666 2666 2649 2649 2649 2659 2659 2659 2667 2667 2667 2660 2660 2660 2668 2668 2668 2660 2660 2660 2667 2667 2667 2660 2660 2660 2668 2668 2668 2661 2661 2661 2669 2669 2669 2661 2661 2661 2668 2668 2668 2661 2661 2661 2669 2669 2669 1657 1657 1657 2670 2670 2670 1657 1657 1657 2669 2669 2669 1657 1657 1657 2670 2670 2670 1658 1658 1658 2671 2671 2671 1658 1658 1658 2670 2670 2670 1658 1658 1658 2671 2671 2671 1659 1659 1659 2672 2672 2672 2673 2673 2673 2674 2674 2674 2675 2675 2675 2674 2674 2674 2673 2673 2673 2674 2674 2674 2675 2675 2675 2676 2676 2676 2677 2677 2677 2676 2676 2676 2675 2675 2675 2676 2676 2676 2677 2677 2677 2678 2678 2678 2679 2679 2679 2678 2678 2678 2677 2677 2677 2678 2678 2678 2679 2679 2679 2671 2671 2671 2680 2680 2680 2671 2671 2671 2679 2679 2679 2671 2671 2671 2680 2680 2680 1659 1659 1659 2681 2681 2681 2672 2672 2672 2682 2682 2682 2674 2674 2674 2682 2682 2682 2672 2672 2672 2682 2682 2682 2674 2674 2674 2683 2683 2683 2676 2676 2676 2683 2683 2683 2674 2674 2674 2683 2683 2683 2676 2676 2676 2684 2684 2684 2678 2678 2678 2684 2684 2684 2676 2676 2676 2684 2684 2684 2678 2678 2678 2685 2685 2685 2671 2671 2671 2685 2685 2685 2678 2678 2678 2649 2649 2649 1816 1816 1816 2650 2650 2650 2657 2657 2657 2650 2650 2650 1816 1816 1816 2650 2650 2650 2657 2657 2657 2656 2656 2656 2658 2658 2658 2656 2656 2656 2657 2657 2657 2656 2656 2656 2658 2658 2658 2659 2659 2659 1813 1813 1813 2659 2659 2659 2658 2658 2658 2659 2659 2659 1813 1813 1813 2667 2667 2667 2686 2686 2686 2667 2667 2667 1813 1813 1813 2667 2667 2667 2686 2686 2686 2668 2668 2668 2687 2687 2687 2668 2668 2668 2686 2686 2686 2668 2668 2668 2687 2687 2687 2669 2669 2669 2688 2688 2688 2669 2669 2669 2687 2687 2687 2669 2669 2669 2688 2688 2688 2670 2670 2670 2689 2689 2689 2670 2670 2670 2688 2688 2688 2670 2670 2670 2689 2689 2689 2671 2671 2671 2690 2690 2690 2671 2671 2671 2689 2689 2689 2671 2671 2671 2690 2690 2690 2685 2685 2685 2691 2691 2691 2692 2692 2692 2693 2693 2693 2694 2694 2694 2693 2693 2693 2692 2692 2692 2693 2693 2693 2694 2694 2694 2695 2695 2695 2696 2696 2696 2693 2693 2693 2697 2697 2697 2695 2695 2695 2697 2697 2697 2693 2693 2693 2697 2697 2697 2695 2695 2695 2698 2698 2698 2699 2699 2699 2698 2698 2698 2695 2695 2695 2694 2694 2694 2700 2700 2700 2695 2695 2695 2701 2701 2701 2695 2695 2695 2700 2700 2700 2695 2695 2695 2701 2701 2701 2699 2699 2699 2702 2702 2702 2699 2699 2699 2701 2701 2701 2699 2699 2699 2702 2702 2702 2703 2703 2703 2703 2703 2703 2704 2704 2704 2699 2699 2699 1656 1656 1656 2699 2699 2699 2704 2704 2704 2699 2699 2699 1656 1656 1656 2698 2698 2698 1655 1655 1655 2698 2698 2698 1656 1656 1656 2698 2698 2698 1655 1655 1655 2697 2697 2697 1654 1654 1654 2697 2697 2697 1655 1655 1655 2697 2697 2697 1654 1654 1654 2696 2696 2696 2705 2705 2705 1789 1789 1789 2691 2691 2691 1779 1779 1779 2691 2691 2691 1789 1789 1789 2691 2691 2691 1779 1779 1779 2692 2692 2692 1781 1781 1781 2692 2692 2692 1779 1779 1779 2692 2692 2692 1781 1781 1781 2694 2694 2694 2706 2706 2706 2694 2694 2694 1781 1781 1781 2694 2694 2694 2706 2706 2706 2700 2700 2700 2707 2707 2707 2700 2700 2700 2706 2706 2706 2700 2700 2700 2707 2707 2707 2701 2701 2701 2708 2708 2708 2701 2701 2701 2707 2707 2707 2701 2701 2701 2708 2708 2708 2702 2702 2702 2709 2709 2709 2702 2702 2702 2708 2708 2708 2702 2702 2702 2709 2709 2709 2703 2703 2703 2710 2710 2710 2703 2703 2703 2709 2709 2709 2703 2703 2703 2710 2710 2710 2704 2704 2704 2711 2711 2711 2704 2704 2704 2710 2710 2710 2704 2704 2704 2711 2711 2711 2712 2712 2712 2713 2713 2713 2712 2712 2712 2711 2711 2711 2714 2714 2714 2681 2681 2681 2715 2715 2715 2682 2682 2682 2715 2715 2715 2681 2681 2681 2715 2715 2715 2682 2682 2682 2716 2716 2716 2683 2683 2683 2716 2716 2716 2682 2682 2682 2716 2716 2716 2683 2683 2683 2717 2717 2717 2684 2684 2684 2717 2717 2717 2683 2683 2683 2717 2717 2717 2684 2684 2684 2718 2718 2718 2685 2685 2685 2718 2718 2718 2684 2684 2684 2718 2718 2718 2685 2685 2685 2719 2719 2719 2690 2690 2690 2719 2719 2719 2685 2685 2685 2719 2719 2719 2690 2690 2690 2713 2713 2713 2689 2689 2689 2713 2713 2713 2690 2690 2690 2713 2713 2713 2689 2689 2689 2712 2712 2712 2688 2688 2688 2712 2712 2712 2689 2689 2689 2712 2712 2712 2688 2688 2688 2704 2704 2704 2687 2687 2687 2704 2704 2704 2688 2688 2688 2704 2704 2704 2687 2687 2687 1656 1656 1656 2686 2686 2686 1656 1656 1656 2687 2687 2687 1656 1656 1656 2686 2686 2686 1654 1654 1654 1813 1813 1813 1654 1654 1654 2686 2686 2686 1654 1654 1654 1813 1813 1813 2696 2696 2696 1810 1810 1810 2696 2696 2696 1813 1813 1813 2696 2696 2696 1810 1810 1810 2693 2693 2693 1799 1799 1799 2693 2693 2693 1810 1810 1810 2693 2693 2693 1799 1799 1799 2691 2691 2691 1801 1801 1801 2691 2691 2691 1799 1799 1799 2691 2691 2691 1801 1801 1801 2705 2705 2705 2720 2720 2720 2721 2721 2721 2722 2722 2722 2723 2723 2723 2722 2722 2722 2721 2721 2721 2722 2722 2722 2723 2723 2723 2724 2724 2724 2725 2725 2725 2724 2724 2724 2723 2723 2723 2724 2724 2724 2725 2725 2725 2726 2726 2726 2727 2727 2727 2726 2726 2726 2725 2725 2725 2726 2726 2726 2727 2727 2727 2728 2728 2728 2729 2729 2729 2728 2728 2728 2727 2727 2727 2728 2728 2728 2729 2729 2729 2730 2730 2730 2731 2731 2731 2730 2730 2730 2729 2729 2729 2732 2732 2732 2733 2733 2733 2731 2731 2731 2734 2734 2734 2731 2731 2731 2733 2733 2733 2731 2731 2731 2734 2734 2734 2730 2730 2730 2735 2735 2735 2732 2732 2732 2736 2736 2736 2731 2731 2731 2736 2736 2736 2732 2732 2732 2736 2736 2736 2731 2731 2731 2737 2737 2737 2729 2729 2729 2737 2737 2737 2731 2731 2731 2737 2737 2737 2729 2729 2729 2738 2738 2738 2727 2727 2727 2738 2738 2738 2729 2729 2729 2738 2738 2738 2727 2727 2727 2739 2739 2739 2725 2725 2725 2739 2739 2739 2727 2727 2727 2739 2739 2739 2725 2725 2725 2740 2740 2740 2723 2723 2723 2740 2740 2740 2725 2725 2725 2740 2740 2740 2723 2723 2723 2741 2741 2741 2721 2721 2721 2741 2741 2741 2723 2723 2723 1649 1649 1649 1652 1652 1652 1650 1650 1650 1651 1651 1651 1650 1650 1650 1652 1652 1652 1650 1650 1650 1651 1651 1651 2742 2742 2742 2743 2743 2743 2735 2735 2735 2744 2744 2744 2736 2736 2736 2744 2744 2744 2735 2735 2735 2744 2744 2744 2736 2736 2736 2745 2745 2745 2737 2737 2737 2745 2745 2745 2736 2736 2736 2745 2745 2745 2737 2737 2737 2746 2746 2746 2738 2738 2738 2746 2746 2746 2737 2737 2737 2746 2746 2746 2738 2738 2738 2747 2747 2747 2739 2739 2739 2747 2747 2747 2738 2738 2738 2747 2747 2747 2739 2739 2739 2748 2748 2748 2740 2740 2740 2748 2748 2748 2739 2739 2739 2748 2748 2748 2740 2740 2740 2714 2714 2714 2741 2741 2741 2714 2714 2714 2740 2740 2740 2714 2714 2714 2741 2741 2741 2681 2681 2681 2721 2721 2721 2681 2681 2681 2741 2741 2741 2681 2681 2681 2721 2721 2721 2672 2672 2672 2720 2720 2720 2672 2672 2672 2721 2721 2721 2672 2672 2672 2720 2720 2720 2673 2673 2673 2749 2749 2749 2750 2750 2750 2751 2751 2751 2752 2752 2752 2751 2751 2751 2750 2750 2750 2751 2751 2751 2752 2752 2752 2753 2753 2753 2754 2754 2754 2753 2753 2753 2752 2752 2752 2753 2753 2753 2754 2754 2754 2755 2755 2755 1647 1647 1647 1648 1648 1648 2749 2749 2749 1650 1650 1650 2749 2749 2749 1648 1648 1648 2749 2749 2749 1650 1650 1650 2750 2750 2750 2742 2742 2742 2750 2750 2750 1650 1650 1650 2750 2750 2750 2742 2742 2742 2752 2752 2752 2756 2756 2756 2752 2752 2752 2742 2742 2742 2752 2752 2752 2756 2756 2756 2754 2754 2754 2757 2757 2757 2754 2754 2754 2756 2756 2756 2754 2754 2754 2757 2757 2757 2755 2755 2755 2758 2758 2758 2755 2755 2755 2757 2757 2757 1734 1734 1734 2758 2758 2758 1735 1735 1735 2757 2757 2757 1735 1735 1735 2758 2758 2758 1735 1735 1735 2757 2757 2757 2759 2759 2759 2756 2756 2756 2759 2759 2759 2757 2757 2757 2759 2759 2759 2756 2756 2756 2743 2743 2743 2742 2742 2742 2743 2743 2743 2756 2756 2756 2743 2743 2743 2742 2742 2742 2735 2735 2735 1651 1651 1651 2735 2735 2735 2742 2742 2742 2735 2735 2735 1651 1651 1651 2732 2732 2732 1653 1653 1653 2732 2732 2732 1651 1651 1651 2732 2732 2732 1653 1653 1653 2733 2733 2733 1645 1645 1645 1646 1646 1646 1643 1643 1643 2760 2760 2760 1643 1643 1643 1646 1646 1646 1643 1643 1643 2760 2760 2760 1883 1883 1883 2761 2761 2761 1883 1883 1883 2760 2760 2760 1883 1883 1883 2761 2761 2761 1885 1885 1885 2762 2762 2762 1885 1885 1885 2761 2761 2761 1885 1885 1885 2762 2762 2762 1887 1887 1887 2763 2763 2763 1887 1887 1887 2762 2762 2762 1887 1887 1887 2763 2763 2763 1889 1889 1889 2764 2764 2764 1889 1889 1889 2763 2763 2763 1889 1889 1889 2764 2764 2764 1994 1994 1994 2765 2765 2765 1994 1994 1994 2764 2764 2764 1994 1994 1994 2765 2765 2765 1993 1993 1993 1914 1914 1914 1993 1993 1993 2765 2765 2765 1993 1993 1993 1914 1914 1914 1909 1909 1909 1916 1916 1916 1909 1909 1909 1914 1914 1914 1909 1909 1909 1916 1916 1916 1910 1910 1910 1918 1918 1918 1910 1910 1910 1916 1916 1916 1910 1910 1910 1918 1918 1918 1912 1912 1912 2766 2766 2766 1912 1912 1912 1918 1918 1918 1912 1912 1912 2766 2766 2766 1931 1931 1931 2767 2767 2767 1931 1931 1931 2766 2766 2766 1931 1931 1931 2767 2767 2767 1930 1930 1930 2242 2242 2242 2239 2239 2239 2240 2240 2240 2238 2238 2238 2240 2240 2240 2239 2239 2239 2240 2240 2240 2238 2238 2238 2233 2233 2233 1736 1736 1736 2233 2233 2233 2238 2238 2238 2233 2233 2233 1736 1736 1736 2225 2225 2225 1735 1735 1735 2225 2225 2225 1736 1736 1736 2225 2225 2225 1735 1735 1735 2224 2224 2224 2759 2759 2759 2224 2224 2224 1735 1735 1735 2224 2224 2224 2759 2759 2759 2222 2222 2222 2743 2743 2743 2222 2222 2222 2759 2759 2759 2222 2222 2222 2743 2743 2743 2236 2236 2236 2744 2744 2744 2236 2236 2236 2743 2743 2743 2236 2236 2236 2744 2744 2744 2232 2232 2232 2745 2745 2745 2232 2232 2232 2744 2744 2744 2232 2232 2232 2745 2745 2745 2226 2226 2226 2746 2746 2746 2226 2226 2226 2745 2745 2745 2226 2226 2226 2746 2746 2746 2220 2220 2220 2747 2747 2747 2220 2220 2220 2746 2746 2746 2220 2220 2220 2747 2747 2747 1737 1737 1737 2748 2748 2748 1737 1737 1737 2747 2747 2747 1737 1737 1737 2748 2748 2748 1738 1738 1738 2714 2714 2714 1738 1738 1738 2748 2748 2748 1738 1738 1738 2714 2714 2714 2218 2218 2218 2715 2715 2715 2218 2218 2218 2714 2714 2714 2218 2218 2218 2715 2715 2715 2219 2219 2219 2716 2716 2716 2219 2219 2219 2715 2715 2715 2219 2219 2219 2716 2716 2716 2197 2197 2197 2717 2717 2717 2197 2197 2197 2716 2716 2716 2197 2197 2197 2717 2717 2717 2198 2198 2198 2718 2718 2718 2198 2198 2198 2717 2717 2717 2198 2198 2198 2718 2718 2718 1742 1742 1742 2719 2719 2719 1742 1742 1742 2718 2718 2718 1742 1742 1742 2719 2719 2719 1743 1743 1743 2713 2713 2713 1743 1743 1743 2719 2719 2719 1743 1743 1743 2713 2713 2713 2208 2208 2208 2711 2711 2711 2208 2208 2208 2713 2713 2713 2208 2208 2208 2711 2711 2711 2210 2210 2210 2710 2710 2710 2210 2210 2210 2711 2711 2711 2210 2210 2210 2710 2710 2710 2212 2212 2212 2709 2709 2709 2212 2212 2212 2710 2710 2710 2117 2117 2117 1997 1997 1997 2145 2145 2145 1996 1996 1996 2145 2145 2145 1997 1997 1997 2145 2145 2145 1996 1996 1996 2152 2152 2152 2179 2179 2179 2152 2152 2152 1996 1996 1996 2152 2152 2152 2179 2179 2179 2153 2153 2153 2166 2166 2166 2153 2153 2153 2179 2179 2179 2153 2153 2153 2166 2166 2166 2154 2154 2154 2165 2165 2165 2154 2154 2154 2166 2166 2166 2154 2154 2154 2165 2165 2165 2155 2155 2155 2164 2164 2164 2155 2155 2155 2165 2165 2165 2155 2155 2155 2164 2164 2164 2156 2156 2156 2163 2163 2163 2156 2156 2156 2164 2164 2164 2156 2156 2156 2163 2163 2163 2768 2768 2768 2161 2161 2161 2768 2768 2768 2163 2163 2163 2768 2768 2768 2161 2161 2161 2769 2769 2769 2160 2160 2160 2769 2769 2769 2161 2161 2161 2769 2769 2769 2160 2160 2160 2770 2770 2770 2178 2178 2178 2770 2770 2770 2160 2160 2160 2770 2770 2770 2178 2178 2178 2771 2771 2771 2177 2177 2177 2771 2771 2771 2178 2178 2178 2771 2771 2771 2177 2177 2177 2772 2772 2772 2773 2773 2773 2772 2772 2772 2177 2177 2177 2773 2773 2773 2174 2174 2174 2772 2772 2772 2172 2172 2172 2772 2772 2772 2174 2174 2174 2772 2772 2772 2172 2172 2172 2771 2771 2771 2170 2170 2170 2771 2771 2771 2172 2172 2172 2771 2771 2771 2170 2170 2170 2770 2770 2770 2168 2168 2168 2770 2770 2770 2170 2170 2170 2770 2770 2770 2168 2168 2168 2769 2769 2769 2167 2167 2167 2769 2769 2769 2168 2168 2168 2769 2769 2769 2167 2167 2167 2768 2768 2768 2774 2774 2774 2768 2768 2768 2167 2167 2167 2768 2768 2768 2774 2774 2774 2156 2156 2156 2130 2130 2130 2156 2156 2156 2774 2774 2774 2156 2156 2156 2130 2130 2130 2151 2151 2151 2126 2126 2126 2151 2151 2151 2130 2130 2130 2151 2151 2151 2126 2126 2126 2150 2150 2150 2122 2122 2122 2150 2150 2150 2126 2126 2126 2150 2150 2150 2122 2122 2122 2112 2112 2112 2121 2121 2121 2112 2112 2112 2122 2122 2122 2112 2112 2112 2121 2121 2121 2111 2111 2111 2119 2119 2119 2111 2111 2111 2121 2121 2121 2111 2111 2111 2119 2119 2119 1897 1897 1897 2118 2118 2118 1897 1897 1897 2119 2119 2119 1897 1897 1897 2118 2118 2118 1896 1896 1896 1901 1901 1901 1896 1896 1896 2118 2118 2118 1896 1896 1896 1901 1901 1901 1895 1895 1895 1877 1877 1877 1895 1895 1895 1901 1901 1901 1895 1895 1895 1877 1877 1877 1894 1894 1894 1878 1878 1878 1894 1894 1894 1877 1877 1877 1894 1894 1894 1878 1878 1878 1893 1893 1893 2127 2127 2127 1893 1893 1893 1878 1878 1878 1893 1893 1893 2127 2127 2127 1776 1776 1776 2773 2773 2773 2775 2775 2775 2174 2174 2174 2776 2776 2776 2174 2174 2174 2775 2775 2775 2174 2174 2174 2776 2776 2776 2175 2175 2175 2777 2777 2777 2175 2175 2175 2776 2776 2776 2175 2175 2175 2777 2777 2777 2173 2173 2173 2778 2778 2778 2173 2173 2173 2777 2777 2777 2173 2173 2173 2778 2778 2778 2171 2171 2171 2779 2779 2779 2171 2171 2171 2778 2778 2778 2171 2171 2171 2779 2779 2779 2169 2169 2169 2780 2780 2780 2169 2169 2169 2779 2779 2779 2169 2169 2169 2780 2780 2780 2167 2167 2167 2781 2781 2781 2167 2167 2167 2780 2780 2780 2167 2167 2167 2781 2781 2781 2774 2774 2774 2782 2782 2782 2774 2774 2774 2781 2781 2781 2774 2774 2774 2782 2782 2782 2130 2130 2130 2783 2783 2783 2130 2130 2130 2782 2782 2782 2130 2130 2130 2783 2783 2783 1905 1905 1905 2784 2784 2784 1905 1905 1905 2783 2783 2783 1905 1905 1905 2784 2784 2784 1903 1903 1903 1906 1906 1906 1903 1903 1903 2784 2784 2784 1903 1903 1903 1906 1906 1906 1871 1871 1871 1908 1908 1908 1871 1871 1871 1906 1906 1906 1871 1871 1871 1908 1908 1908 1872 1872 1872 1647 1647 1647 2749 2749 2749 1646 1646 1646 2751 2751 2751 1646 1646 1646 2749 2749 2749 1646 1646 1646 2751 2751 2751 2760 2760 2760 2753 2753 2753 2760 2760 2760 2751 2751 2751 2760 2760 2760 2753 2753 2753 2761 2761 2761 2755 2755 2755 2761 2761 2761 2753 2753 2753 2761 2761 2761 2755 2755 2755 2762 2762 2762 2758 2758 2758 2762 2762 2762 2755 2755 2755 2762 2762 2762 2758 2758 2758 2763 2763 2763 1734 1734 1734 2763 2763 2763 2758 2758 2758 2763 2763 2763 1734 1734 1734 2764 2764 2764 2237 2237 2237 2764 2764 2764 1734 1734 1734 2764 2764 2764 2237 2237 2237 2765 2765 2765 2239 2239 2239 2765 2765 2765 2237 2237 2237 2765 2765 2765 2239 2239 2239 1914 1914 1914 2242 2242 2242 1914 1914 1914 2239 2239 2239 1914 1914 1914 2242 2242 2242 1915 1915 1915 2243 2243 2243 1915 1915 1915 2242 2242 2242 1915 1915 1915 2243 2243 2243 1917 1917 1917 2489 2489 2489 1917 1917 1917 2243 2243 2243 1917 1917 1917 2489 2489 2489 1918 1918 1918 2488 2488 2488 1918 1918 1918 2489 2489 2489 1918 1918 1918 2488 2488 2488 2766 2766 2766 1938 1938 1938 2766 2766 2766 2488 2488 2488 2766 2766 2766 1938 1938 1938 2767 2767 2767 1937 1937 1937 2767 2767 2767 1938 1938 1938 2767 2767 2767 1937 1937 1937 1930 1930 1930 1935 1935 1935 1930 1930 1930 1937 1937 1937 1930 1930 1930 1935 1935 1935 1928 1928 1928 1933 1933 1933 1928 1928 1928 1935 1935 1935 1928 1928 1928 1933 1933 1933 1995 1995 1995 1932 1932 1932 1995 1995 1995 1933 1933 1933 1995 1995 1995 1932 1932 1932 2116 2116 2116 1763 1763 1763 2116 2116 2116 1932 1932 1932 2116 2116 2116 1763 1763 1763 2117 2117 2117 1765 1765 1765 2117 2117 2117 1763 1763 1763 2117 2117 2117 1765 1765 1765 1997 1997 1997 2640 2640 2640 1997 1997 1997 1765 1765 1765 1997 1997 1997 2640 2640 2640 1941 1941 1941 2648 2648 2648 1941 1941 1941 2640 2640 2640 1941 1941 1941 2648 2648 2648 1939 1939 1939 2562 2562 2562 1939 1939 1939 2648 2648 2648 1939 1939 1939 2562 2562 2562 1944 1944 1944 2561 2561 2561 1944 1944 1944 2562 2562 2562 1944 1944 1944 2561 2561 2561 2572 2572 2572 2560 2560 2560 2572 2572 2572 2561 2561 2561 2572 2572 2572 2560 2560 2560 2567 2567 2567 2559 2559 2559 2567 2567 2567 2560 2560 2560 2567 2567 2567 2559 2559 2559 2568 2568 2568 2564 2564 2564 2568 2568 2568 2559 2559 2559 2568 2568 2568 2564 2564 2564 2569 2569 2569 2565 2565 2565 2569 2569 2569 2564 2564 2564 2569 2569 2569 2565 2565 2565 2570 2570 2570 2566 2566 2566 2570 2570 2570 2565 2565 2565 2570 2570 2570 2566 2566 2566 2571 2571 2571 1990 1990 1990 2571 2571 2571 2566 2566 2566 2571 2571 2571 1990 1990 1990 2011 2011 2011 1991 1991 1991 2011 2011 2011 1990 1990 1990 2011 2011 2011 1991 1991 1991 2012 2012 2012 1946 1946 1946 2012 2012 2012 1991 1991 1991 2012 2012 2012 1946 1946 1946 1761 1761 1761 1945 1945 1945 1761 1761 1761 1946 1946 1946 1761 1761 1761 1945 1945 1945 1762 1762 1762 1989 1989 1989 1762 1762 1762 1945 1945 1945 1762 1762 1762 1989 1989 1989 2023 2023 2023 1988 1988 1988 2023 2023 2023 1989 1989 1989 2023 2023 2023 1988 1988 1988 2024 2024 2024 1987 1987 1987 2024 2024 2024 1988 1988 1988 2024 2024 2024 1987 1987 1987 2025 2025 2025 1986 1986 1986 2025 2025 2025 1987 1987 1987 2025 2025 2025 1986 1986 1986 2022 2022 2022 1985 1985 1985 2022 2022 2022 1986 1986 1986 2022 2022 2022 1985 1985 1985 2014 2014 2014 1984 1984 1984 2014 2014 2014 1985 1985 1985 2014 2014 2014 1984 1984 1984 2015 2015 2015 1758 1758 1758 2015 2015 2015 1984 1984 1984 2015 2015 2015 1758 1758 1758 2017 2017 2017 1757 1757 1757 2017 2017 2017 1758 1758 1758 2017 2017 2017 1757 1757 1757 1756 1756 1756 2019 2019 2019 1756 1756 1756 1757 1757 1757 1756 1756 1756 2019 2019 2019 1755 1755 1755 2029 2029 2029 1755 1755 1755 2019 2019 2019 1755 1755 1755 2029 2029 2029 1753 1753 1753 2035 2035 2035 1753 1753 1753 2029 2029 2029 1753 1753 1753 2035 2035 2035 2026 2026 2026 2033 2033 2033 2026 2026 2026 2035 2035 2035 2026 2026 2026 2033 2033 2033 2193 2193 2193 2031 2031 2031 2193 2193 2193 2033 2033 2033 2193 2193 2193 2031 2031 2031 2090 2090 2090 2030 2030 2030 2090 2090 2090 2031 2031 2031 2090 2090 2090 2030 2030 2030 2091 2091 2091 2036 2036 2036 2091 2091 2091 2030 2030 2030 2091 2091 2091 2036 2036 2036 1751 1751 1751 2110 2110 2110 1751 1751 1751 2036 2036 2036 1751 1751 1751 2110 2110 2110 2187 2187 2187 2785 2785 2785 2786 2786 2786 2787 2787 2787 2788 2788 2788 2789 2789 2789 2790 2790 2790 2791 2791 2791 2792 2792 2792 2793 2793 2793 2794 2794 2794 2795 2795 2795 2796 2796 2796 2797 2797 2797 2798 2798 2798 2799 2799 2799 2800 2800 2800 2801 2801 2801 2802 2802 2802 2803 2803 2803 2804 2804 2804 2805 2805 2805 2806 2806 2806 2807 2807 2807 2808 2808 2808 2809 2809 2809 2810 2810 2810 2811 2811 2811 2811 2811 2811 2812 2812 2812 2813 2813 2813 2814 2814 2814 2815 2815 2815 2816 2816 2816 2817 2817 2817 2818 2818 2818 2819 2819 2819 2820 2820 2820 2821 2821 2821 2822 2822 2822 2823 2823 2823 2824 2824 2824 2825 2825 2825 2826 2826 2826 2827 2827 2827 2828 2828 2828 2829 2829 2829 2830 2830 2830 2826 2826 2826 2831 2831 2831 2826 2826 2826 2830 2830 2830 2826 2826 2826 2831 2831 2831 2827 2827 2827 2832 2832 2832 2833 2833 2833 2830 2830 2830 2834 2834 2834 2830 2830 2830 2833 2833 2833 2835 2835 2835 2836 2836 2836 2837 2837 2837 2838 2838 2838 2837 2837 2837 2836 2836 2836 2838 2838 2838 2839 2839 2839 2837 2837 2837 2840 2840 2840 2837 2837 2837 2839 2839 2839 2837 2837 2837 2840 2840 2840 2841 2841 2841 2842 2842 2842 2843 2843 2843 2844 2844 2844 2841 2841 2841 2845 2845 2845 2837 2837 2837 2846 2846 2846 2837 2837 2837 2845 2845 2845 2837 2837 2837 2846 2846 2846 2842 2842 2842 2847 2847 2847 2842 2842 2842 2846 2846 2846 2842 2842 2842 2847 2847 2847 2843 2843 2843 2848 2848 2848 2849 2849 2849 2850 2850 2850 2820 2820 2820 2822 2822 2822 2851 2851 2851 2852 2852 2852 2853 2853 2853 2817 2817 2817 2854 2854 2854 2855 2855 2855 2856 2856 2856 2857 2857 2857 2856 2856 2856 2855 2855 2855 2856 2856 2856 2857 2857 2857 2858 2858 2858 2854 2854 2854 2859 2859 2859 2855 2855 2855 2860 2860 2860 2855 2855 2855 2859 2859 2859 2855 2855 2855 2860 2860 2860 2852 2852 2852 2861 2861 2861 2852 2852 2852 2860 2860 2860 2852 2852 2852 2861 2861 2861 2853 2853 2853 2862 2862 2862 2863 2863 2863 2864 2864 2864 2863 2863 2863 2865 2865 2865 2864 2864 2864 2866 2866 2866 2864 2864 2864 2865 2865 2865 2864 2864 2864 2866 2866 2866 2862 2862 2862 2867 2867 2867 2868 2868 2868 2862 2862 2862 2869 2869 2869 2862 2862 2862 2868 2868 2868 2862 2862 2862 2869 2869 2869 2823 2823 2823 2868 2868 2868 2870 2870 2870 2869 2869 2869 2871 2871 2871 2869 2869 2869 2870 2870 2870 2869 2869 2869 2871 2871 2871 2816 2816 2816 2872 2872 2872 2816 2816 2816 2871 2871 2871 2816 2816 2816 2872 2872 2872 2814 2814 2814 2865 2865 2865 2873 2873 2873 2866 2866 2866 2874 2874 2874 2866 2866 2866 2873 2873 2873 2866 2866 2866 2874 2874 2874 2862 2862 2862 2875 2875 2875 2862 2862 2862 2874 2874 2874 2862 2862 2862 2875 2875 2875 2867 2867 2867 2876 2876 2876 2877 2877 2877 2878 2878 2878 2876 2876 2876 2879 2879 2879 2877 2877 2877 2880 2880 2880 2877 2877 2877 2879 2879 2879 2877 2877 2877 2880 2880 2880 2881 2881 2881 2844 2844 2844 2882 2882 2882 2842 2842 2842 2883 2883 2883 2842 2842 2842 2882 2882 2882 2842 2842 2842 2883 2883 2883 2884 2884 2884 2885 2885 2885 2884 2884 2884 2883 2883 2883 2886 2886 2886 2887 2887 2887 2888 2888 2888 2837 2837 2837 2888 2888 2888 2887 2887 2887 2888 2888 2888 2837 2837 2837 2889 2889 2889 2842 2842 2842 2889 2889 2889 2837 2837 2837 2889 2889 2889 2842 2842 2842 2890 2890 2890 2884 2884 2884 2890 2890 2890 2842 2842 2842 2890 2890 2890 2884 2884 2884 2886 2886 2886 2891 2891 2891 2892 2892 2892 2893 2893 2893 2894 2894 2894 2893 2893 2893 2892 2892 2892 2893 2893 2893 2894 2894 2894 2895 2895 2895 2896 2896 2896 2897 2897 2897 2898 2898 2898 2899 2899 2899 2898 2898 2898 2897 2897 2897 2899 2899 2899 2900 2900 2900 2898 2898 2898 2901 2901 2901 2898 2898 2898 2900 2900 2900 2898 2898 2898 2901 2901 2901 2894 2894 2894 2902 2902 2902 2894 2894 2894 2901 2901 2901 2894 2894 2894 2902 2902 2902 2895 2895 2895 2903 2903 2903 2904 2904 2904 2905 2905 2905 2905 2905 2905 2904 2904 2904 2906 2906 2906 2813 2813 2813 2812 2812 2812 2907 2907 2907 2809 2809 2809 2811 2811 2811 2908 2908 2908 2813 2813 2813 2908 2908 2908 2811 2811 2811 2908 2908 2908 2813 2813 2813 2909 2909 2909 2907 2907 2907 2909 2909 2909 2813 2813 2813 2909 2909 2909 2907 2907 2907 2910 2910 2910 2911 2911 2911 2909 2909 2909 2912 2912 2912 2910 2910 2910 2912 2912 2912 2909 2909 2909 2912 2912 2912 2910 2910 2910 2913 2913 2913 2914 2914 2914 2915 2915 2915 2911 2911 2911 2916 2916 2916 2911 2911 2911 2915 2915 2915 2911 2911 2911 2916 2916 2916 2909 2909 2909 2917 2917 2917 2909 2909 2909 2916 2916 2916 2909 2909 2909 2917 2917 2917 2908 2908 2908 2918 2918 2918 2908 2908 2908 2917 2917 2917 2908 2908 2908 2918 2918 2918 2809 2809 2809 2919 2919 2919 2920 2920 2920 2921 2921 2921 2922 2922 2922 2921 2921 2921 2920 2920 2920 2921 2921 2921 2922 2922 2922 2923 2923 2923 2924 2924 2924 2923 2923 2923 2922 2922 2922 2925 2925 2925 2926 2926 2926 2927 2927 2927 2925 2925 2925 2927 2927 2927 2928 2928 2928 2929 2929 2929 2928 2928 2928 2927 2927 2927 2928 2928 2928 2929 2929 2929 2930 2930 2930 2931 2931 2931 2930 2930 2930 2929 2929 2929 2930 2930 2930 2931 2931 2931 2932 2932 2932 2933 2933 2933 2932 2932 2932 2931 2931 2931 2932 2932 2932 2933 2933 2933 2934 2934 2934 2935 2935 2935 2934 2934 2934 2933 2933 2933 2934 2934 2934 2935 2935 2935 2936 2936 2936 2937 2937 2937 2936 2936 2936 2935 2935 2935 2936 2936 2936 2937 2937 2937 2938 2938 2938 2938 2938 2938 2914 2914 2914 2936 2936 2936 2911 2911 2911 2936 2936 2936 2914 2914 2914 2936 2936 2936 2911 2911 2911 2934 2934 2934 2912 2912 2912 2934 2934 2934 2911 2911 2911 2934 2934 2934 2912 2912 2912 2932 2932 2932 2913 2913 2913 2932 2932 2932 2912 2912 2912 2932 2932 2932 2913 2913 2913 2930 2930 2930 2939 2939 2939 2930 2930 2930 2913 2913 2913 2930 2930 2930 2939 2939 2939 2928 2928 2928 2919 2919 2919 2928 2928 2928 2939 2939 2939 2928 2928 2928 2919 2919 2919 2925 2925 2925 2921 2921 2921 2925 2925 2925 2919 2919 2919 2925 2925 2925 2921 2921 2921 2926 2926 2926 2923 2923 2923 2926 2926 2926 2921 2921 2921 2940 2940 2940 2941 2941 2941 2942 2942 2942 2943 2943 2943 2942 2942 2942 2941 2941 2941 2944 2944 2944 2945 2945 2945 2946 2946 2946 2787 2787 2787 2946 2946 2946 2945 2945 2945 2947 2947 2947 2948 2948 2948 2949 2949 2949 2950 2950 2950 2949 2949 2949 2948 2948 2948 2949 2949 2949 2950 2950 2950 2946 2946 2946 2951 2951 2951 2946 2946 2946 2950 2950 2950 2946 2946 2946 2951 2951 2951 2944 2944 2944 2952 2952 2952 2953 2953 2953 2954 2954 2954 2955 2955 2955 2954 2954 2954 2953 2953 2953 2954 2954 2954 2955 2955 2955 2956 2956 2956 2957 2957 2957 2956 2956 2956 2955 2955 2955 2956 2956 2956 2957 2957 2957 2958 2958 2958 2947 2947 2947 2958 2958 2958 2957 2957 2957 2958 2958 2958 2947 2947 2947 2959 2959 2959 2949 2949 2949 2959 2959 2959 2947 2947 2947 2803 2803 2803 2960 2960 2960 2961 2961 2961 2803 2803 2803 2961 2961 2961 2804 2804 2804 2962 2962 2962 2804 2804 2804 2961 2961 2961 2804 2804 2804 2962 2962 2962 2805 2805 2805 2886 2886 2886 2884 2884 2884 2887 2887 2887 2963 2963 2963 2887 2887 2887 2884 2884 2884 2887 2887 2887 2963 2963 2963 2964 2964 2964 2965 2965 2965 2964 2964 2964 2963 2963 2963 2964 2964 2964 2965 2965 2965 2966 2966 2966 2885 2885 2885 2967 2967 2967 2884 2884 2884 2881 2881 2881 2884 2884 2884 2967 2967 2967 2884 2884 2884 2881 2881 2881 2963 2963 2963 2880 2880 2880 2963 2963 2963 2881 2881 2881 2963 2963 2963 2880 2880 2880 2965 2965 2965 2879 2879 2879 2965 2965 2965 2880 2880 2880 2965 2965 2965 2879 2879 2879 2862 2862 2862 2876 2876 2876 2862 2862 2862 2879 2879 2879 2862 2862 2862 2876 2876 2876 2863 2863 2863 2878 2878 2878 2863 2863 2863 2876 2876 2876 2863 2863 2863 2878 2878 2878 2865 2865 2865 2968 2968 2968 2969 2969 2969 2970 2970 2970 2799 2799 2799 2970 2970 2970 2969 2969 2969 2970 2970 2970 2799 2799 2799 2962 2962 2962 2971 2971 2971 2962 2962 2962 2799 2799 2799 2962 2962 2962 2971 2971 2971 2805 2805 2805 2972 2972 2972 2968 2968 2968 2966 2966 2966 2970 2970 2970 2966 2966 2966 2968 2968 2968 2966 2966 2966 2970 2970 2970 2964 2964 2964 2962 2962 2962 2964 2964 2964 2970 2970 2970 2964 2964 2964 2962 2962 2962 2887 2887 2887 2961 2961 2961 2887 2887 2887 2962 2962 2962 2887 2887 2887 2961 2961 2961 2837 2837 2837 2960 2960 2960 2837 2837 2837 2961 2961 2961 2837 2837 2837 2960 2960 2960 2973 2973 2973 2807 2807 2807 2806 2806 2806 2974 2974 2974 2975 2975 2975 2974 2974 2974 2806 2806 2806 2974 2974 2974 2975 2975 2975 2976 2976 2976 2977 2977 2977 2976 2976 2976 2975 2975 2975 2976 2976 2976 2977 2977 2977 2978 2978 2978 2979 2979 2979 2978 2978 2978 2977 2977 2977 2978 2978 2978 2979 2979 2979 2980 2980 2980 2981 2981 2981 2980 2980 2980 2979 2979 2979 2980 2980 2980 2981 2981 2981 2982 2982 2982 2983 2983 2983 2982 2982 2982 2981 2981 2981 2982 2982 2982 2983 2983 2983 2984 2984 2984 2975 2975 2975 2800 2800 2800 2977 2977 2977 2802 2802 2802 2977 2977 2977 2800 2800 2800 2977 2977 2977 2802 2802 2802 2979 2979 2979 2985 2985 2985 2979 2979 2979 2802 2802 2802 2979 2979 2979 2985 2985 2985 2981 2981 2981 2986 2986 2986 2981 2981 2981 2985 2985 2985 2981 2981 2981 2986 2986 2986 2983 2983 2983 2987 2987 2987 2988 2988 2988 2969 2969 2969 2989 2989 2989 2969 2969 2969 2988 2988 2988 2969 2969 2969 2989 2989 2989 2799 2799 2799 2990 2990 2990 2799 2799 2799 2989 2989 2989 2799 2799 2799 2990 2990 2990 2797 2797 2797 2834 2834 2834 2833 2833 2833 2823 2823 2823 2832 2832 2832 2823 2823 2823 2833 2833 2833 2823 2823 2823 2832 2832 2832 2824 2824 2824 2830 2830 2830 2824 2824 2824 2832 2832 2832 2824 2824 2824 2830 2830 2830 2825 2825 2825 2829 2829 2829 2825 2825 2825 2830 2830 2830 2825 2825 2825 2829 2829 2829 2823 2823 2823 2826 2826 2826 2823 2823 2823 2829 2829 2829 2823 2823 2823 2826 2826 2826 2862 2862 2862 2828 2828 2828 2862 2862 2862 2826 2826 2826 2862 2862 2862 2828 2828 2828 2965 2965 2965 2830 2830 2830 2965 2965 2965 2828 2828 2828 2965 2965 2965 2830 2830 2830 2966 2966 2966 2834 2834 2834 2966 2966 2966 2830 2830 2830 2966 2966 2966 2834 2834 2834 2972 2972 2972 2823 2823 2823 2972 2972 2972 2834 2834 2834 2972 2972 2972 2823 2823 2823 2968 2968 2968 2991 2991 2991 2968 2968 2968 2823 2823 2823 2968 2968 2968 2991 2991 2991 2969 2969 2969 2992 2992 2992 2969 2969 2969 2991 2991 2991 2969 2969 2969 2992 2992 2992 2987 2987 2987 2993 2993 2993 2986 2986 2986 2994 2994 2994 2985 2985 2985 2994 2994 2994 2986 2986 2986 2994 2994 2994 2985 2985 2985 2995 2995 2995 2802 2802 2802 2995 2995 2995 2985 2985 2985 2995 2995 2995 2802 2802 2802 2996 2996 2996 2801 2801 2801 2996 2996 2996 2802 2802 2802 2996 2996 2996 2801 2801 2801 2997 2997 2997 2835 2835 2835 2837 2837 2837 2850 2850 2850 2973 2973 2973 2850 2850 2850 2837 2837 2837 2850 2850 2850 2973 2973 2973 2848 2848 2848 2960 2960 2960 2848 2848 2848 2973 2973 2973 2848 2848 2848 2960 2960 2960 2808 2808 2808 2803 2803 2803 2808 2808 2808 2960 2960 2960 2808 2808 2808 2803 2803 2803 2806 2806 2806 2805 2805 2805 2806 2806 2806 2803 2803 2803 2806 2806 2806 2805 2805 2805 2975 2975 2975 2971 2971 2971 2975 2975 2975 2805 2805 2805 2975 2975 2975 2971 2971 2971 2800 2800 2800 2799 2799 2799 2800 2800 2800 2971 2971 2971 2800 2800 2800 2799 2799 2799 2801 2801 2801 2798 2798 2798 2801 2801 2801 2799 2799 2799 2801 2801 2801 2798 2798 2798 2997 2997 2997 2998 2998 2998 2999 2999 2999 3000 3000 3000 3001 3001 3001 3000 3000 3000 2999 2999 2999 3000 3000 3000 3001 3001 3001 3002 3002 3002 3003 3003 3003 3002 3002 3002 3001 3001 3001 3002 3002 3002 3003 3003 3003 3004 3004 3004 3004 3004 3004 3005 3005 3005 3002 3002 3002 3006 3006 3006 3002 3002 3002 3005 3005 3005 3002 3002 3002 3006 3006 3006 3007 3007 3007 3008 3008 3008 3007 3007 3007 3006 3006 3006 3007 3007 3007 3008 3008 3008 3009 3009 3009 3010 3010 3010 3009 3009 3009 3008 3008 3008 3009 3009 3009 3010 3010 3010 3011 3011 3011 3012 3012 3012 3011 3011 3011 3010 3010 3010 3005 3005 3005 3013 3013 3013 3006 3006 3006 3014 3014 3014 3006 3006 3006 3013 3013 3013 3006 3006 3006 3014 3014 3014 3008 3008 3008 3015 3015 3015 3008 3008 3008 3014 3014 3014 3008 3008 3008 3015 3015 3015 3010 3010 3010 2993 2993 2993 2998 2998 2998 2986 2986 2986 3000 3000 3000 2986 2986 2986 2998 2998 2998 2986 2986 2986 3000 3000 3000 2983 2983 2983 3002 3002 3002 2983 2983 2983 3000 3000 3000 2983 2983 2983 3002 3002 3002 2984 2984 2984 3007 3007 3007 2984 2984 2984 3002 3002 3002 2940 2940 2940 2942 2942 2942 3011 3011 3011 3016 3016 3016 3011 3011 3011 2942 2942 2942 3011 3011 3011 3016 3016 3016 3009 3009 3009 3017 3017 3017 3009 3009 3009 3016 3016 3016 3009 3009 3009 3017 3017 3017 3007 3007 3007 3018 3018 3018 3007 3007 3007 3017 3017 3017 3007 3007 3007 3018 3018 3018 2984 2984 2984 3019 3019 3019 2984 2984 2984 3018 3018 3018 2984 2984 2984 3019 3019 3019 2982 2982 2982 3020 3020 3020 3021 3021 3021 3022 3022 3022 3023 3023 3023 3022 3022 3022 3021 3021 3021 3022 3022 3022 3023 3023 3023 2852 2852 2852 3024 3024 3024 2852 2852 2852 3023 3023 3023 2852 2852 2852 3024 3024 3024 2855 2855 2855 3025 3025 3025 3026 3026 3026 3027 3027 3027 3028 3028 3028 3029 3029 3029 3030 3030 3030 3025 3025 3025 3030 3030 3030 3029 3029 3029 3030 3030 3030 3025 3025 3025 3031 3031 3031 3027 3027 3027 3031 3031 3031 3025 3025 3025 3028 3028 3028 3032 3032 3032 3029 3029 3029 3033 3033 3033 3029 3029 3029 3032 3032 3032 3029 3029 3029 3033 3033 3033 3022 3022 3022 3034 3034 3034 3022 3022 3022 3033 3033 3033 3022 3022 3022 3034 3034 3034 3020 3020 3020 3035 3035 3035 3036 3036 3036 3037 3037 3037 3038 3038 3038 3037 3037 3037 3036 3036 3036 3037 3037 3037 3038 3038 3038 3039 3039 3039 2819 2819 2819 3039 3039 3039 3038 3038 3038 3039 3039 3039 2819 2819 2819 2822 2822 2822 2818 2818 2818 2822 2822 2822 2819 2819 2819 2822 2822 2822 2818 2818 2818 2851 2851 2851 3040 3040 3040 3035 3035 3035 3041 3041 3041 3042 3042 3042 3041 3041 3041 3035 3035 3035 3041 3041 3041 3042 3042 3042 3043 3043 3043 2817 2817 2817 2819 2819 2819 2852 2852 2852 3038 3038 3038 2852 2852 2852 2819 2819 2819 2852 2852 2852 3038 3038 3038 3022 3022 3022 3036 3036 3036 3022 3022 3022 3038 3038 3038 3022 3022 3022 3036 3036 3036 3029 3029 3029 3035 3035 3035 3029 3029 3029 3036 3036 3036 3029 3029 3029 3035 3035 3035 3025 3025 3025 3040 3040 3040 3025 3025 3025 3035 3035 3035 3025 3025 3025 3040 3040 3040 3026 3026 3026 2795 2795 2795 2794 2794 2794 3044 3044 3044 3045 3045 3045 3044 3044 3044 2794 2794 2794 3044 3044 3044 3045 3045 3045 3046 3046 3046 3047 3047 3047 3048 3048 3048 3049 3049 3049 3050 3050 3050 3049 3049 3049 3048 3048 3048 3049 3049 3049 3050 3050 3050 3051 3051 3051 3052 3052 3052 3051 3051 3051 3050 3050 3050 3051 3051 3051 3052 3052 3052 3053 3053 3053 3054 3054 3054 3053 3053 3053 3052 3052 3052 3053 3053 3053 3054 3054 3054 2796 2796 2796 3055 3055 3055 2796 2796 2796 3054 3054 3054 2796 2796 2796 3055 3055 3055 2794 2794 2794 3056 3056 3056 2794 2794 2794 3055 3055 3055 2794 2794 2794 3056 3056 3056 3045 3045 3045 3057 3057 3057 3058 3058 3058 3059 3059 3059 3060 3060 3060 3059 3059 3059 3058 3058 3058 3059 3059 3059 3060 3060 3060 3061 3061 3061 3062 3062 3062 3063 3063 3063 3064 3064 3064 3057 3057 3057 3064 3064 3064 3063 3063 3063 3064 3064 3064 3057 3057 3057 3065 3065 3065 3059 3059 3059 3065 3065 3065 3057 3057 3057 3065 3065 3065 3059 3059 3059 2791 2791 2791 3061 3061 3061 2791 2791 2791 3059 3059 3059 2791 2791 2791 3061 3061 3061 2792 2792 2792 3065 3065 3065 3066 3066 3066 3064 3064 3064 3067 3067 3067 3064 3064 3064 3066 3066 3066 3064 3064 3064 3067 3067 3067 2892 2892 2892 3068 3068 3068 2892 2892 2892 3067 3067 3067 2892 2892 2892 3068 3068 3068 2894 2894 2894 3069 3069 3069 2894 2894 2894 3068 3068 3068 2894 2894 2894 3069 3069 3069 2898 2898 2898 2906 2906 2906 2898 2898 2898 3069 3069 3069 2898 2898 2898 2906 2906 2906 2896 2896 2896 2904 2904 2904 2896 2896 2896 2906 2906 2906 2891 2891 2891 3070 3070 3070 2892 2892 2892 3071 3071 3071 2892 2892 2892 3070 3070 3070 2892 2892 2892 3071 3071 3071 3064 3064 3064 3072 3072 3072 3064 3064 3064 3071 3071 3071 3064 3064 3064 3072 3072 3072 3062 3062 3062 2811 2811 2811 3073 3073 3073 2812 2812 2812 2903 2903 2903 2812 2812 2812 3073 3073 3073 2812 2812 2812 2903 2903 2903 2907 2907 2907 2905 2905 2905 2907 2907 2907 2903 2903 2903 2907 2907 2907 2905 2905 2905 2910 2910 2910 2906 2906 2906 2910 2910 2910 2905 2905 2905 2910 2910 2910 2906 2906 2906 2913 2913 2913 3069 3069 3069 2913 2913 2913 2906 2906 2906 2913 2913 2913 3069 3069 3069 2939 2939 2939 3068 3068 3068 2939 2939 2939 3069 3069 3069 2939 2939 2939 3068 3068 3068 2919 2919 2919 3067 3067 3067 2919 2919 2919 3068 3068 3068 2919 2919 2919 3067 3067 3067 2920 2920 2920 3066 3066 3066 2920 2920 2920 3067 3067 3067 2790 2790 2790 3074 3074 3074 2788 2788 2788 3075 3075 3075 2788 2788 2788 3074 3074 3074 2788 2788 2788 3075 3075 3075 3076 3076 3076 3077 3077 3077 3076 3076 3076 3075 3075 3075 3076 3076 3076 3077 3077 3077 3046 3046 3046 3078 3078 3078 3046 3046 3046 3077 3077 3077 3046 3046 3046 3078 3078 3078 3044 3044 3044 3079 3079 3079 3044 3044 3044 3078 3078 3078 3044 3044 3044 3079 3079 3079 2795 2795 2795 3048 3048 3048 3080 3080 3080 3050 3050 3050 3081 3081 3081 3050 3050 3050 3080 3080 3080 3050 3050 3050 3081 3081 3081 3052 3052 3052 3082 3082 3082 3052 3052 3052 3081 3081 3081 3052 3052 3052 3082 3082 3082 3054 3054 3054 3083 3083 3083 3054 3054 3054 3082 3082 3082 3054 3054 3054 3083 3083 3083 3055 3055 3055 3084 3084 3084 3055 3055 3055 3083 3083 3083 3055 3055 3055 3084 3084 3084 3056 3056 3056 3085 3085 3085 3056 3056 3056 3084 3084 3084 3056 3056 3056 3085 3085 3085 3045 3045 3045 3086 3086 3086 3045 3045 3045 3085 3085 3085 3045 3045 3045 3086 3086 3086 3046 3046 3046 3087 3087 3087 3046 3046 3046 3086 3086 3086 3046 3046 3046 3087 3087 3087 3076 3076 3076 3088 3088 3088 3076 3076 3076 3087 3087 3087 3076 3076 3076 3088 3088 3088 2788 2788 2788 3089 3089 3089 2789 2789 2789 3090 3090 3090 2788 2788 2788 3090 3090 3090 2789 2789 2789 3090 3090 3090 2788 2788 2788 3091 3091 3091 3088 3088 3088 3091 3091 3091 2788 2788 2788 2821 2821 2821 3047 3047 3047 2822 2822 2822 3049 3049 3049 2822 2822 2822 3047 3047 3047 2822 2822 2822 3049 3049 3049 3039 3039 3039 3051 3051 3051 3039 3039 3039 3049 3049 3049 3039 3039 3039 3051 3051 3051 3037 3037 3037 3053 3053 3053 3037 3037 3037 3051 3051 3051 3037 3037 3037 3053 3053 3053 3035 3035 3035 2796 2796 2796 3035 3035 3035 3053 3053 3053 3035 3035 3035 2796 2796 2796 3042 3042 3042 2795 2795 2795 3042 3042 3042 2796 2796 2796 3042 3042 3042 2795 2795 2795 3092 3092 3092 3079 3079 3079 3092 3092 3092 2795 2795 2795 3092 3092 3092 3079 3079 3079 3093 3093 3093 3078 3078 3078 3093 3093 3093 3079 3079 3079 3093 3093 3093 3078 3078 3078 3094 3094 3094 3077 3077 3077 3094 3094 3094 3078 3078 3078 3094 3094 3094 3077 3077 3077 3095 3095 3095 3075 3075 3075 3095 3095 3095 3077 3077 3077 3095 3095 3095 3075 3075 3075 3096 3096 3096 3074 3074 3074 3096 3096 3096 3075 3075 3075 3096 3096 3096 3074 3074 3074 3097 3097 3097 2790 2790 2790 3097 3097 3097 3074 3074 3074 3097 3097 3097 2790 2790 2790 3098 3098 3098 2789 2789 2789 3098 3098 3098 2790 2790 2790 3098 3098 3098 2789 2789 2789 3099 3099 3099 3089 3089 3089 3099 3099 3099 2789 2789 2789 3099 3099 3099 3089 3089 3089 3100 3100 3100 3043 3043 3043 3042 3042 3042 3101 3101 3101 3092 3092 3092 3101 3101 3101 3042 3042 3042 3101 3101 3101 3092 3092 3092 3102 3102 3102 3093 3093 3093 3102 3102 3102 3092 3092 3092 3102 3102 3102 3093 3093 3093 3103 3103 3103 3094 3094 3094 3103 3103 3103 3093 3093 3093 3103 3103 3103 3094 3094 3094 2793 2793 2793 3095 3095 3095 2793 2793 2793 3094 3094 3094 2793 2793 2793 3095 3095 3095 2791 2791 2791 3096 3096 3096 2791 2791 2791 3095 3095 3095 2791 2791 2791 3096 3096 3096 3065 3065 3065 3097 3097 3097 3065 3065 3065 3096 3096 3096 3065 3065 3065 3097 3097 3097 3066 3066 3066 3098 3098 3098 3066 3066 3066 3097 3097 3097 3066 3066 3066 3098 3098 3098 2920 2920 2920 3099 3099 3099 2920 2920 2920 3098 3098 3098 2920 2920 2920 3099 3099 3099 2922 2922 2922 3100 3100 3100 2922 2922 2922 3099 3099 3099 2922 2922 2922 3100 3100 3100 2924 2924 2924 3104 3104 3104 2785 2785 2785 3105 3105 3105 2787 2787 2787 3105 3105 3105 2785 2785 2785 3105 3105 3105 2787 2787 2787 3106 3106 3106 2945 2945 2945 3106 3106 3106 2787 2787 2787 2924 2924 2924 2954 2954 2954 2923 2923 2923 2956 2956 2956 2923 2923 2923 2954 2954 2954 2923 2923 2923 2956 2956 2956 2926 2926 2926 2958 2958 2958 2926 2926 2926 2956 2956 2956 2926 2926 2926 2958 2958 2958 2927 2927 2927 2959 2959 2959 2927 2927 2927 2958 2958 2958 2927 2927 2927 2959 2959 2959 2929 2929 2929 2949 2949 2949 2929 2929 2929 2959 2959 2959 2929 2929 2929 2949 2949 2949 2931 2931 2931 2946 2946 2946 2931 2931 2931 2949 2949 2949 2931 2931 2931 2946 2946 2946 2933 2933 2933 2787 2787 2787 2933 2933 2933 2946 2946 2946 2933 2933 2933 2787 2787 2787 2935 2935 2935 2786 2786 2786 2935 2935 2935 2787 2787 2787 2935 2935 2935 2786 2786 2786 2937 2937 2937 3012 3012 3012 3107 3107 3107 3011 3011 3011 3108 3108 3108 3011 3011 3011 3107 3107 3107 3011 3011 3011 3108 3108 3108 2940 2940 2940 3109 3109 3109 2940 2940 2940 3108 3108 3108 2940 2940 2940 3109 3109 3109 2941 2941 2941 3080 3080 3080 2849 2849 2849 3081 3081 3081 2848 2848 2848 3081 3081 3081 2849 2849 2849 3081 3081 3081 2848 2848 2848 3082 3082 3082 2808 2808 2808 3082 3082 3082 2848 2848 2848 3082 3082 3082 2808 2808 2808 3083 3083 3083 2807 2807 2807 3083 3083 3083 2808 2808 2808 3083 3083 3083 2807 2807 2807 3084 3084 3084 2974 2974 2974 3084 3084 3084 2807 2807 2807 3084 3084 3084 2974 2974 2974 3085 3085 3085 2976 2976 2976 3085 3085 3085 2974 2974 2974 3085 3085 3085 2976 2976 2976 3086 3086 3086 2978 2978 2978 3086 3086 3086 2976 2976 2976 3086 3086 3086 2978 2978 2978 3087 3087 3087 2980 2980 2980 3087 3087 3087 2978 2978 2978 3087 3087 3087 2980 2980 2980 3088 3088 3088 2982 2982 2982 3088 3088 3088 2980 2980 2980 3088 3088 3088 2982 2982 2982 3091 3091 3091 3019 3019 3019 3091 3091 3091 2982 2982 2982 3091 3091 3091 3019 3019 3019 3090 3090 3090 3018 3018 3018 3090 3090 3090 3019 3019 3019 3090 3090 3090 3018 3018 3018 3089 3089 3089 3017 3017 3017 3089 3089 3089 3018 3018 3018 3089 3089 3089 3017 3017 3017 3100 3100 3100 3016 3016 3016 3100 3100 3100 3017 3017 3017 3100 3100 3100 3016 3016 3016 2924 2924 2924 2942 2942 2942 2924 2924 2924 3016 3016 3016 2924 2924 2924 2942 2942 2942 2954 2954 2954 2943 2943 2943 2954 2954 2954 2942 2942 2942 2954 2954 2954 2943 2943 2943 2952 2952 2952 3110 3110 3110 3111 3111 3111 3112 3112 3112 3113 3113 3113 3112 3112 3112 3111 3111 3111 3112 3112 3112 3113 3113 3113 3114 3114 3114 3115 3115 3115 3114 3114 3114 3113 3113 3113 3114 3114 3114 3115 3115 3115 3116 3116 3116 3117 3117 3117 3116 3116 3116 3115 3115 3115 3116 3116 3116 3117 3117 3117 3118 3118 3118 3119 3119 3119 3120 3120 3120 3121 3121 3121 3122 3122 3122 3123 3123 3123 3124 3124 3124 3123 3123 3123 3125 3125 3125 3124 3124 3124 3126 3126 3126 3124 3124 3124 3125 3125 3125 3124 3124 3124 3126 3126 3126 3110 3110 3110 3127 3127 3127 3110 3110 3110 3126 3126 3126 3110 3110 3110 3127 3127 3127 3111 3111 3111 3128 3128 3128 3129 3129 3129 3130 3130 3130 3130 3130 3130 3119 3119 3119 3128 3128 3128 3121 3121 3121 3128 3128 3128 3119 3119 3119 3128 3128 3128 3121 3121 3121 3124 3124 3124 3131 3131 3131 3124 3124 3124 3121 3121 3121 3124 3124 3124 3131 3131 3131 3122 3122 3122 3132 3132 3132 3133 3133 3133 3134 3134 3134 3135 3135 3135 3136 3136 3136 3137 3137 3137 3138 3138 3138 3139 3139 3139 3140 3140 3140 3138 3138 3138 3140 3140 3140 3141 3141 3141 3139 3139 3139 3142 3142 3142 3140 3140 3140 3143 3143 3143 3140 3140 3140 3142 3142 3142 3140 3140 3140 3143 3143 3143 3144 3144 3144 3145 3145 3145 3144 3144 3144 3143 3143 3143 3146 3146 3146 3147 3147 3147 3148 3148 3148 3144 3144 3144 3148 3148 3148 3147 3147 3147 3148 3148 3148 3144 3144 3144 3149 3149 3149 3145 3145 3145 3149 3149 3149 3144 3144 3144 3141 3141 3141 3140 3140 3140 3150 3150 3150 3151 3151 3151 3150 3150 3150 3140 3140 3140 3150 3150 3150 3151 3151 3151 3152 3152 3152 3153 3153 3153 3154 3154 3154 3155 3155 3155 3156 3156 3156 3155 3155 3155 3154 3154 3154 3155 3155 3155 3156 3156 3156 3157 3157 3157 3158 3158 3158 3159 3159 3159 3160 3160 3160 3160 3160 3160 3161 3161 3161 3158 3158 3158 3162 3162 3162 3158 3158 3158 3161 3161 3161 3158 3158 3158 3162 3162 3162 3157 3157 3157 3144 3144 3144 3157 3157 3157 3162 3162 3162 3157 3157 3157 3144 3144 3144 3155 3155 3155 3147 3147 3147 3155 3155 3155 3144 3144 3144 3155 3155 3155 3147 3147 3147 3153 3153 3153 3163 3163 3163 3164 3164 3164 3165 3165 3165 3166 3166 3166 3165 3165 3165 3164 3164 3164 3165 3165 3165 3166 3166 3166 3158 3158 3158 3167 3167 3167 3158 3158 3158 3166 3166 3166 3158 3158 3158 3167 3167 3167 3159 3159 3159 3168 3168 3168 3169 3169 3169 3170 3170 3170 3171 3171 3171 3170 3170 3170 3169 3169 3169 3171 3171 3171 3172 3172 3172 3170 3170 3170 3173 3173 3173 3170 3170 3170 3172 3172 3172 3170 3170 3170 3173 3173 3173 3174 3174 3174 3165 3165 3165 3168 3168 3168 3163 3163 3163 3170 3170 3170 3163 3163 3163 3168 3168 3168 3163 3163 3163 3170 3170 3170 3175 3175 3175 3176 3176 3176 3175 3175 3175 3170 3170 3170 3175 3175 3175 3176 3176 3176 3134 3134 3134 3177 3177 3177 3134 3134 3134 3176 3176 3176 3134 3134 3134 3177 3177 3177 3132 3132 3132 3178 3178 3178 3179 3179 3179 3180 3180 3180 3180 3180 3180 3181 3181 3181 3178 3178 3178 3182 3182 3182 3178 3178 3178 3181 3181 3181 3178 3178 3178 3182 3182 3182 3183 3183 3183 3184 3184 3184 3185 3185 3185 3150 3150 3150 3184 3184 3184 3150 3150 3150 3178 3178 3178 3186 3186 3186 3179 3179 3179 3187 3187 3187 3178 3178 3178 3187 3187 3187 3179 3179 3179 3187 3187 3187 3178 3178 3178 3137 3137 3137 3150 3150 3150 3137 3137 3137 3178 3178 3178 3137 3137 3137 3150 3150 3150 3135 3135 3135 3152 3152 3152 3135 3135 3135 3150 3150 3150 3185 3185 3185 3188 3188 3188 3150 3150 3150 3189 3189 3189 3150 3150 3150 3188 3188 3188 3150 3150 3150 3189 3189 3189 3190 3190 3190 3191 3191 3191 3190 3190 3190 3189 3189 3189 3190 3190 3190 3191 3191 3191 3192 3192 3192 3193 3193 3193 3192 3192 3192 3191 3191 3191 3192 3192 3192 3193 3193 3193 3194 3194 3194 3195 3195 3195 3196 3196 3196 3193 3193 3193 3197 3197 3197 3193 3193 3193 3196 3196 3196 3193 3193 3193 3197 3197 3197 3194 3194 3194 3195 3195 3195 3198 3198 3198 3196 3196 3196 3199 3199 3199 3196 3196 3196 3198 3198 3198 3196 3196 3196 3199 3199 3199 3200 3200 3200 3200 3200 3200 3201 3201 3201 3196 3196 3196 3202 3202 3202 3196 3196 3196 3201 3201 3201 3196 3196 3196 3202 3202 3202 3203 3203 3203 3182 3182 3182 3204 3204 3204 3183 3183 3183 3205 3205 3205 3183 3183 3183 3204 3204 3204 3183 3183 3183 3205 3205 3205 3206 3206 3206 3205 3205 3205 3207 3207 3207 3206 3206 3206 3208 3208 3208 3206 3206 3206 3207 3207 3207 3206 3206 3206 3208 3208 3208 3209 3209 3209 3210 3210 3210 3211 3211 3211 3212 3212 3212 3213 3213 3213 3214 3214 3214 3215 3215 3215 3210 3210 3210 3215 3215 3215 3214 3214 3214 3215 3215 3215 3210 3210 3210 3216 3216 3216 3212 3212 3212 3216 3216 3216 3210 3210 3210 3217 3217 3217 3218 3218 3218 3219 3219 3219 3220 3220 3220 3219 3219 3219 3218 3218 3218 3219 3219 3219 3220 3220 3220 3221 3221 3221 3211 3211 3211 3210 3210 3210 3222 3222 3222 3219 3219 3219 3222 3222 3222 3210 3210 3210 3222 3222 3222 3219 3219 3219 3223 3223 3223 3221 3221 3221 3223 3223 3223 3219 3219 3219 3223 3223 3223 3221 3221 3221 3224 3224 3224 3225 3225 3225 3226 3226 3226 3210 3210 3210 3227 3227 3227 3210 3210 3210 3226 3226 3226 3210 3210 3210 3227 3227 3227 3219 3219 3219 3228 3228 3228 3219 3219 3219 3227 3227 3227 3219 3219 3219 3228 3228 3228 3217 3217 3217 3229 3229 3229 3225 3225 3225 3230 3230 3230 3210 3210 3210 3230 3230 3230 3225 3225 3225 3230 3230 3230 3210 3210 3210 3231 3231 3231 3214 3214 3214 3231 3231 3231 3210 3210 3210 3232 3232 3232 3233 3233 3233 3234 3234 3234 3235 3235 3235 3234 3234 3234 3233 3233 3233 3236 3236 3236 3237 3237 3237 3238 3238 3238 3239 3239 3239 3238 3238 3238 3237 3237 3237 3240 3240 3240 3241 3241 3241 3242 3242 3242 3243 3243 3243 3242 3242 3242 3241 3241 3241 3244 3244 3244 3245 3245 3245 3246 3246 3246 3247 3247 3247 3246 3246 3246 3245 3245 3245 3248 3248 3248 3249 3249 3249 3250 3250 3250 3251 3251 3251 3250 3250 3250 3249 3249 3249 3252 3252 3252 3253 3253 3253 3254 3254 3254 3255 3255 3255 3254 3254 3254 3253 3253 3253 3256 3256 3256 3257 3257 3257 3258 3258 3258 3259 3259 3259 3258 3258 3258 3257 3257 3257 3260 3260 3260 3261 3261 3261 3262 3262 3262 3263 3263 3263 3264 3264 3264 3265 3265 3265 3266 3266 3266 3267 3267 3267 3268 3268 3268 3269 3269 3269 3270 3270 3270 3271 3271 3271 3262 3262 3262 3261 3261 3261 3268 3268 3268 3272 3272 3272 3268 3268 3268 3261 3261 3261 3268 3268 3268 3272 3272 3272 3266 3266 3266 3273 3273 3273 3274 3274 3274 3275 3275 3275 3276 3276 3276 3277 3277 3277 3268 3268 3268 3278 3278 3278 3268 3268 3268 3277 3277 3277 3268 3268 3268 3278 3278 3278 3271 3271 3271 3279 3279 3279 3271 3271 3271 3278 3278 3278 3271 3271 3271 3279 3279 3279 3269 3269 3269 3280 3280 3280 3281 3281 3281 3282 3282 3282 3260 3260 3260 3262 3262 3262 3283 3283 3283 3265 3265 3265 3283 3283 3283 3262 3262 3262 3283 3283 3283 3265 3265 3265 3282 3282 3282 3284 3284 3284 3270 3270 3270 3274 3274 3274 3285 3285 3285 3274 3274 3274 3270 3270 3270 3274 3274 3274 3285 3285 3285 3275 3275 3275 3284 3284 3284 3286 3286 3286 3270 3270 3270 3287 3287 3287 3270 3270 3270 3286 3286 3286 3270 3270 3270 3287 3287 3287 3271 3271 3271 3288 3288 3288 3271 3271 3271 3287 3287 3287 3271 3271 3271 3288 3288 3288 3289 3289 3289 3280 3280 3280 3282 3282 3282 3290 3290 3290 3265 3265 3265 3290 3290 3290 3282 3282 3282 3290 3290 3290 3265 3265 3265 3275 3275 3275 3264 3264 3264 3275 3275 3275 3265 3265 3265 3275 3275 3275 3264 3264 3264 3273 3273 3273 3267 3267 3267 3291 3291 3291 3268 3268 3268 3292 3292 3292 3268 3268 3268 3291 3291 3291 3268 3268 3268 3292 3292 3292 3276 3276 3276 3293 3293 3293 3276 3276 3276 3292 3292 3292 3276 3276 3276 3293 3293 3293 3294 3294 3294 3295 3295 3295 3294 3294 3294 3293 3293 3293 3294 3294 3294 3295 3295 3295 3281 3281 3281 3296 3296 3296 3281 3281 3281 3295 3295 3295 3281 3281 3281 3296 3296 3296 3282 3282 3282 3289 3289 3289 3297 3297 3297 3271 3271 3271 3298 3298 3298 3271 3271 3271 3297 3297 3297 3271 3271 3271 3298 3298 3298 3265 3265 3265 3299 3299 3299 3265 3265 3265 3298 3298 3298 3265 3265 3265 3299 3299 3299 3263 3263 3263 3300 3300 3300 3301 3301 3301 3302 3302 3302 3303 3303 3303 3304 3304 3304 3305 3305 3305 3306 3306 3306 3307 3307 3307 3308 3308 3308 3309 3309 3309 3308 3308 3308 3307 3307 3307 3308 3308 3308 3309 3309 3309 3310 3310 3310 3311 3311 3311 3312 3312 3312 3313 3313 3313 3313 3313 3313 3314 3314 3314 3311 3311 3311 3315 3315 3315 3311 3311 3311 3314 3314 3314 3311 3311 3311 3315 3315 3315 3306 3306 3306 3316 3316 3316 3306 3306 3306 3315 3315 3315 3306 3306 3306 3316 3316 3316 3307 3307 3307 3317 3317 3317 3318 3318 3318 3319 3319 3319 3317 3317 3317 3319 3319 3319 3311 3311 3311 3318 3318 3318 3320 3320 3320 3319 3319 3319 3321 3321 3321 3319 3319 3319 3320 3320 3320 3319 3319 3319 3321 3321 3321 3322 3322 3322 3323 3323 3323 3322 3322 3322 3321 3321 3321 3322 3322 3322 3323 3323 3323 3324 3324 3324 3325 3325 3325 3324 3324 3324 3323 3323 3323 3324 3324 3324 3325 3325 3325 3326 3326 3326 3327 3327 3327 3328 3328 3328 3325 3325 3325 3329 3329 3329 3325 3325 3325 3328 3328 3328 3325 3325 3325 3329 3329 3329 3326 3326 3326 3327 3327 3327 3330 3330 3330 3328 3328 3328 3331 3331 3331 3328 3328 3328 3330 3330 3330 3328 3328 3328 3331 3331 3331 3332 3332 3332 3332 3332 3332 3333 3333 3333 3328 3328 3328 3334 3334 3334 3328 3328 3328 3333 3333 3333 3328 3328 3328 3334 3334 3334 3335 3335 3335 3336 3336 3336 3337 3337 3337 3338 3338 3338 3336 3336 3336 3338 3338 3338 3339 3339 3339 3337 3337 3337 3340 3340 3340 3338 3338 3338 3341 3341 3341 3338 3338 3338 3340 3340 3340 3338 3338 3338 3341 3341 3341 3342 3342 3342 3343 3343 3343 3342 3342 3342 3341 3341 3341 3344 3344 3344 3345 3345 3345 3346 3346 3346 3342 3342 3342 3346 3346 3346 3345 3345 3345 3346 3346 3346 3342 3342 3342 3347 3347 3347 3343 3343 3343 3347 3347 3347 3342 3342 3342 3339 3339 3339 3338 3338 3338 3319 3319 3319 3348 3348 3348 3319 3319 3319 3338 3338 3338 3319 3319 3319 3348 3348 3348 3349 3349 3349 3349 3349 3349 3303 3303 3303 3319 3319 3319 3305 3305 3305 3319 3319 3319 3303 3303 3303 3319 3319 3319 3305 3305 3305 3311 3311 3311 3350 3350 3350 3311 3311 3311 3305 3305 3305 3311 3311 3311 3350 3350 3350 3312 3312 3312 3351 3351 3351 3312 3312 3312 3350 3350 3350 3352 3352 3352 3353 3353 3353 3354 3354 3354 3355 3355 3355 3354 3354 3354 3353 3353 3353 3354 3354 3354 3355 3355 3355 3356 3356 3356 3357 3357 3357 3358 3358 3358 3359 3359 3359 3359 3359 3359 3360 3360 3360 3357 3357 3357 3361 3361 3361 3357 3357 3357 3360 3360 3360 3357 3357 3357 3361 3361 3361 3356 3356 3356 3342 3342 3342 3356 3356 3356 3361 3361 3361 3356 3356 3356 3342 3342 3342 3354 3354 3354 3345 3345 3345 3354 3354 3354 3342 3342 3342 3354 3354 3354 3345 3345 3345 3352 3352 3352 3362 3362 3362 3363 3363 3363 3364 3364 3364 3365 3365 3365 3364 3364 3364 3363 3363 3363 3364 3364 3364 3365 3365 3365 3357 3357 3357 3366 3366 3366 3357 3357 3357 3365 3365 3365 3357 3357 3357 3366 3366 3366 3358 3358 3358 3367 3367 3367 3368 3368 3368 3369 3369 3369 3370 3370 3370 3369 3369 3369 3368 3368 3368 3370 3370 3370 3371 3371 3371 3369 3369 3369 3372 3372 3372 3369 3369 3369 3371 3371 3371 3369 3369 3369 3372 3372 3372 3373 3373 3373 3364 3364 3364 3367 3367 3367 3362 3362 3362 3369 3369 3369 3362 3362 3362 3367 3367 3367 3362 3362 3362 3369 3369 3369 3374 3374 3374 3375 3375 3375 3374 3374 3374 3369 3369 3369 3374 3374 3374 3375 3375 3375 3302 3302 3302 3376 3376 3376 3302 3302 3302 3375 3375 3375 3302 3302 3302 3376 3376 3376 3300 3300 3300 3377 3377 3377 3378 3378 3378 3379 3379 3379 3380 3380 3380 3379 3379 3379 3378 3378 3378 3379 3379 3379 3380 3380 3380 3381 3381 3381 3382 3382 3382 3383 3383 3383 3384 3384 3384 3385 3385 3385 3384 3384 3384 3383 3383 3383 3384 3384 3384 3385 3385 3385 3377 3377 3377 3386 3386 3386 3377 3377 3377 3385 3385 3385 3377 3377 3377 3386 3386 3386 3378 3378 3378 3387 3387 3387 3388 3388 3388 3389 3389 3389 3390 3390 3390 3389 3389 3389 3388 3388 3388 3389 3389 3389 3390 3390 3390 3381 3381 3381 3391 3391 3391 3381 3381 3381 3390 3390 3390 3381 3381 3381 3391 3391 3391 3379 3379 3379 3392 3392 3392 3393 3393 3393 3394 3394 3394 3395 3395 3395 3394 3394 3394 3393 3393 3393 3394 3394 3394 3395 3395 3395 3396 3396 3396 3397 3397 3397 3396 3396 3396 3395 3395 3395 3380 3380 3380 3398 3398 3398 3381 3381 3381 3399 3399 3399 3381 3381 3381 3398 3398 3398 3381 3381 3381 3399 3399 3399 3400 3400 3400 3401 3401 3401 3400 3400 3400 3399 3399 3399 3402 3402 3402 3403 3403 3403 3404 3404 3404 3405 3405 3405 3404 3404 3404 3403 3403 3403 3404 3404 3404 3405 3405 3405 3401 3401 3401 3406 3406 3406 3401 3401 3401 3405 3405 3405 3401 3401 3401 3406 3406 3406 3400 3400 3400 3407 3407 3407 3408 3408 3408 3402 3402 3402 3409 3409 3409 3402 3402 3402 3408 3408 3408 3402 3402 3402 3409 3409 3409 3394 3394 3394 3410 3410 3410 3394 3394 3394 3409 3409 3409 3394 3394 3394 3410 3410 3410 3392 3392 3392 3411 3411 3411 3392 3392 3392 3410 3410 3410 3411 3411 3411 3410 3410 3410 3412 3412 3412 3413 3413 3413 3412 3412 3412 3410 3410 3410 3412 3412 3412 3413 3413 3413 3414 3414 3414 3415 3415 3415 3414 3414 3414 3413 3413 3413 3414 3414 3414 3415 3415 3415 3416 3416 3416 3417 3417 3417 3416 3416 3416 3415 3415 3415 3416 3416 3416 3417 3417 3417 3391 3391 3391 3418 3418 3418 3391 3391 3391 3417 3417 3417 3391 3391 3391 3418 3418 3418 3379 3379 3379 3389 3389 3389 3419 3419 3419 3387 3387 3387 3420 3420 3420 3387 3387 3387 3419 3419 3419 3387 3387 3387 3420 3420 3420 3397 3397 3397 3421 3421 3421 3397 3397 3397 3420 3420 3420 3397 3397 3397 3421 3421 3421 3396 3396 3396 3384 3384 3384 3422 3422 3422 3382 3382 3382 3407 3407 3407 3382 3382 3382 3422 3422 3422 3382 3382 3382 3407 3407 3407 3423 3423 3423 3402 3402 3402 3423 3423 3423 3407 3407 3407 3423 3423 3423 3402 3402 3402 3424 3424 3424 3404 3404 3404 3424 3424 3424 3402 3402 3402 3425 3425 3425 3426 3426 3426 3427 3427 3427 3428 3428 3428 3429 3429 3429 3427 3427 3427 3430 3430 3430 3427 3427 3427 3429 3429 3429 3427 3427 3427 3430 3430 3430 3425 3425 3425 3431 3431 3431 3432 3432 3432 3433 3433 3433 3434 3434 3434 3433 3433 3433 3432 3432 3432 3433 3433 3433 3434 3434 3434 3435 3435 3435 3436 3436 3436 3437 3437 3437 3427 3427 3427 3438 3438 3438 3427 3427 3427 3437 3437 3437 3427 3427 3427 3438 3438 3438 3428 3428 3428 3435 3435 3435 3439 3439 3439 3433 3433 3433 3440 3440 3440 3433 3433 3433 3439 3439 3439 3433 3433 3433 3440 3440 3440 3441 3441 3441 3441 3441 3441 3442 3442 3442 3433 3433 3433 3443 3443 3443 3433 3433 3433 3442 3442 3442 3433 3433 3433 3443 3443 3443 3436 3436 3436 3444 3444 3444 3436 3436 3436 3443 3443 3443 3436 3436 3436 3444 3444 3444 3437 3437 3437 3445 3445 3445 3446 3446 3446 3447 3447 3447 3448 3448 3448 3449 3449 3449 3447 3447 3447 3449 3449 3449 3450 3450 3450 3447 3447 3447 3451 3451 3451 3447 3447 3447 3450 3450 3450 3447 3447 3447 3451 3451 3451 3445 3445 3445 3452 3452 3452 3448 3448 3448 3453 3453 3453 3447 3447 3447 3453 3453 3453 3448 3448 3448 3453 3453 3453 3447 3447 3447 3454 3454 3454 3455 3455 3455 3454 3454 3454 3447 3447 3447 3456 3456 3456 3457 3457 3457 3458 3458 3458 3459 3459 3459 3460 3460 3460 3456 3456 3456 3461 3461 3461 3462 3462 3462 3458 3458 3458 3463 3463 3463 3458 3458 3458 3462 3462 3462 3458 3458 3458 3463 3463 3463 3456 3456 3456 3464 3464 3464 3456 3456 3456 3463 3463 3463 3456 3456 3456 3464 3464 3464 3459 3459 3459 3465 3465 3465 3466 3466 3466 3467 3467 3467 3465 3465 3465 3468 3468 3468 3469 3469 3469 3470 3470 3470 3469 3469 3469 3468 3468 3468 3471 3471 3471 3472 3472 3472 3473 3473 3473 3474 3474 3474 3473 3473 3473 3472 3472 3472 3473 3473 3473 3474 3474 3474 3468 3468 3468 3475 3475 3475 3468 3468 3468 3474 3474 3474 3468 3468 3468 3475 3475 3475 3470 3470 3470 3465 3465 3465 3467 3467 3467 3468 3468 3468 3461 3461 3461 3468 3468 3468 3467 3467 3467 3468 3468 3468 3461 3461 3461 3473 3473 3473 3458 3458 3458 3473 3473 3473 3461 3461 3461 3473 3473 3473 3458 3458 3458 3471 3471 3471 3457 3457 3457 3471 3471 3471 3458 3458 3458 3471 3471 3471 3457 3457 3457 3476 3476 3476 3477 3477 3477 3478 3478 3478 3479 3479 3479 3480 3480 3480 3479 3479 3479 3478 3478 3478 3479 3479 3479 3480 3480 3480 3481 3481 3481 3482 3482 3482 3481 3481 3481 3480 3480 3480 3481 3481 3481 3482 3482 3482 3483 3483 3483 3484 3484 3484 3483 3483 3483 3482 3482 3482 3483 3483 3483 3484 3484 3484 3485 3485 3485 3486 3486 3486 3485 3485 3485 3484 3484 3484 3485 3485 3485 3486 3486 3486 3487 3487 3487 3488 3488 3488 3487 3487 3487 3486 3486 3486 3487 3487 3487 3488 3488 3488 3489 3489 3489 3490 3490 3490 3489 3489 3489 3488 3488 3488 3491 3491 3491 3492 3492 3492 3493 3493 3493 3494 3494 3494 3495 3495 3495 3496 3496 3496 3491 3491 3491 3496 3496 3496 3495 3495 3495 3494 3494 3494 3496 3496 3496 3497 3497 3497 3498 3498 3498 3497 3497 3497 3496 3496 3496 3497 3497 3497 3498 3498 3498 3499 3499 3499 3499 3499 3499 3498 3498 3498 3500 3500 3500 3501 3501 3501 3500 3500 3500 3498 3498 3498 3500 3500 3500 3501 3501 3501 3502 3502 3502 3503 3503 3503 3504 3504 3504 3505 3505 3505 3506 3506 3506 3505 3505 3505 3504 3504 3504 3505 3505 3505 3506 3506 3506 3507 3507 3507 3491 3491 3491 3493 3493 3493 3496 3496 3496 3508 3508 3508 3496 3496 3496 3493 3493 3493 3496 3496 3496 3508 3508 3508 3498 3498 3498 3508 3508 3508 3509 3509 3509 3498 3498 3498 3510 3510 3510 3498 3498 3498 3509 3509 3509 3498 3498 3498 3510 3510 3510 3501 3501 3501 3511 3511 3511 3501 3501 3501 3510 3510 3510 3501 3501 3501 3511 3511 3511 3512 3512 3512 3507 3507 3507 3502 3502 3502 3505 3505 3505 3501 3501 3501 3505 3505 3505 3502 3502 3502 3505 3505 3505 3501 3501 3501 3513 3513 3513 3512 3512 3512 3513 3513 3513 3501 3501 3501 3514 3514 3514 3515 3515 3515 3516 3516 3516 3517 3517 3517 3516 3516 3516 3515 3515 3515 3516 3516 3516 3517 3517 3517 3518 3518 3518 3519 3519 3519 3518 3518 3518 3517 3517 3517 3518 3518 3518 3519 3519 3519 3520 3520 3520 3521 3521 3521 3520 3520 3520 3519 3519 3519 3520 3520 3520 3521 3521 3521 3522 3522 3522 3523 3523 3523 3522 3522 3522 3521 3521 3521 3522 3522 3522 3523 3523 3523 3524 3524 3524 3525 3525 3525 3524 3524 3524 3523 3523 3523 3524 3524 3524 3525 3525 3525 3526 3526 3526 3527 3527 3527 3526 3526 3526 3525 3525 3525 3526 3526 3526 3527 3527 3527 3528 3528 3528 3529 3529 3529 3528 3528 3528 3527 3527 3527 3528 3528 3528 3529 3529 3529 3530 3530 3530 3531 3531 3531 3530 3530 3530 3529 3529 3529 3530 3530 3530 3531 3531 3531 3532 3532 3532 3533 3533 3533 3532 3532 3532 3531 3531 3531 3532 3532 3532 3533 3533 3533 3534 3534 3534 3535 3535 3535 3534 3534 3534 3533 3533 3533 3534 3534 3534 3535 3535 3535 3536 3536 3536 3537 3537 3537 3536 3536 3536 3535 3535 3535 3536 3536 3536 3537 3537 3537 3514 3514 3514 3515 3515 3515 3514 3514 3514 3537 3537 3537 3538 3538 3538 3539 3539 3539 3540 3540 3540 3541 3541 3541 3540 3540 3540 3539 3539 3539 3540 3540 3540 3541 3541 3541 3542 3542 3542 3543 3543 3543 3542 3542 3542 3541 3541 3541 3542 3542 3542 3543 3543 3543 3544 3544 3544 3545 3545 3545 3544 3544 3544 3543 3543 3543 3544 3544 3544 3545 3545 3545 3546 3546 3546 3547 3547 3547 3546 3546 3546 3545 3545 3545 3546 3546 3546 3547 3547 3547 3548 3548 3548 3549 3549 3549 3548 3548 3548 3547 3547 3547 3548 3548 3548 3549 3549 3549 3550 3550 3550 3551 3551 3551 3550 3550 3550 3549 3549 3549 3550 3550 3550 3551 3551 3551 3552 3552 3552 3553 3553 3553 3552 3552 3552 3551 3551 3551 3552 3552 3552 3553 3553 3553 3554 3554 3554 3555 3555 3555 3554 3554 3554 3553 3553 3553 3554 3554 3554 3555 3555 3555 3556 3556 3556 3557 3557 3557 3556 3556 3556 3555 3555 3555 3556 3556 3556 3557 3557 3557 3558 3558 3558 3559 3559 3559 3558 3558 3558 3557 3557 3557 3558 3558 3558 3559 3559 3559 3560 3560 3560 3561 3561 3561 3560 3560 3560 3559 3559 3559 3560 3560 3560 3561 3561 3561 3538 3538 3538 3539 3539 3539 3538 3538 3538 3561 3561 3561 3562 3562 3562 3563 3563 3563 3564 3564 3564 3565 3565 3565 3564 3564 3564 3563 3563 3563 3564 3564 3564 3565 3565 3565 3566 3566 3566 3567 3567 3567 3566 3566 3566 3565 3565 3565 3566 3566 3566 3567 3567 3567 3568 3568 3568 3569 3569 3569 3568 3568 3568 3567 3567 3567 3568 3568 3568 3569 3569 3569 3570 3570 3570 3571 3571 3571 3570 3570 3570 3569 3569 3569 3570 3570 3570 3571 3571 3571 3572 3572 3572 3573 3573 3573 3572 3572 3572 3571 3571 3571 3572 3572 3572 3573 3573 3573 3574 3574 3574 3575 3575 3575 3574 3574 3574 3573 3573 3573 3574 3574 3574 3575 3575 3575 3576 3576 3576 3577 3577 3577 3576 3576 3576 3575 3575 3575 3576 3576 3576 3577 3577 3577 3578 3578 3578 3579 3579 3579 3578 3578 3578 3577 3577 3577 3578 3578 3578 3579 3579 3579 3580 3580 3580 3581 3581 3581 3580 3580 3580 3579 3579 3579 3580 3580 3580 3581 3581 3581 3582 3582 3582 3583 3583 3583 3582 3582 3582 3581 3581 3581 3582 3582 3582 3583 3583 3583 3584 3584 3584 3585 3585 3585 3584 3584 3584 3583 3583 3583 3584 3584 3584 3585 3585 3585 3562 3562 3562 3563 3563 3563 3562 3562 3562 3585 3585 3585</p>
        </triangles>
      </mesh>
    </geometry>
  </library_geometries>
  <library_materials>
    <material id="d90499d3f5484570980c562349071866" name="defaultmaterial">
      <instance_effect url="#eb43bb555f7542b283bb73e421ed04f2"/>
    </material>
  </library_materials>
  <library_visual_scenes>
    <visual_scene id="scene">
      <node id="node0" name="node0">
        <instance_geometry url="#92a5d3e056584182aa63fea4bf64df86">
          <bind_material>
            <technique_common>
              <instance_material symbol="material0" target="#d90499d3f5484570980c562349071866"/>
            </technique_common>
          </bind_material>
        </instance_geometry>
      </node>
    </visual_scene>
  </library_visual_scenes>
  <scene>
    <instance_visual_scene url="#scene"/>
  </scene>
</COLLADA>
