<COLLADA xmlns="http://www.collada.org/2005/11/COLLADASchema" version="1.4.1">
  <asset>
    <created>2026-06-11T18:50:48.322785</created>
    <modified>2026-06-11T18:50:48.322790</modified>
    <up_axis>Y_UP</up_axis>
  </asset>
  <library_effects>
    <effect id="3215fb09229c4d1cbf0dd5f65222e3b6" name="3215fb09229c4d1cbf0dd5f65222e3b6">
      <profile_COMMON>
        <technique sid="common">
          <phong>
            <emission>
              <color>0.0 0.0 0.0 1.0</color>
            </emission>
            <ambient>
              <color>0.0 0.0 0.0 1.0</color>
            </ambient>
            <diffuse>
              <color>0.0 0.0 0.0 1.0</color>
            </diffuse>
            <specular>
              <color>0.0 0.0 0.0 1.0</color>
            </specular>
            <shininess>
              <float>0.0</float>
            </shininess>
            <reflective>
              <color>0.0 0.0 0.0 1.0</color>
            </reflective>
            <reflectivity>
              <float>0.0</float>
            </reflectivity>
            <transparent>
              <color>0.0 0.0 0.0 1.0</color>
            </transparent>
            <transparency>
              <float>1.0</float>
            </transparency>
          </phong>
        </technique>
        <extra>
          <technique profile="GOOGLEEARTH">
            <double_sided>0</double_sided>
          </technique>
        </extra>
      </profile_COMMON>
    </effect>
  </library_effects>
  <library_geometries>
    <geometry id="2f4f1d13c01c4a93bdce1d243f1f91cd" name="247b93dee81543639cf0e493532878aa">
      <mesh>
        <source id="verts-array">
          <float_array count="10800" id="verts-array-array">-0.0153662 -0.0624268 0.00876638 -0.0152235 -0.0679222 0.00803233 -0.013532 -0.0679214 0.00863555 -0.0107903 -0.0457099 0.01136705 -0.00947842 -0.0457121 0.0113016 -0.00867547 -0.0402314 0.0110592 -0.0120976 -0.045707 0.01111531 -0.0129125 -0.0512715 0.01084375 -0.014354 -0.0512685 0.01015346 -0.0133207 -0.0457034 0.01042895 -0.0145476 -0.0472763 0.00958756 -0.0115684 -0.0347287 0.00808789 -0.0122166 -0.0373748 0.00884029 -0.0111544 -0.0348941 0.00868804 -0.00952782 -0.0296984 0.00720216 -0.00917804 -0.0296965 0.0073856 -0.00776094 -0.0245386 0.00545532 -0.00821563 -0.0245411 0.00527571 -0.00648984 -0.0193181 0.00379921 -0.0070298 -0.0193189 0.00363243 -0.00760121 -0.019319 0.00316775 -0.0086859 -0.0245412 0.0048595 0.0163454 -0.0595058 -0.00461217 0.0161226 -0.0568628 -0.00501734 0.00587554 -0.0568591 0.001791954 0.0013539 -0.0624267 0.00453836 -0.00264958 -0.0624266 0.00670175 -0.0028403 -0.0679195 0.00610913 0.00688445 -0.0193258 0.00310056 0.00536184 -0.0245603 0.00333035 0.00584485 -0.0245673 0.0029074 0.0104156 -0.168528 0.00055049 0.0107203 -0.166748 0.0004921 -0.00237076 -0.168529 0.00315348 -0.00857009 -0.100926 0.00532837 -0.010336 -0.100922 0.00576661 -0.0103518 -0.112168 0.00538454 -0.01306 -0.123388 0.00392713 -0.0130603 -0.123464 0.00392555 -0.0127376 -0.123468 0.00449768 0.00764765 -0.0152822 0.00291449 0.00767129 -0.015 0.00292103 0.007389 -0.016645 0.00302495 -0.00657799 -0.0179974 0.0034018 -0.00680326 -0.018 0.00330476 0.00772425 -0.01527 0.002611511 0.00769096 -0.0152756 0.00283067 0.00752293 -0.0166399 0.00287234 0.00734957 -0.0180052 0.00286315 0.00735051 -0.018 0.00286293 0.0072714 -0.018 0.00295252 0.00734862 -0.0180104 0.00286337 0.00731974 -0.0181668 0.00286996 0.00733526 -0.0180835 0.00286643 0.00844922 -0.0204529 0.001119047 0.00824599 -0.0193173 0.001441094 0.00707444 -0.0193282 0.00292307 0.00821396 -0.0191341 0.001488412 0.00722101 -0.018666 0.00289174 0.0072879 -0.0183334 0.0028771 0.00734672 -0.0180209 0.0028638 0.00734292 -0.0180417 0.00286468 0.00733691 -0.018 0.00287924 0.00742333 -0.018 0.00276815 0.00777294 -0.0164642 0.002015148 0.00772262 -0.0161401 0.002058366 0.00771524 -0.0161811 0.002097063 0.00771031 -0.0161952 0.002120583 0.00770706 -0.0161987 0.002135304 0.00780267 -0.0166536 0.001987878 0.00770295 -0.0161965 0.002153056 0.00769918 -0.0161879 0.002168663 0.00769115 -0.0161492 0.002200013 0.00771317 -0.0152706 0.002515724 0.00768547 -0.0152735 0.002449819 0.00765639 -0.0157181 0.002314694 0.00768041 -0.0160576 0.00223861 -0.00729171 -0.0179985 0.00293067 -0.00746408 -0.0179993 0.002708632 -0.00821635 -0.0191477 0.002015073 -0.00757202 -0.0179838 0.002518935 -0.00763362 -0.0179164 0.002377537 -0.00769095 -0.0177613 0.002200781 -0.00770068 -0.0177177 0.002162544 -0.00777294 -0.0164642 0.001484852 -0.00772262 -0.0161401 0.001441634 -0.00714174 -0.018 0.00307625 -0.006 -0.018 0.0035 -0.00643442 -0.018 0.00344522 0.00704989 -0.015 0.00315008 0.00671574 -0.0175568 0.00334694 0.00689222 -0.0171725 0.00328055 0.00665779 -0.0178868 0.00337167 0.00663817 -0.0179688 0.00337949 0.00624675 -0.0193159 0.00353077 0.00662973 -0.0179851 0.00338277 0.00662042 -0.0179939 0.00338633 0.00660656 -0.018 0.00339152 0.00657799 -0.018 0.0034018 0.00648594 -0.018 0.00343118 0.006347 -0.018 0.00346525 0.0061962 -0.018 0.00348897 0.00562342 -0.0193106 0.00371237 0.006 -0.018 0.0035 0.0048605 -0.018 0.0035 0.00678588 -0.0179986 0.00331362 0.00684905 -0.018 0.00328024 0.00761973 -0.015 0.00297287 0.00759362 -0.015 0.00299256 0.00733216 -0.016647 0.0030706 0.00740229 -0.015 0.0030846 0.00735878 -0.015 0.0030982 0.00672131 -0.018 0.00334443 0.00678596 -0.018 0.00331352 0.00668406 -0.0193226 0.00326234 -0.0130322 -0.112065 0.00420098 -0.0128849 -0.100915 0.00518146 -0.0130506 -0.108398 0.00431145 -0.0129404 -0.14041 0.00361548 -0.012744 -0.146073 0.0035132 -0.0122591 -0.146128 0.0041177 -0.0130701 -0.129062 0.00381624 -0.0130397 -0.134738 0.00371443 -0.0129985 -0.137688 0.00366302 -0.0127418 -0.146124 0.00351225 -0.0124221 -0.151722 0.00340135 -0.0114221 -0.15739 0.00385462 -0.0120953 -0.15579 0.00331111 -0.0117176 -0.157389 0.00360263 -0.0102069 -0.168551 0.00323316 -0.0104449 -0.168363 0.00295501 -0.00787719 -0.179555 0.002544549 -0.00398478 -0.1905 0.002098623 -0.00397975 -0.1905 0.002119143 -0.00611296 -0.185064 0.002322968 -0.00397643 -0.1905 0.002125932 -0.00780224 -0.179592 0.002652318 -0.00600935 -0.185062 0.002461329 -0.00772074 -0.17959 0.002740609 -0.00750524 -0.179588 0.00288515 -0.00397031 -0.1905 0.002135092 -0.00394198 -0.1905 0.002160551 -0.00389737 -0.1905 0.002183442 -0.0038138 -0.1905 0.002208181 -0.00334355 -0.1905 0.002245259 -0.00992884 -0.16855 0.00344698 -0.00892784 -0.168547 0.00376972 -0.0066211 -0.179583 0.00309235 -0.00469626 -0.179573 0.00308269 -0.00843872 -0.123492 0.00481015 -0.00983803 -0.134821 0.00492114 -0.00789536 -0.134831 0.00462148 -0.00918774 -0.14614 0.0046854 -0.00706488 -0.146148 0.00439447 -0.00670787 -0.112184 0.00441913 -0.00639204 -0.123504 0.00425106 -0.00569736 -0.134844 0.00408446 -0.00472892 -0.146159 0.00387535 0.0130379 -0.11772 -0.0005533 0.0130322 -0.112065 -0.00070098 0.0130711 -0.106427 -0.00087636 0.00819591 -0.178421 0.000911034 0.0123099 -0.153244 0.0001313 0.0127418 -0.146124 -1.225e-05 0.0130393 -0.134775 -0.00021379 0.0130397 -0.134738 -0.00021443 0.0130603 -0.123464 -0.00042555 0.01306 -0.123388 -0.00042713 0.00406449 -0.0245324 0.00436976 0.00452472 -0.0219253 0.00423613 0.00324405 -0.0245175 0.00484587 0.00441716 -0.0193086 0.00376224 0.00206871 -0.0245119 0.00515516 -0.000631147 -0.0296755 0.00675203 0.000522694 -0.0296799 0.00613522 0.00162064 -0.0296916 0.00529793 0.00293634 -0.0297063 0.00418151 0.00523283 -0.0219375 0.00392168 0.00489328 -0.0245513 0.0037253 0.00678543 -0.0193242 0.00318359 0.00762948 -0.015 0.002388209 0.00770832 -0.015 0.002494121 0.00773542 -0.015 0.002583279 0.00771896 -0.015 0.00282628 0.00767242 -0.0152786 0.00287407 0.00743918 -0.016643 0.00297699 -0.00307143 -0.0568666 0.0074708 0.000819468 -0.0568639 0.00507039 -0.00378361 -0.0512768 0.00823564 -0.000138482 -0.0512709 0.00566382 -0.00431337 -0.0457132 0.00875553 -0.00100058 -0.045706 0.00614055 -0.00418791 -0.040232 0.00878969 -0.0012474 -0.0402275 0.00632248 -0.00294718 -0.0348879 0.00810463 -0.000372536 -0.0348922 0.0060363 0.00633556 -0.062427 0.001717429 0.00344521 -0.0402198 0.00234476 0.00403308 -0.0456936 0.002125697 0.00497563 -0.0512607 0.001934736 0.00975793 -0.026947 -0.00140259 0.0045385 -0.0297188 0.0027745 0.010336 -0.0295275 -0.00253875 0.0107854 -0.0314614 -0.00336121 0.00920952 -0.024363 -0.00029913 0.00894739 -0.0230658 0.00021523 0.00876777 -0.0221483 0.00055534 0.00869383 -0.0217629 0.00069131 0.00141193 -0.0348962 0.00449416 0.00360043 -0.0348996 0.002571557 0.0123381 -0.0378675 -0.00545053 0.0116084 -0.0348931 -0.0046419 0.016451 -0.0626669 -0.00413868 0.0164484 -0.0622845 -0.00419384 0.00609958 -0.0679231 0.001721326 0.00439856 -0.0788114 0.001872835 0.0111718 -0.0679236 -0.00084877 0.00967714 -0.0788118 -0.00025656 0.0149205 -0.0786903 -0.00238714 0.0156607 -0.0732443 -0.00287355 0.0158195 -0.0719687 -0.00300181 0.016233 -0.0679222 -0.00345032 0.0161067 -0.0567127 -0.00503994 0.015751 -0.0539126 -0.00544194 0.0157168 -0.0536799 -0.00547307 0.0140169 -0.0448593 -0.00614477 0.0129182 -0.0402265 -0.00585434 -0.00434001 -0.0788105 0.00537353 0.00279141 -0.0897921 0.002045457 -0.00578257 -0.0897915 0.00493567 0.00194549 -0.100938 0.002165404 -0.00653975 -0.100931 0.00463267 -0.00867146 -0.112175 0.00502446 -0.0102059 -0.123482 0.00512845 -0.00894739 -0.0230658 0.00328477 -0.00869383 -0.0217629 0.00280869 -0.010336 -0.0295275 0.00603875 -0.0106351 -0.0308204 0.00659399 -0.00988082 -0.0296985 0.00687851 -0.00920952 -0.024363 0.00379913 -0.00938058 -0.0251862 0.00414174 -0.00975793 -0.026947 0.00490259 -0.0109405 -0.0321172 0.00712729 -0.0112517 -0.0334194 0.0076286 -0.0114408 -0.0342028 0.00790943 -0.0128782 -0.040063 0.00933258 -0.0129812 -0.0404848 0.00938697 -0.0120538 -0.040226 0.01014626 -0.0106419 -0.0348936 0.00910313 -0.00453814 -0.018 0.0035 -0.00484763 -0.0193145 0.00384005 -0.00630283 -0.0245285 0.00564489 -0.00794255 -0.0296886 0.00775159 -0.00956618 -0.0348914 0.00963173 -0.0109802 -0.0402283 0.01078423 -0.0098332 -0.0402301 0.01106461 -0.00727329 -0.0348885 0.00991903 -0.0134215 -0.056864 0.01019632 -0.00112168 -0.018 0.0035 -0.0014809 -0.0193096 0.00385793 -0.00328182 -0.0245146 0.0057603 -0.00534746 -0.0296776 0.00797176 -0.0160992 -0.0566439 0.00855029 -0.016385 -0.0655594 0.00724413 -0.016233 -0.0679222 0.00695032 -0.0157782 -0.0679225 0.00757543 -0.0154736 -0.0746658 0.00623742 -0.0149205 -0.0786903 0.00588714 -0.0145943 -0.0788122 0.00638733 -0.0152972 -0.0511127 0.00928295 -0.0150653 -0.0568625 0.0095294 -0.0136211 -0.0624267 0.00939978 -0.00984311 -0.0512757 0.01090265 -0.00993655 -0.056866 0.01012763 -0.00994012 -0.0679202 0.00845241 -0.0149038 -0.0788121 0.00587726 -0.0145605 -0.0814204 0.00567504 -0.0142097 -0.0788121 0.00676684 -0.0142416 -0.0841607 0.00547922 -0.0133079 -0.0897858 0.00582428 -0.0139692 -0.0869122 0.0052981 -0.01374 -0.0896741 0.00513089 0.00786639 -0.179593 0.00095693 -0.000830292 -0.179547 0.002550695 -0.00275274 -0.179562 0.00286645 -0.00461958 -0.168537 0.00357072 -0.00678603 -0.168542 0.00382222 -0.0103913 -0.157391 0.00425351 -0.0117957 -0.14613 0.00439393 -0.0123721 -0.12347 0.00480011 -0.0125263 -0.100916 0.00549856 -0.0128638 -0.0897864 0.00615537 -0.0135927 -0.0788119 0.00712213 -0.0136505 -0.0909126 0.0050604 -0.0133966 -0.0952266 0.00483511 -0.0131831 -0.100813 0.00458567 -0.0128961 -0.0788117 0.00732497 -0.0123446 -0.0897869 0.00635484 -0.0120975 -0.100917 0.00569665 -0.0119466 -0.123473 0.00499336 -0.0112814 -0.146132 0.00456635 -0.00819463 -0.157394 0.00434403 -0.00597076 -0.157397 0.00406516 -0.00359182 -0.157402 0.00357972 0.0112879 -0.162954 0.00037583 0.0020905 -0.018 0.0035 0.0016876 -0.0193075 0.00383646 -0.00041254 -0.0245086 0.00562514 -0.00284 -0.029673 0.00769068 -0.00501016 -0.0348872 0.00947495 -0.00637129 -0.0402327 0.01045022 -0.00686206 -0.0457143 0.01054082 -0.00679749 -0.0512776 0.01001801 -0.00650217 -0.0568669 0.00916192 -0.00630068 -0.0624265 0.00825267 -0.0102191 -0.0897887 0.00635185 -0.00811113 -0.0897902 0.00578586 -0.0100615 -0.0788111 0.0072176 -0.00727565 -0.0788107 0.00646189 -0.0064221 -0.0679196 0.00750417 0.00264813 -0.1905 0.001570094 0.00398478 -0.1905 0.001401377 0.00463744 -0.188941 0.001336757 -0.00237757 -0.1905 0.002200569 -0.00150645 -0.1905 0.002117957 9.89905e-05 -0.1905 0.001922033 0.000983231 -0.1905 0.001800103 0.0133966 -0.0952266 -0.00133511 0.0131831 -0.100813 -0.00108567 0.0131803 -0.100913 -0.00108159 0.0130768 -0.105995 -0.00089118 0.01374 -0.0896741 -0.00163089 0.013857 -0.0882015 -0.00171828 0.0142416 -0.0841607 -0.00197922 0.0149038 -0.0788121 -0.00237726 -0.00680326 -0.018 0.00330476 -0.00657799 -0.0179974 0.0034018 -0.00704989 0.015 0.00315008 -0.00744413 0.0179927 0.000761576 -0.00744728 0.0179899 0.000766197 -0.00751549 0.018 0.0008749 -0.00737701 0.018 0.00067002 -0.00742809 0.0179966 0.00073853 -0.00743846 0.0179949 0.000753338 -0.00744937 0.0179861 0.000769272 -0.00745103 0.0179798 0.000771732 -0.00752381 0.0179963 0.00088947 -0.00745297 0.0179545 0.000774609 -0.00753414 0.0179841 0.000908034 -0.00745414 0.0174511 0.000776353 -0.00770303 0.0174597 0.001347279 -0.00745423 0.0178538 0.000776495 -0.00766815 0.0176111 0.001221047 -0.0075496 0.0179559 0.000936826 -0.00744204 0.0164428 0.000758529 -0.00742141 0.0156402 0.00072917 -0.00740091 0.01507 0.00070121 -0.00729171 -0.0148 0.00056933 -0.00749819 -0.0148 0.000845605 -0.00738949 0.0148 0.00068613 -0.0075215 -0.0150645 0.000885395 -0.00763469 -0.0159972 0.001125276 -0.00767874 -0.0162463 0.001255696 -0.00768972 -0.0162934 0.001294636 -0.00769439 -0.0163046 0.001312352 -0.00769719 -0.0163074 0.001323348 -0.00729171 0.0148 0.00056933 -0.00677932 0.0148 0.0001831 -0.0068654 -0.0148 0.00022896 -0.006 0.0148 -9.992007e-16 -0.006 -0.0148 -9.992007e-16 -0.0077091 -0.0162766 0.001373859 -0.00771695 -0.0162146 0.001411488 -0.00771093 -0.0162238 0.001382271 -0.00772262 -0.0161401 0.001441634 -0.00770001 -0.0163066 0.001334712 -0.00770303 -0.016301 0.001347253 -0.00769918 0.0161879 0.002168663 -0.00770295 0.0161965 0.002153056 -0.00770706 0.0161987 0.002135304 -0.00772262 0.0161401 0.002058366 -0.00771524 0.0161811 0.002097063 -0.00771031 0.0161952 0.002120583 -0.00773961 0.0164553 0.00194037 -0.00774003 0.0164637 0.001936583 -0.00774927 0.0167604 0.001800556 -0.00774118 0.0171494 0.001574535 -0.00763362 -0.0179164 0.002377537 -0.00757202 -0.0179838 0.002518935 -0.00746408 -0.0179993 0.002708632 -0.00729171 0.015 0.00293067 -0.00769095 -0.0177613 0.002200781 -0.00770068 -0.0177177 0.002162544 -0.00762948 0.015 0.002388209 -0.00766795 0.015594 0.002279584 -0.00765639 0.0157181 0.002314694 -0.00768041 0.0160576 0.00223861 -0.00769115 0.0161492 0.002200013 -0.00671574 0.0175568 0.00334694 -0.00663817 0.0179688 0.00337949 -0.00665779 0.0178868 0.00337167 -0.00657799 0.018 0.0034018 -0.00662973 0.0179851 0.00338277 -0.00662042 0.0179939 0.00338633 -0.00660656 0.018 0.00339152 -0.00729171 -0.0179985 0.00293067 -0.00714174 -0.018 0.00307625 -0.00648594 0.018 0.00343118 -0.00643442 -0.018 0.00344522 -0.006347 0.018 0.00346525 -0.006 -0.018 0.0035 -0.0061962 0.018 0.00348897 -0.006 0.018 0.0035 0.00750964 0.0177825 0.000864855 0.00749794 0.0179821 0.000845187 0.00750179 0.0179912 0.000851599 0.00748652 0.0175327 0.000826551 0.00748437 0.0175364 0.000823103 0.0074932 0.0175553 0.000837393 0.00748817 0.0175314 0.000829212 0.00749016 0.0175311 0.000832438 0.00749206 0.0175321 0.000835532 0.00748143 0.0175455 0.000818415 0.00747631 0.0175829 0.000810313 0.00749417 0.0179652 0.000838987 0.00752573 0.0179723 0.000892876 0.00753066 0.0178917 0.000901714 0.00750472 0.017565 0.000856519 0.00749559 0.0175369 0.000841316 0.00750703 0.0179972 0.00086042 0.00751451 0.018 0.000873218 0.00751548 0.018 0.000874897 0.00752166 0.0179916 0.000885678 0.00751927 0.0179971 0.000881484 0.00751752 0.0179992 0.000878425 0.00686838 -0.015 4.03e-06 0.006 -0.015 -0.0002 0.006 -0.0149848 -0.00012346 0.00727261 -0.015 0.00027252 0.0068343 -0.0149848 7.256e-05 0.00732806 -0.0149863 0.00042321 0.0068054 -0.0149414 0.00013065 0.00736414 -0.0149469 0.00055392 0.00738199 -0.0148976 0.00063544 0.0067861 -0.0148765 0.00016947 0.00738581 -0.0148774 0.00065598 0.00729171 -0.0148 0.00056933 0.00738949 -0.0148 0.00068613 0.00738981 -0.0148308 0.00068263 0.006 -0.0149732 -0.0001 0.006 -0.0148765 -1.522e-05 0.006 -0.0149 -2.679e-05 0.006 -0.0149414 -5.858e-05 0.006 -0.0148 -1.040834e-15 0.00677932 -0.0148 0.0001831 0.00738813 -0.0148588 0.00066989 -0.006 -0.0148 -9.992007e-16 0.006 -0.0148 -1.040834e-15 -0.006 -0.0148765 -1.522e-05 0.006 -0.0148765 -1.522e-05 -0.006 -0.0149 -2.679e-05 0.006 -0.0149 -2.679e-05 -0.006 -0.0149414 -5.858e-05 0.006 -0.0149414 -5.858e-05 -0.006 -0.0149732 -0.0001 0.006 -0.0149732 -0.0001 -0.006 -0.0149848 -0.00012346 0.006 -0.0149848 -0.00012346 -0.006 -0.015 -0.0002 0.006 -0.015 -0.0002 -0.00745802 -0.0149136 0.00071954 -0.00748673 -0.0148804 0.000795315 -0.00687293 -0.0148765 0.00021572 -0.007499 -0.0148227 0.000844449 -0.00749819 -0.0148 0.000845605 -0.00749767 -0.0148423 0.000836026 -0.00729171 -0.0148 0.00056933 -0.0074933 -0.0148637 0.000817755 -0.00738618 -0.0149441 0.00058416 -0.00689437 -0.0149414 0.00017804 -0.00717766 -0.0149777 0.00031262 -0.00692646 -0.0149848 0.00012164 -0.00699627 -0.0149984 0.00010352 -0.0069597 -0.0149999 6.096e-05 -0.00694547 -0.015 4.454e-05 -0.006 -0.0149848 -0.00012346 -0.006 -0.015 -0.0002 -0.006 -0.0148765 -1.522e-05 -0.006 -0.0149 -2.679e-05 -0.006 -0.0149414 -5.858e-05 -0.006 -0.0149732 -0.0001 -0.006 -0.0148 -9.992007e-16 -0.0068654 -0.0148 0.00022896 0.0141422 -0.0595039 -0.00319895 0.0163454 -0.0595058 -0.00461217 0.0164484 -0.0622845 -0.00419384 0.0131977 -0.0539049 -0.00350279 0.015751 -0.0539126 -0.00544194 0.0161067 -0.0567127 -0.00503994 0.00890323 -0.0400555 -0.00287319 0.0129182 -0.0402265 -0.00585434 0.0140169 -0.0448593 -0.00614477 0.0116084 -0.0348931 -0.0046419 0.0123381 -0.0378675 -0.00545053 0.00825722 -0.0373736 -0.00249274 -0.0138907 -0.100822 0.00332532 -0.0139713 -0.10082 0.00374135 -0.0139448 -0.0952313 0.00399912 -0.013248 -0.0989765 0.00464773 -0.013251 -0.0988891 0.00465152 -0.0131831 -0.100813 0.00458567 -0.0132728 -0.0982778 0.00467831 -0.0132761 -0.0981905 0.00468218 -0.0133966 -0.0952266 0.00483511 -0.0136513 -0.0910588 0.00503036 -0.0137499 -0.0896741 0.00510838 -0.0137512 -0.0896741 0.00510722 -0.0139334 -0.0924479 0.00479425 -0.0140139 -0.0924483 0.00470066 -0.0139719 -0.0952297 0.00459378 -0.0154638 -0.0677863 0.00621904 -0.0158322 -0.0677868 0.00641334 -0.0159998 -0.0622845 0.00708556 -0.0153731 -0.0732435 0.00593093 -0.0109089 -0.0677857 0.0061062 -0.0121907 -0.0786891 0.00479149 -0.0137119 -0.0786893 0.00508668 -0.0137895 -0.0952329 0.00361806 -0.0136213 -0.0952346 0.00340057 -0.0137963 -0.100825 0.0030944 -0.0129977 -0.089679 0.00366804 -0.0133009 -0.0896783 0.00378012 -0.0128251 -0.0841617 0.00424138 -0.0134799 -0.0924518 0.00358065 -0.01158 -0.0347284 0.0080277 -0.0115772 -0.034728 0.00799519 -0.0122166 -0.0373748 0.00884029 -0.0128691 -0.0400677 0.00884589 -0.0128186 -0.0400683 0.00875796 -0.013362 -0.0427962 0.00900105 -0.0092067 -0.024363 0.00378654 -0.00920952 -0.024363 0.00379913 -0.00894739 -0.0230658 0.00328477 -0.0114116 -0.0340721 0.00777109 -0.0110338 -0.0327638 0.00725329 -0.0110318 -0.0327637 0.00725069 -0.0112071 -0.0334162 0.00749343 -0.010931 -0.0321161 0.00704962 -0.0109405 -0.0321172 0.00712729 -0.0106145 -0.030819 0.00651455 -0.0106873 -0.0314632 0.00673816 -0.010516 -0.0308149 0.00646875 -0.010512 -0.0308147 0.00646749 -0.00921051 -0.0256474 0.0041816 -0.00891844 -0.0243543 0.00361658 -0.00891431 -0.0243542 0.0036132 -0.00840148 -0.0217561 0.002572037 -0.00843038 -0.0217566 0.002593086 -0.0079933 -0.0191316 0.001728481 -0.0106044 -0.0321041 0.00637477 -0.00973569 -0.0295078 0.00515577 -0.0094956 -0.0295081 0.00495617 -0.00912121 -0.0786886 0.00425279 -0.0106547 -0.0786888 0.00452465 -0.00936408 -0.0732418 0.00508144 -0.00206043 -0.059507 0.0049851 -0.00239063 -0.0567153 0.00533959 0.00277494 -0.0567141 0.00310379 -0.00604363 -0.0373752 0.0060532 -0.00602284 -0.040066 0.00639357 -0.00921943 -0.0400668 0.0071795 -0.00928603 -0.17407 0.002705508 -0.0104111 -0.168502 0.00287495 -0.010402 -0.168527 0.00286116 -0.0112785 -0.162954 0.00303048 -0.00401441 -0.168492 0.001611708 -0.0012016 -0.168483 0.001358215 -0.00089267 -0.179492 0.001466928 -0.0106804 -0.134792 0.002197905 -0.00976797 -0.134803 0.002374742 -0.00751047 -0.146127 0.002021631 -0.0122811 -0.14043 0.002508978 -0.0117894 -0.140437 0.002308035 -0.011161 -0.146097 0.002289795 -0.0129042 -0.143244 0.00350322 -0.0127812 -0.146074 0.00344339 -0.0127664 -0.146074 0.00346521 -0.0128731 -0.143244 0.00353284 -0.0129604 -0.140411 0.00358541 -0.0129739 -0.140411 0.00357636 -0.0130606 -0.134738 0.00369003 -0.0130657 -0.134738 0.00368914 -0.0130235 -0.137575 0.00363728 -0.0131127 -0.140417 0.00324767 -0.0130795 -0.140417 0.00318345 -0.0128995 -0.14325 0.00312337 -0.0130603 -0.123464 0.00392555 -0.01306 -0.123388 0.00392713 -0.0130646 -0.123388 0.00391336 -0.013077 -0.127643 0.00382711 -0.0130766 -0.129062 0.00380049 -0.0130755 -0.129062 0.00380108 -0.0135975 -0.12907 0.00347326 -0.0135949 -0.129069 0.00351092 -0.0137357 -0.123395 0.00365097 -0.0128398 -0.12909 0.002373535 -0.0123523 -0.134766 0.002333178 -0.0127477 -0.134759 0.00254765 -0.0130992 -0.105021 0.00441001 -0.0130793 -0.106427 0.00436106 -0.0130778 -0.106427 0.00436097 -0.0130611 -0.109244 0.00426691 -0.0130489 -0.112065 0.00418318 -0.0130463 -0.112065 0.0041835 -0.0130684 -0.109244 0.00426894 -0.0130744 -0.112065 0.00418944 0.00396816 -0.106448 0.001765171 0.0130711 -0.106427 -0.00087636 0.0130322 -0.112065 -0.00070098 0.00738981 -0.0148308 0.00068263 0.00738949 -0.0148 0.00068613 0.00740091 -0.01507 0.00070121 0.00774118 -0.0171494 0.001574535 0.00774927 -0.0167604 0.001800556 0.00787568 -0.0178042 0.00158134 0.00773961 -0.0164553 0.00194037 0.00772262 -0.0161401 0.002058366 0.00777294 -0.0164642 0.002015148 -0.00770001 -0.0163066 0.001334712 -0.00769719 -0.0163074 0.001323348 -0.00771836 -0.0164658 0.001343528 -0.00722227 -0.0179982 0.00049758 -0.00729961 -0.018 0.00057803 -0.00722266 -0.0164696 0.00041698 -0.00713981 -0.018 0.00042209 -0.00717766 -0.0149777 0.00031262 -0.00699627 -0.0149984 0.00010352 -0.0069597 -0.0149999 6.096e-05 -0.00694547 -0.015 4.454e-05 -0.00749819 -0.0148 0.000845605 -0.007499 -0.0148227 0.000844449 -0.0075215 -0.0150645 0.000885395 -0.00749767 -0.0148423 0.000836026 -0.0074933 -0.0148637 0.000817755 -0.00748673 -0.0148804 0.000795315 -0.00745802 -0.0149136 0.00071954 -0.00738618 -0.0149441 0.00058416 -0.00748678 -0.0164689 0.000790535 -0.00765721 -0.0164683 0.001111208 -0.00769439 -0.0163046 0.001312352 -0.00768972 -0.0162934 0.001294636 -0.00767874 -0.0162463 0.001255696 -0.00763469 -0.0159972 0.001125276 -0.00772262 -0.0161401 0.001441634 -0.00771695 -0.0162146 0.001411488 -0.00777294 -0.0164642 0.001484852 -0.0077091 -0.0162766 0.001373859 -0.00770303 -0.016301 0.001347253 0.00766815 -0.0176111 0.001221047 0.00770303 -0.0174597 0.001347279 0.00778803 -0.0178036 0.001413433 0.00751549 -0.018 0.0008749 0.00752381 -0.0179963 0.00088947 0.00765315 -0.0191452 0.000956518 0.00753414 -0.0179841 0.000908034 0.0075496 -0.0179559 0.000936826 0.00762287 -0.0178027 0.001088826 0.00744069 -0.0179756 0.000756423 0.00742809 -0.0179966 0.00073853 0.00739797 -0.0178024 0.00069126 0.00744728 -0.0179899 0.000766197 0.00744413 -0.0179927 0.000761576 0.00743846 -0.0179949 0.000753338 0.00744937 -0.0179861 0.000769272 0.00745103 -0.0179798 0.000771732 0.00745297 -0.0179545 0.000774609 0.00745423 -0.0178538 0.000776495 0.00745414 -0.0174511 0.000776353 0.00742638 -0.0164429 0.00071729 0.00744204 -0.0164428 0.000758529 0.00725831 -0.0150763 0.00024571 0.0072596 -0.015 0.00024351 0.00727261 -0.015 0.00027252 0.00732806 -0.0149863 0.00042321 0.00736414 -0.0149469 0.00055392 0.00738199 -0.0148976 0.00063544 0.00738581 -0.0148774 0.00065598 0.00738813 -0.0148588 0.00066989 0.00720228 -0.015 0.00013737 0.00703568 -0.0164496 0.00011125 0.00713204 -0.015 3.918e-05 0.00681961 -0.0164534 -3.694e-05 0.00699784 -0.015 -9.467e-05 0.0065157 -0.0164568 -0.00014581 0.00671552 -0.015 -0.00024478 0.00598008 -0.015 -0.00032538 -0.00646245 -0.018 6.242e-05 -0.00634155 -0.018 3.365e-05 -0.00650343 -0.0191264 0.00037261 -0.00653284 -0.018 8.309e-05 -0.00695485 -0.018 0.00028345 -0.00685374 -0.018 0.00022265 -0.00674893 -0.018 0.00016835 -0.00643916 -0.015 -0.00040169 -0.0063692 -0.015 -0.00044278 -0.00566553 -0.015 -0.00066923 -0.00552942 -0.015 -0.00067662 -0.00572224 -0.0191269 0.00032989 0.00402816 -0.112092 0.001819802 0.0130379 -0.11772 -0.0005533 0.00431641 -0.117754 0.001788208 0.01306 -0.123388 -0.00042713 0.00477163 -0.123426 0.00168981 0.0130603 -0.123464 -0.00042555 0.00593783 -0.134782 0.001370274 0.0130397 -0.134738 -0.00021443 0.0130393 -0.134775 -0.00021379 0.00703645 -0.14611 0.001016545 0.0127418 -0.146124 -1.225e-05 0.00740721 -0.15175 0.000875405 0.0123099 -0.153244 0.0001313 0.00757721 -0.157365 0.000783974 0.0112879 -0.162954 0.00037583 0.00748523 -0.16295 0.00076164 0.0107203 -0.166748 0.0004921 0.0104156 -0.168528 0.00055049 0.00182448 -0.146135 0.001934764 -0.000283412 -0.146142 0.002219165 -0.00080061 -0.13481 0.00283715 -0.00338264 -0.13482 0.00327156 -0.0033319 -0.123453 0.00369139 -0.0063294 -0.123462 0.00427649 0.00139605 -0.1905 0.001677836 0.000185213 -0.1905 0.001789576 0.00329265 -0.179498 0.001219435 0.00123159 -0.179485 0.00132253 0.00425794 -0.168486 0.001006659 0.00159134 -0.16848 0.001159696 0.00421943 -0.162948 0.001057845 0.0012807 -0.162947 0.001252324 0.00375768 -0.157375 0.001243424 0.000537775 -0.157379 0.00148752 0.00292667 -0.151768 0.001546514 -0.0133159 -0.112103 0.00276238 -0.0134441 -0.112099 0.002628383 -0.0135831 -0.106454 0.00281669 -0.0133446 -0.100834 0.00316126 -0.0130214 -0.100838 0.00353124 -0.0131881 -0.106462 0.00335845 -0.0120026 -0.100843 0.00449834 -0.01223 -0.10647 0.00441421 -0.0130927 -0.11776 0.002472425 -0.0129147 -0.117765 0.002594327 -0.012993 -0.112109 0.0031708 -0.0132709 -0.0952376 0.00326916 -0.0135344 -0.100831 0.00300252 -0.0135909 -0.10083 0.00297964 -0.0136318 -0.106452 0.00277187 -0.0136771 -0.106451 0.00274422 -0.0135563 -0.112094 0.002556586 -0.0132551 -0.117755 0.002410435 -0.0103023 -0.123461 0.00364443 -0.00770751 -0.134818 0.00290284 -0.0128003 -0.123427 0.00229946 -0.012564 -0.123432 0.00234464 -0.0123131 -0.123438 0.00244522 -0.011752 -0.123447 0.00277155 -0.0119647 -0.112119 0.00423033 -0.0135921 -0.12907 0.00343248 -0.0137464 -0.123396 0.003567 -0.0137218 -0.123397 0.00338927 -0.0139888 -0.100818 0.00423523 -0.0131741 -0.112066 0.00421454 -0.013107 -0.112066 0.00419891 -0.0131455 -0.106428 0.00437342 -0.0130636 -0.109244 0.00426734 -0.0130749 -0.107835 0.00431199 -0.0130514 -0.112065 0.00418359 -0.0130562 -0.112065 0.00418509 -0.0130502 -0.114891 0.00410662 -0.0130549 -0.114891 0.00410792 -0.0130564 -0.11772 0.00403569 -0.0130903 -0.106427 0.00435863 -0.0131395 -0.103617 0.00445971 -0.0131349 -0.103617 0.00445823 -0.0131325 -0.103617 0.00445792 -0.0131077 -0.105021 0.00440698 -0.0131101 -0.105021 0.00440735 -0.013051 -0.109244 0.00426935 -0.0130624 -0.107835 0.00431415 -0.0130639 -0.107835 0.00431423 -0.0130978 -0.105021 0.00440993 -0.0131242 -0.103617 0.00446118 -0.0130584 -0.109244 0.00426727 -0.0130525 -0.109244 0.00426942 -0.0130434 -0.110654 0.00422649 -0.0130661 -0.123388 0.00391173 -0.0130445 -0.11772 0.00403779 -0.0130459 -0.11772 0.00403767 -0.0130506 -0.108398 0.00431145 -0.0130373 -0.112065 0.00418667 -0.0131545 -0.102214 0.00451466 -0.0131228 -0.103617 0.0044611 -0.0131532 -0.102214 0.0045146 -0.0130449 -0.110654 0.00422655 -0.0130389 -0.112065 0.00418547 -0.0130381 -0.112065 0.0041858 -0.0130379 -0.114891 0.00410854 -0.0130404 -0.112065 0.0041855 -0.0130394 -0.114891 0.0041085 -0.0130451 -0.114891 0.00410661 -0.0130477 -0.114891 0.00410629 -0.0130674 -0.123388 0.00391139 -0.0130514 -0.11772 0.00403583 -0.0130747 -0.123388 0.003909 -0.0130724 -0.123388 0.00390951 -0.013054 -0.11772 0.00403547 -0.0130967 -0.123388 0.00391084 -0.0130609 -0.11772 0.00403671 -0.013081 -0.123388 0.00390914 -0.0130769 -0.123388 0.0039089 -0.0139114 -0.100817 0.0043927 -0.0136966 -0.123394 0.00372153 -0.0137721 -0.100816 0.00449459 -0.0135803 -0.123393 0.00382184 -0.0136394 -0.100815 0.0045517 -0.0134658 -0.123392 0.00387897 -0.0134563 -0.100814 0.00459363 -0.0139075 -0.112076 0.00334899 -0.0138363 -0.11208 0.0029106 -0.0136842 -0.117738 0.00277315 -0.0134784 -0.117747 0.002464093 -0.0131347 -0.123417 0.00236741 -0.013242 -0.123414 0.002437416 -0.0131382 -0.129083 0.002599413 -0.0131266 -0.134752 0.00290002 -0.0137045 -0.112088 0.00260106 -0.0135487 -0.117744 0.002533133 -0.0134509 -0.123408 0.002672003 -0.0134202 -0.129076 0.00298431 -0.0132996 -0.134748 0.00315579 -0.0135856 -0.129069 0.00354555 -0.0135711 -0.129069 0.00357718 -0.0135317 -0.129068 0.00363106 -0.0134857 -0.129067 0.00367309 -0.0132771 -0.134742 0.00358618 -0.0132752 -0.129064 0.00378498 -0.0132147 -0.129064 0.00379415 -0.013308 -0.12339 0.00392509 -0.0131811 -0.123389 0.00392364 -0.0131245 -0.123388 0.00391559 -0.0130741 -0.126225 0.00385487 -0.0130734 -0.126225 0.00385548 -0.0130809 -0.129062 0.00379841 -0.0130884 -0.129062 0.00379642 -0.0130753 -0.126225 0.00385441 -0.0130758 -0.127643 0.00382764 -0.0130748 -0.129062 0.00380176 -0.0130717 -0.1319 0.00374666 -0.0130678 -0.1319 0.00374886 -0.0130737 -0.130481 0.00377444 -0.0130668 -0.1319 0.0037496 -0.0130726 -0.130481 0.0037751 -0.0130487 -0.134738 0.00369641 -0.0130453 -0.134738 0.00369876 -0.0130585 -0.133319 0.00372367 -0.0130443 -0.134738 0.00369964 -0.0130575 -0.133319 0.00372447 -0.0130785 -0.1319 0.00374377 -0.0130954 -0.129062 0.00379533 -0.0130849 -0.131901 0.00374195 -0.0131018 -0.129062 0.00379572 -0.0130907 -0.131901 0.00374172 -0.0131254 -0.129063 0.00379632 -0.0130844 -0.134739 0.00368499 -0.0131729 -0.129063 0.00379762 -0.0131213 -0.134739 0.00367857 -0.0131908 -0.131902 0.00373082 -0.0131525 -0.134739 0.00366854 -0.0132426 -0.131902 0.00371698 -0.0131953 -0.13474 0.00364987 -0.0133741 -0.134746 0.00330554 -0.0132628 -0.137582 0.00331209 -0.0133868 -0.134745 0.00334277 -0.013392 -0.134745 0.00337724 -0.0132331 -0.137579 0.00345758 -0.0133351 -0.134743 0.00352868 -0.0132528 -0.13758 0.00341856 -0.0133638 -0.134743 0.00348857 -0.013265 -0.137581 0.00337025 -0.0133854 -0.134744 0.00343827 -0.0133911 -0.134745 0.00340907 -0.0131101 -0.140414 0.00338692 -0.0131208 -0.140415 0.00334908 -0.0131238 -0.140416 0.00330284 -0.0129789 -0.140419 0.00305063 -0.0125707 -0.146081 0.00294819 -0.0126953 -0.146079 0.00306348 -0.0129526 -0.143246 0.00337327 -0.0130834 -0.140413 0.00344408 -0.01304 -0.141831 0.00335169 -0.0128683 -0.144664 0.00320236 -0.0129596 -0.143248 0.00323581 -0.01294 -0.143249 0.0031837 -0.01313 -0.137577 0.00358327 -0.0129996 -0.140411 0.00356199 -0.013061 -0.138994 0.00357606 -0.0130198 -0.140411 0.00354523 -0.0130898 -0.138995 0.00355006 -0.0130549 -0.134738 0.00369259 -0.0130047 -0.137575 0.00365043 -0.0130056 -0.137575 0.00364941 -0.0129451 -0.14041 0.00360004 -0.0130036 -0.137575 0.00365265 -0.0129524 -0.140411 0.0035917 -0.0129476 -0.14041 0.00359737 -0.013014 -0.137575 0.00364215 -0.0130086 -0.137575 0.00364691 -0.0130655 -0.1319 0.00375159 -0.0130432 -0.134738 0.00370175 -0.0130269 -0.136157 0.00367499 -0.0130278 -0.136157 0.00367404 -0.0130741 -0.129062 0.00380295 -0.012758 -0.146074 0.00347884 -0.012884 -0.143244 0.00352143 -0.0130709 -0.137576 0.00362026 -0.0130439 -0.140412 0.00351684 -0.0129725 -0.141828 0.00351432 -0.0127967 -0.146075 0.00338301 -0.0129338 -0.143245 0.00345021 -0.0128775 -0.144661 0.00333783 -0.0123031 -0.146084 0.0027537 -0.0127565 -0.140423 0.00282502 -0.0130322 -0.112065 0.00420098 -0.00487238 -0.14614 0.002167786 -0.00544896 -0.157372 0.00175347 -0.00248903 -0.157377 0.001601474 -0.00168292 -0.162948 0.001432263 -0.0123101 -0.151725 0.00303452 -0.0125548 -0.148904 0.0031019 -0.0122083 -0.151726 0.00294292 -0.012064 -0.151727 0.00284473 -0.0119173 -0.157351 0.00310127 -0.012439 -0.151722 0.00329012 -0.0124293 -0.151723 0.00324545 -0.0126296 -0.148901 0.00331487 -0.0126096 -0.148902 0.00323099 -0.0127955 -0.146076 0.00330232 -0.0127706 -0.146078 0.00316891 -0.0128812 -0.144662 0.00328129 -0.0129638 -0.143247 0.00331649 -0.0130447 -0.141832 0.00326929 -0.01112 -0.157355 0.002599698 -0.0114481 -0.157353 0.002736501 -0.0117266 -0.157352 0.0028977 -0.0123921 -0.151724 0.00315903 -0.0124393 -0.151722 0.00331826 -0.0119473 -0.157351 0.00318212 -0.0119508 -0.157319 0.00318471 -0.0127418 -0.146124 0.00351225 -0.0127527 -0.146073 0.00348779 -0.0124221 -0.151722 0.00340135 -0.0124344 -0.151722 0.0033463 -0.0120953 -0.15579 0.00331111 -0.0130966 -0.137576 0.00360684 -0.012992 -0.141829 0.00348357 -0.0129188 -0.143244 0.00348324 -0.0127905 -0.146074 0.00342037 -0.0126274 -0.1489 0.00338192 -0.00923482 -0.174069 0.002610241 -0.0102717 -0.168526 0.002702325 -0.0101176 -0.168525 0.002610416 -0.0118523 -0.157351 0.00301232 -0.0112865 -0.162954 0.00306425 -0.00974818 -0.15736 0.00224078 -0.00951021 -0.168521 0.002397391 -0.00680298 -0.168505 0.001927268 -0.00513681 -0.179535 0.001855992 -0.00718806 -0.179567 0.002173474 -0.00786665 -0.179583 0.002505376 -0.00927667 -0.17407 0.002677632 -0.0103564 -0.168527 0.00278302 -0.0119394 -0.157351 0.00315061 -0.00343775 -0.1905 0.001980309 -0.00390532 -0.1905 0.002047891 -0.00596403 -0.185054 0.002177705 -0.00507887 -0.187783 0.00216289 -0.006087 -0.185057 0.002252542 -0.00509573 -0.187783 0.002184759 -0.00610951 -0.185057 0.00228508 -0.00509912 -0.187783 0.002193965 -0.00398552 -0.1905 0.002092627 -0.00398324 -0.1905 0.002085787 -0.00398251 -0.1905 0.002084637 -0.00397104 -0.1905 0.002073936 -0.00782664 -0.179579 0.002432362 -0.00765039 -0.179576 0.00231725 -0.00253524 -0.1905 0.001919547 -0.0126317 -0.1489 0.00335616 -0.0104449 -0.168363 0.00295501 -0.000835514 -0.1905 0.001856192 -0.0083374 -0.157364 0.002019175 -0.00997736 -0.146108 0.002081203 -0.0115361 -0.13478 0.002157815 -0.0128664 -0.143243 0.0035405 -0.0129434 -0.14041 0.00360351 -0.0130397 -0.134738 0.00371443 -0.0129985 -0.137688 0.00366302 -0.0129404 -0.14041 0.00361548 -0.012744 -0.146073 0.0035132 -0.0130701 -0.129062 0.00381624 -0.0130726 -0.126225 0.00385662 -0.0130654 -0.123388 0.00391227 -0.0130724 -0.107835 0.00431157 -0.00430237 -0.0347264 0.00514271 -0.00401133 -0.0295168 0.00381925 -0.00141858 -0.0295241 0.00327339 -0.0110934 -0.0455504 0.00815109 -0.00910946 -0.0455497 0.00762944 -0.00511174 -0.0455485 0.00648748 -0.00315071 -0.0455472 0.00573527 -0.00110175 -0.0732415 0.00288439 -0.00517134 -0.0732413 0.00406112 0.00175936 -0.0677858 0.002504949 -0.00312209 -0.0677854 0.0042632 0.00273031 -0.0650432 0.002452912 -0.00242717 -0.0650428 0.00443725 0.00325149 -0.0622845 0.00253065 -0.00205446 -0.0622844 0.00467584 0.00324292 -0.0595065 0.0027576 -0.00972392 -0.0896834 0.00428624 -0.0111961 -0.0952457 0.00446244 -0.0124342 -0.0952427 0.00368402 -0.0113679 -0.0896821 0.00381162 -0.012886 -0.0952404 0.00339506 -0.0120547 -0.089681 0.00365374 -0.0130846 -0.095239 0.00330704 -0.0123772 -0.0896804 0.00361744 -0.00758771 -0.0786884 0.00397441 -0.0126904 -0.0896797 0.00361908 -0.013179 -0.0952383 0.00328112 -0.013475 -0.100832 0.00304152 -0.0133555 -0.0511198 0.00838697 -0.0109634 -0.0511189 0.00804013 -0.00851507 -0.0511184 0.00750422 -0.00365536 -0.0511174 0.00603981 0.000946103 -0.0511148 0.00396704 -0.013004 -0.0455515 0.00867438 -0.0122568 -0.0400679 0.00828252 -0.0107788 -0.0400672 0.00765017 -0.00972048 -0.0347242 0.0063365 -0.00894896 -0.0373753 0.00667466 -0.00839883 -0.0347247 0.00595838 -0.0056721 -0.0347256 0.00547976 0.00340462 -0.0243728 0.001202916 0.000862371 -0.0243589 0.001657714 -0.00179556 -0.0243498 0.001907701 -0.00666184 -0.0295137 0.00407742 -0.00457584 -0.0243458 0.002017346 -0.00796488 -0.029512 0.00433101 -0.00597347 -0.0243437 0.002141303 -0.00921493 -0.0295092 0.0047799 -0.00734542 -0.0243402 0.002371466 -0.00885703 -0.0269229 0.00386097 -0.00800262 -0.0243384 0.002575456 -0.00752215 -0.0191299 0.000932728 -0.00722218 -0.0191286 0.0006621 -0.00853006 -0.0243454 0.00285634 -0.00926454 -0.0269298 0.00412588 -0.0100244 -0.0295134 0.00539988 -0.0107882 -0.0321079 0.00659547 -0.0115349 -0.0347247 0.00762978 -0.0115661 -0.0347257 0.00772373 -0.00748437 -0.0175364 0.000823103 -0.00748143 -0.0175455 0.000818415 -0.00747631 -0.0175829 0.000810313 -0.00749206 -0.0175321 0.000835532 -0.00749016 -0.0175311 0.000832438 -0.00748817 -0.0175314 0.000829212 -0.00748652 -0.0175327 0.000826551 -0.00749559 -0.0175369 0.000841316 -0.00750472 -0.017565 0.000856519 -0.00753066 -0.0178917 0.000901714 -0.00752573 -0.0179723 0.000892876 -0.00751927 -0.0179971 0.000881484 -0.00751752 -0.0179992 0.000878425 -0.00769645 -0.0191308 0.001179335 -0.00752166 -0.0179916 0.000885678 -0.00793114 -0.0191313 0.001639112 -0.00786539 -0.0191312 0.001520712 -0.00824329 -0.0217546 0.00216356 -0.00874212 -0.0243498 0.00308778 -0.00942485 -0.0269341 0.0043249 -0.0101341 -0.0295169 0.00556275 -0.00751548 -0.018 0.000874897 -0.00751451 -0.018 0.000873218 -0.00750703 -0.0179972 0.00086042 -0.00750179 -0.0179912 0.000851599 -0.00749794 -0.0179821 0.000845187 -0.00749417 -0.0179652 0.000838987 -0.00722239 -0.018 0.00049788 -0.00833944 -0.0217557 0.002465917 -0.00884934 -0.0243526 0.00329703 -0.00950017 -0.0269368 0.00450394 -0.0101813 -0.0295191 0.00570848 -0.0108784 -0.0321116 0.00683488 -0.00890434 -0.0243541 0.00360014 -0.00837741 -0.0217559 0.002545869 -0.0083572 -0.0217557 0.002511451 -0.00812057 -0.0191331 0.001875261 -0.00858686 -0.0217604 0.002679994 -0.00817157 -0.0191337 0.0019455 -0.00821635 -0.0191477 0.002015073 -0.00864812 -0.021762 0.002742557 -0.00974552 -0.0269465 0.00486803 -0.00919136 -0.0243625 0.00376479 -0.00916881 -0.0243618 0.00373423 -0.00892729 -0.0230653 0.00325064 -0.00867261 -0.0217625 0.00277489 -0.00868433 -0.0217628 0.00278961 -0.008928 -0.0243545 0.00362222 -0.0089525 -0.0243551 0.00363049 -0.00902325 -0.0243571 0.00364616 -0.00910876 -0.0243599 0.00367954 -0.0088994 -0.024354 0.00358844 -0.00919974 -0.0256472 0.00416953 -0.00950838 -0.0269382 0.00474179 -0.0103363 -0.0301669 0.00618405 -0.0101663 -0.0295203 0.00590347 -0.0101667 -0.0295203 0.00589784 -0.00983293 -0.0282288 0.00533047 -0.00951 -0.0269382 0.00474939 -0.00889285 -0.0243539 0.00355623 -0.00950888 -0.0269381 0.00471868 -0.00921856 -0.0256476 0.0041852 -0.00952441 -0.0269387 0.00476075 -0.00954312 -0.0269393 0.00476293 -0.00893883 -0.0230656 0.00326454 -0.00920231 -0.0243629 0.00377778 -0.00947431 -0.0256561 0.00431929 -0.00975434 -0.0269468 0.00487904 -0.00938058 -0.0251862 0.00414174 -0.00947802 -0.0256562 0.00432813 -0.00975793 -0.026947 0.00490259 -0.0101708 -0.0295202 0.0058803 -0.0105137 -0.0308143 0.00643799 -0.010509 -0.0308143 0.00645386 -0.010508 -0.0308144 0.00645914 -0.0106812 -0.0314628 0.00672757 -0.010681 -0.0314629 0.0067315 -0.0105079 -0.0308144 0.00646122 -0.0105081 -0.0308144 0.00646297 -0.0103363 -0.030167 0.00618614 -0.0103367 -0.030167 0.00618788 -0.0101666 -0.0295204 0.00590562 -0.0101672 -0.0295204 0.00590738 -0.00983367 -0.0282288 0.0053329 -0.00983479 -0.0282289 0.00533488 -0.00951135 -0.0269383 0.00475235 -0.00951308 -0.0269383 0.00475481 -0.00920429 -0.0256473 0.00417652 -0.0106819 -0.031463 0.0067344 -0.0105106 -0.0308146 0.00646666 -0.0105094 -0.0308145 0.00646565 -0.0103399 -0.0301672 0.00619134 -0.0103385 -0.0301671 0.00619044 -0.0101695 -0.0295205 0.00590992 -0.0106813 -0.0314629 0.00673306 -0.0105086 -0.0308145 0.00646444 -0.0103374 -0.0301671 0.00618929 -0.0101681 -0.0295205 0.0059088 -0.0098363 -0.0282289 0.00533647 -0.00951524 -0.0269384 0.00475683 -0.00983823 -0.028229 0.00533771 -0.0101733 -0.0295207 0.00591142 -0.0103417 -0.0301673 0.00619205 -0.0108564 -0.0321126 0.00699681 -0.0108574 -0.0321127 0.006998 -0.010684 -0.0314631 0.00673653 -0.0108599 -0.0321128 0.00700008 -0.00920717 -0.0256473 0.00417927 -0.00951784 -0.0269385 0.00475846 -0.00984339 -0.0282292 0.00533934 -0.0101857 -0.0295212 0.00591267 -0.0105212 -0.0308151 0.00646972 -0.0089106 -0.0243542 0.00360937 -0.010857 -0.0321124 0.00698292 -0.0108619 -0.0321124 0.00696812 -0.0102579 -0.0295239 0.00592278 -0.0102286 -0.0295228 0.00591652 -0.0105783 -0.0308174 0.00648216 -0.0108879 -0.0321141 0.00701111 -0.0108636 -0.032113 0.00700195 -0.0110366 -0.0327639 0.00725571 -0.0103041 -0.0295258 0.00595707 -0.01032 -0.0295265 0.00597755 -0.0106351 -0.0308204 0.00659399 -0.010336 -0.0295275 0.00603875 -0.0106828 -0.031463 0.00673554 -0.0108558 -0.0321126 0.00699548 -0.0110307 -0.0327636 0.00724772 -0.0108554 -0.0321125 0.00699398 -0.0110305 -0.0327635 0.00724417 -0.0112065 -0.0334161 0.00748995 -0.0110312 -0.0327636 0.00724927 -0.0109445 -0.032438 0.00712552 -0.0109467 -0.0324381 0.00712785 -0.0108553 -0.0321125 0.00699229 -0.0108557 -0.0321124 0.00698818 -0.0112131 -0.033416 0.00746155 -0.0112066 -0.0334161 0.00748599 -0.0115597 -0.0347267 0.00793472 -0.011383 -0.0340705 0.00772501 -0.0115654 -0.0347266 0.00790917 -0.0112085 -0.0334163 0.00749659 -0.0110563 -0.0327648 0.00726691 -0.0110706 -0.0327655 0.00727493 -0.0109052 -0.0321148 0.00701854 -0.0112259 -0.0334172 0.00751306 -0.0112371 -0.0334177 0.00752176 -0.0102844 -0.029525 0.00593693 -0.0105895 -0.0308179 0.00648791 -0.0105993 -0.0308183 0.00649565 -0.0109134 -0.0321152 0.00702428 -0.0109205 -0.0321155 0.00703172 -0.0110774 -0.0327658 0.00728073 -0.0110831 -0.0327661 0.00728808 -0.0112424 -0.033418 0.00752766 -0.0112468 -0.0334182 0.00753496 -0.0113852 -0.0340707 0.00773245 -0.0115603 -0.0347269 0.00795301 -0.00869383 -0.0217629 0.00280869 -0.0134394 -0.045552 0.00883027 -0.0130637 -0.0427961 0.00877587 -0.0125794 -0.0400682 0.00850593 -0.012175 -0.0373756 0.00824514 -0.012243 -0.0373753 0.00842001 -0.0114289 -0.034723 0.0074329 -0.0112363 -0.0347231 0.00717582 -0.0109677 -0.0347234 0.00694461 -0.0112284 -0.0334155 0.00734507 -0.011577 -0.0347263 0.00780731 -0.0134872 -0.0427939 0.00914213 -0.0128957 -0.0400668 0.00891424 -0.01344 -0.0427952 0.00908094 -0.0138118 -0.0455521 0.00901764 -0.0144572 -0.0511202 0.00854435 -0.0140138 -0.0455496 0.00914668 -0.0122626 -0.0373751 0.00855003 -0.0115591 -0.0347268 0.00794425 -0.0113838 -0.0340706 0.00772879 -0.0112106 -0.0334164 0.00749961 -0.0129219 -0.0400653 0.00901566 -0.0114181 -0.0340727 0.00780413 -0.0115684 -0.0347287 0.00808789 -0.0129445 -0.0400647 0.00915789 -0.0135702 -0.0427893 0.00947549 -0.0129152 -0.0400637 0.00923126 -0.0129812 -0.0404848 0.00938697 -0.0139456 -0.044422 0.00952135 -0.0139359 -0.044379 0.009521 -0.0142187 -0.0455461 0.00941286 -0.0139261 -0.0443359 0.00952061 -0.0138872 -0.0441636 0.00951859 -0.0136022 -0.0427908 0.00938711 -0.0129481 -0.0400649 0.00912061 -0.0129439 -0.040065 0.00908638 -0.0135906 -0.0427912 0.00930247 -0.0135441 -0.0427916 0.00923163 -0.0141926 -0.0455465 0.00931623 -0.014119 -0.045547 0.00923763 -0.0147377 -0.0483237 0.00916508 -0.0150858 -0.0511159 0.00877837 -0.0152138 -0.0511155 0.00888644 -0.0157401 -0.0567143 0.00795523 -0.015284 -0.0511137 0.00912699 -0.0141943 -0.0455444 0.00951512 -0.0147803 -0.0483233 0.0092722 -0.0145476 -0.0472763 0.00958756 -0.0139286 -0.0443466 0.00952071 -0.013931 -0.0443574 0.00952081 -0.013965 -0.0445082 0.00952191 -0.0140421 -0.0448532 0.00952239 -0.0110913 -0.0327666 0.00730557 -0.0112572 -0.033419 0.0075687 -0.0112517 -0.0334194 0.0076286 -0.0114408 -0.0342028 0.00790943 -0.0135303 -0.0677857 0.00617615 -0.0134641 -0.0567162 0.00769881 -0.0106084 -0.0622844 0.00682519 -0.0106986 -0.0567158 0.00752794 -0.00789645 -0.0567156 0.00700921 -0.00827469 -0.0677856 0.00569392 -0.00771375 -0.0622844 0.00634978 -0.012914 -0.123424 0.002301747 -0.0133318 -0.117752 0.002406325 -0.0136079 -0.112092 0.002548586 -0.0137198 -0.106449 0.002735653 -0.0136449 -0.100829 0.00297465 -0.0133606 -0.0952369 0.0032727 -0.00510012 -0.187783 0.002199846 -0.00611416 -0.185058 0.002298646 -0.00786004 -0.17958 0.002484175 -0.0119485 -0.134773 0.002211172 -0.0130255 -0.123421 0.002323359 -0.0134062 -0.11775 0.002423089 -0.0136573 -0.11209 0.00256224 -0.0137603 -0.106447 0.002748563 -0.0136969 -0.100827 0.0029898 -0.0134489 -0.0952361 0.00329371 -0.00447158 -0.0786883 0.00344102 -0.00976359 -0.0841625 0.0039089 -0.0108078 -0.0841623 0.00393879 -0.0118229 -0.084162 0.0040357 -0.0137062 -0.0924506 0.00378916 -0.0148569 -0.0511181 0.00865764 -0.0153947 -0.0567153 0.00779097 -0.0155965 -0.0622844 0.00689049 -0.014808 -0.0567164 0.00768408 -0.0149175 -0.0622844 0.00678278 -0.0148424 -0.0677857 0.00610541 -0.0146518 -0.0732424 0.005639 -0.0151071 -0.073243 0.00576166 -0.0146602 -0.0786897 0.00544386 -0.0147951 -0.0786899 0.00557677 -0.0144177 -0.0786894 0.00531101 -0.0136024 -0.0427911 0.00934204 -0.0142128 -0.0455464 0.00936131 -0.0147667 -0.0483236 0.00921549 -0.0152511 -0.0511154 0.00894168 -0.0159101 -0.0567141 0.00809637 -0.0152732 -0.0511151 0.00900219 -0.0159988 -0.0567139 0.00822229 -0.0160526 -0.0567132 0.00835958 -0.0162861 -0.0622845 0.00736958 -0.0163688 -0.0622845 0.00750559 -0.0160852 -0.0677871 0.00667442 -0.0161671 -0.0677874 0.0067937 -0.01555 -0.0732438 0.00614059 -0.0156086 -0.0732441 0.0062329 -0.0148781 -0.07869 0.00572333 -0.0149028 -0.0786902 0.00578512 -0.014142 -0.0841613 0.00494929 -0.0140373 -0.0841613 0.00484299 -0.0141201 -0.0855361 0.00488071 -0.0140247 -0.0869136 0.00468907 -0.0141005 -0.0869135 0.00481392 -0.0141244 -0.0869135 0.00487497 -0.0141523 -0.085536 0.00493789 -0.0141693 -0.085536 0.00498836 -0.0142109 -0.0841613 0.00504966 -0.0142412 -0.0841612 0.00512876 -0.0138508 -0.0869138 0.00447853 -0.0138082 -0.0841614 0.00466587 -0.0140454 -0.0827893 0.00492369 -0.0142567 -0.0827893 0.00511228 -0.014016 -0.0896764 0.00454472 -0.0143464 -0.0827893 0.00525233 -0.0145152 -0.0814203 0.00542854 -0.0144449 -0.0814202 0.00531402 -0.0143067 -0.0814202 0.00517627 -0.0140551 -0.0814202 0.00500697 -0.0137616 -0.0814202 0.00486816 -0.0133223 -0.0841616 0.00441299 -0.0134727 -0.0869142 0.00418566 -0.0136006 -0.0896775 0.00397804 -0.0142687 -0.0841609 0.00534329 -0.0143869 -0.0827892 0.00535831 -0.0142682 -0.0841609 0.00528989 -0.0142556 -0.0841611 0.00519188 -0.0141771 -0.0855359 0.00507034 -0.0141315 -0.0869134 0.00492836 -0.0140973 -0.0882934 0.00486962 -0.0140994 -0.0882935 0.00481352 -0.0140737 -0.089676 0.00478397 -0.0140769 -0.0896761 0.00475351 -0.0140752 -0.0896761 0.00472071 -0.0140184 -0.09523 0.00448927 -0.0140208 -0.0952301 0.00444844 -0.0139805 -0.100817 0.00427972 -0.0139069 -0.112072 0.00391636 -0.0137454 -0.123395 0.00361069 -0.0138882 -0.112071 0.00395939 -0.0139638 -0.100817 0.0043208 -0.0140085 -0.0952299 0.00452709 -0.0138882 -0.0896767 0.00430543 -0.0139199 -0.0924494 0.00414586 -0.0140049 -0.0952305 0.00428289 -0.0139931 -0.100818 0.00405376 -0.0139925 -0.0952298 0.00456194 -0.0140675 -0.0896762 0.00468555 -0.0139348 -0.0882924 0.00512818 -0.0140582 -0.0869127 0.00515832 -0.0139661 -0.0882925 0.00509506 -0.0140954 -0.086913 0.00507456 -0.0140254 -0.0882929 0.00501762 -0.0140651 -0.0882932 0.00495679 -0.0140166 -0.0896757 0.0049016 -0.0140665 -0.089676 0.00481211 -0.0139617 -0.0896754 0.0049618 -0.0138821 -0.0896748 0.00503344 -0.0138418 -0.0896747 0.00506081 -0.0142567 -0.0841608 0.00541263 -0.0145601 -0.0814203 0.00559172 -0.0142648 -0.0841609 0.0053783 -0.0145527 -0.0814203 0.00554443 -0.0145412 -0.0814203 0.00549814 -0.0145605 -0.0814204 0.00567504 -0.0149038 -0.0788121 0.00587726 -0.0138594 -0.0882919 0.00518822 -0.0137635 -0.0896742 0.00509938 -0.0139865 -0.0869123 0.00526005 -0.0137803 -0.0896743 0.00509118 -0.0139979 -0.0869123 0.00524601 -0.0140195 -0.0869125 0.00522291 -0.0136437 -0.123401 0.0030835 -0.0141185 -0.0869132 0.00501303 -0.014172 -0.0855357 0.00513263 -0.0141588 -0.0855355 0.00522324 -0.0141478 -0.0855354 0.00526936 -0.0141371 -0.0855354 0.0052993 -0.014122 -0.0855352 0.0053278 -0.0142516 -0.0841607 0.00543353 -0.0138665 -0.0952291 0.00469078 -0.0137634 -0.0952286 0.00474903 -0.0138519 -0.0924474 0.00485337 -0.0136196 -0.0952277 0.00480232 -0.0137369 -0.0924467 0.00491489 -0.0135508 -0.0952275 0.00481142 -0.0136809 -0.0924466 0.00493222 -0.0135051 -0.0952274 0.00481549 -0.0138133 -0.0896746 0.00507768 -0.0139796 -0.0869122 0.0052701 -0.0138616 -0.0882919 0.00518637 -0.0137538 -0.0896742 0.00510589 -0.0136529 -0.0910588 0.00502944 -0.0135603 -0.0924458 0.00495712 -0.0135582 -0.0924458 0.00495984 -0.0136477 -0.0910588 0.00503513 -0.0137436 -0.0896754 0.00511697 -0.0135513 -0.0924461 0.00497222 -0.0132922 -0.0980159 0.00468536 -0.0132602 -0.0986271 0.00466294 -0.0136557 -0.0910588 0.00502858 -0.0132633 -0.0985397 0.00466677 -0.0132814 -0.0980159 0.00468999 -0.0132826 -0.0980159 0.00468995 -0.0132793 -0.0981032 0.00468606 -0.013245 -0.0990639 0.00464395 -0.0132391 -0.0992386 0.00463643 -0.013232 -0.0994134 0.00462895 -0.0132696 -0.0983651 0.00467445 -0.0132665 -0.0984524 0.0046706 -0.0132571 -0.0987144 0.00465912 -0.013254 -0.0988018 0.00465531 -0.0133391 -0.0966202 0.00475366 -0.0132333 -0.0994134 0.00462895 -0.0132276 -0.0995883 0.00462151 -0.0138569 -0.0882919 0.00519195 -0.0139692 -0.0869122 0.0052981 -0.0139757 -0.0869122 0.0052768 -0.0142416 -0.0841607 0.00547922 -0.0137449 -0.0896749 0.00511602 -0.0137466 -0.0896741 0.00511358 -0.0137484 -0.0896741 0.00511045 -0.0136505 -0.0909126 0.0050604 -0.0137431 -0.0896751 0.00511785 -0.013744 -0.0896748 0.00511656 -0.0136458 -0.0910588 0.0050374 -0.01374 -0.0896741 0.00513089 -0.0140366 -0.0869126 0.00519768 -0.016233 -0.0679222 0.00695032 -0.0156344 -0.0732442 0.0062887 -0.0154736 -0.0746658 0.00623742 -0.0149127 -0.0786902 0.00582275 -0.0149205 -0.0786903 0.00588714 -0.0128782 -0.040063 0.00933258 -0.01375 -0.112085 0.002668995 -0.0152972 -0.0511127 0.00928295 -0.0160992 -0.0566439 0.00855029 -0.016385 -0.0655594 0.00724413 -0.0128446 -0.0896794 0.00363692 0.00844922 -0.0204529 0.001119047 0.00869383 -0.0217629 0.00069131 0.00835139 -0.0204561 0.001044408 0.00857345 -0.0217672 0.00064195 0.00824599 -0.0193173 0.001441094 0.00806575 -0.0191373 0.001316151 0.00821396 -0.0191341 0.001488412 0.00780267 -0.0166536 0.001987878 0.00774003 -0.0164637 0.001936583 0.00825822 -0.0204591 0.00099095 0.008454 -0.0217713 0.00061442 0.00885921 -0.0243735 -0.00025788 0.00865402 -0.0230755 0.00019525 0.0088021 -0.0230708 0.00019406 0.00820317 -0.0217791 0.00059163 0.00806899 -0.0204649 0.000912153 0.00793144 -0.0191404 0.0011885 0.00847133 -0.0243833 -0.00015294 0.0087558 -0.0269668 -0.00098724 0.00751146 -0.0295561 -0.00093858 0.00765833 -0.0204741 0.000791603 0.00764458 -0.0217915 0.00059809 0.00758509 -0.0243987 0.00014135 0.00707271 -0.0178028 0.00034017 0.00720009 -0.0164461 0.00028906 0.00742141 -0.0156402 0.00072917 0.00736484 -0.0184765 0.00067304 0.00731963 -0.0191469 0.00065142 0.0068734 -0.0191449 0.00039966 0.00719775 -0.0204774 0.00059835 0.00661112 -0.0204737 0.00046584 0.00629932 -0.0217909 0.00053605 0.005581 -0.024398 0.00067814 0.00414254 -0.0295554 0.000895366 0.00876777 -0.0221483 0.00055534 0.00894739 -0.0230658 0.00021523 0.00920952 -0.024363 -0.00029913 0.00975793 -0.026947 -0.00140259 0.00907643 -0.0295437 -0.00185331 0.00782847 -0.0347369 -0.00202627 0.00341975 -0.0347367 0.000883325 0.0107854 -0.0314614 -0.00336121 0.00359592 -0.0373736 0.00073884 0.000257086 -0.0400611 0.00315216 0.00421764 -0.0400557 0.00048757 0.0106122 -0.0455307 -0.00337342 0.0157168 -0.0536799 -0.00547307 0.00737701 -0.018 0.00067002 0.00698176 -0.0184757 0.00036892 0.00661192 -0.0191429 0.00030068 0.00551043 -0.0217797 0.00056398 0.00712357 -0.0164478 0.00019665 0.00686441 -0.0178032 0.00019691 -0.0048501 -0.015 -0.00063568 -0.00334555 -0.015 -0.00057536 -0.00423232 -0.019128 0.00029791 -0.00185085 -0.015 -0.00054185 -0.00274098 -0.0191287 0.00028074 0.00104672 -0.015 -0.00050927 0.000172573 -0.0191299 0.00026578 0.00373894 -0.015 -0.00043864 0.00290318 -0.0191328 0.00023138 0.00540965 -0.0191371 0.00016834 0.00595576 -0.0191385 0.00016394 0.00631708 -0.0191406 0.00021893 -0.00685383 -0.0179985 0.00022243 0.0045238 -0.024384 0.000957675 0.00117207 -0.0295352 0.0023265 -0.000212765 -0.0347309 0.00311049 -0.00297065 -0.0347277 0.00457052 -0.00317065 -0.0373749 0.00494095 -0.00458594 -0.0373751 0.00562374 0.010336 -0.0295275 -0.00253875 -0.000251404 -0.0373745 0.00324125 -0.00288481 -0.0400641 0.00506844 -0.00442848 -0.0400652 0.00586026 -0.00126413 -0.0455453 0.00474654 0.00243666 -0.0455404 0.0024854 0.00638412 -0.0455312 -0.00021723 0.0124236 -0.0511024 -0.00353974 0.00522241 -0.0511107 0.001507444 0.00897063 -0.051103 -0.0009657 0.0101174 -0.0539054 -0.00127157 0.0137932 -0.056708 -0.00338851 0.0161226 -0.0568628 -0.00501734 0.0141767 -0.0622847 -0.00293615 0.016451 -0.0626669 -0.00413868 0.0138595 -0.0650455 -0.00260533 0.016233 -0.0679222 -0.00345032 0.0132444 -0.0677894 -0.00222108 0.0158195 -0.0719687 -0.00300181 0.0114023 -0.0732454 -0.00135741 0.0156607 -0.0732443 -0.00287355 0.0149205 -0.0786903 -0.00238714 0.00921391 -0.0786903 -0.00047544 0.0149038 -0.0788121 -0.00237726 0.00723649 -0.0841612 0.00029604 0.0142416 -0.0841607 -0.00197922 0.00577058 -0.0896773 0.000889749 0.013857 -0.0882015 -0.00171828 0.01374 -0.0896741 -0.00163089 0.0133966 -0.0952266 -0.00133511 0.00477809 -0.0952345 0.001319564 0.0131831 -0.100813 -0.00108567 0.00419771 -0.100827 0.001604898 0.0131803 -0.100913 -0.00108159 0.0130768 -0.105995 -0.00089118 0.00679577 -0.0732444 0.00021496 0.00289065 -0.0732423 0.001584615 0.00989048 -0.0677888 -0.00087086 0.00630918 -0.0677867 0.00064594 0.0109436 -0.0650452 -0.00126422 0.00746579 -0.0650438 0.00035979 0.0115126 -0.0622847 -0.00150903 0.00808156 -0.0622845 0.00025108 0.0115099 -0.0595041 -0.00157713 0.00805976 -0.0595057 0.00035015 0.0110044 -0.0567084 -0.00148668 0.0074816 -0.0567121 0.00062658 -0.0047582 -0.0841626 0.00376979 -0.00010942 -0.0841619 0.002560076 -0.00556314 -0.0896824 0.0041777 -0.00250613 -0.0896807 0.00337337 -0.00732531 -0.0952444 0.00472477 -0.0040937 -0.0952413 0.00391545 -0.00828883 -0.100842 0.00501245 -0.00497035 -0.100838 0.00421869 -0.00856235 -0.106469 0.0050761 -0.00523428 -0.106463 0.00431551 -0.00825453 -0.112119 0.00495108 -0.00498371 -0.112112 0.0042383 -0.00431685 -0.117777 0.00401946 -0.00113945 -0.0786886 0.002735271 0.00315658 -0.0786896 0.001455227 -0.00749954 -0.0841627 0.00394946 -0.00621055 -0.0841627 0.00398226 -0.00867868 -0.0896835 0.00454155 -0.00741142 -0.0896833 0.00451001 -0.0103098 -0.0952462 0.00487416 -0.00916346 -0.0952459 0.00497565 -0.0112018 -0.100844 0.00500797 -0.010121 -0.100844 0.00519998 -0.0114524 -0.106472 0.00497088 -0.0103906 -0.106472 0.00521625 -0.0111595 -0.112121 0.00479078 -0.0100791 -0.112122 0.00505771 -0.00933408 -0.123464 0.00411308 -0.00813895 -0.123465 0.00434927 -0.00515393 -0.134823 0.00334072 -0.00197726 -0.146144 0.002298115 0.00819591 -0.178421 0.000911034 0.00786639 -0.179593 0.00095693 0.00463744 -0.188941 0.001336757 0.00398478 -0.1905 0.001401377 -0.00611296 -0.185064 0.002322968 -0.00787719 -0.179555 0.002544549 -0.0061156 -0.185058 0.002307215 -0.00786847 -0.179584 0.002515687 -0.00398478 -0.1905 0.002098623 -0.0135357 -0.0952354 0.00333522 -0.0137473 -0.100826 0.00302847 0.00742333 -0.018 0.00276815 0.00733691 -0.018 0.00287924 0.00735051 -0.018 0.00286293 0.0072714 -0.018 0.00295252 -0.00686838 0.015 4.03e-06 -0.006 0.015 -0.0002 -0.006 0.0149848 -0.00012346 -0.00727261 0.015 0.00027252 -0.0068343 0.0149848 7.256e-05 -0.00732806 0.0149863 0.00042321 -0.0068054 0.0149414 0.00013065 -0.00736414 0.0149469 0.00055392 -0.00738199 0.0148976 0.00063544 -0.0067861 0.0148765 0.00016947 -0.00738581 0.0148774 0.00065598 -0.00729171 0.0148 0.00056933 -0.00738949 0.0148 0.00068613 -0.00738981 0.0148308 0.00068263 -0.006 0.0149732 -0.0001 -0.006 0.0148765 -1.522e-05 -0.006 0.0149 -2.679e-05 -0.006 0.0149414 -5.858e-05 -0.006 0.0148 -9.992007e-16 -0.00677932 0.0148 0.0001831 -0.00738813 0.0148588 0.00066989 -0.006 0.015 -0.0002 0.006 0.015 -0.0002 -0.006 0.0149848 -0.00012346 0.006 0.0149848 -0.00012346 -0.006 0.0149732 -0.0001 0.006 0.0149732 -0.0001 -0.006 0.0149414 -5.858e-05 0.006 0.0149414 -5.858e-05 -0.006 0.0149 -2.679e-05 0.006 0.0149 -2.679e-05 -0.006 0.0148765 -1.522e-05 0.006 0.0148765 -1.522e-05 -0.006 0.0148 -9.992007e-16 0.006 0.0148 -1.040834e-15 0.00745802 0.0149136 0.00071954 0.00748673 0.0148804 0.000795315 0.00687293 0.0148765 0.00021572 0.007499 0.0148227 0.000844449 0.00749819 0.0148 0.000845605 0.00749767 0.0148423 0.000836026 0.00729171 0.0148 0.00056933 0.0074933 0.0148637 0.000817755 0.00738618 0.0149441 0.00058416 0.0069597 0.0149999 6.096e-05 0.00699627 0.0149984 0.00010352 0.00692646 0.0149848 0.00012164 0.00717766 0.0149777 0.00031262 0.00689437 0.0149414 0.00017804 0.00694547 0.015 4.454e-05 0.006 0.0149848 -0.00012346 0.006 0.015 -0.0002 0.006 0.0148765 -1.522e-05 0.006 0.0149 -2.679e-05 0.006 0.0149414 -5.858e-05 0.006 0.0149732 -0.0001 0.0068654 0.0148 0.00022896 0.00657799 0.0148 9.82e-05 0.006 0.0148 -1.040834e-15 0.00643916 0.015 -0.00040169 0.00694547 0.015 4.454e-05 0.006 0.015 -0.0002 0.0063692 0.015 -0.00044278 0.00334555 0.015 -0.00057536 0.0048501 0.015 -0.00063568 -0.00727261 0.015 0.00027252 -0.0072596 0.015 0.00024351 -0.00686838 0.015 4.03e-06 -0.00720228 0.015 0.00013737 -0.00713204 0.015 3.918e-05 0.00552942 0.015 -0.00067662 0.00566553 0.015 -0.00066923 -0.00598008 0.015 -0.00032538 -0.006 0.015 -0.0002 -0.00671552 0.015 -0.00024478 -0.00699784 0.015 -9.467e-05 -0.00373894 0.015 -0.00043864 -0.00104672 0.015 -0.00050927 0.00185085 0.015 -0.00054185 -0.00684905 0.018 0.00328024 -0.00678583 0.018 0.00331364 -0.00678596 0.018 0.00331352 -0.00672131 0.018 0.00334443 -0.00695485 -0.018 0.00028345 -0.00685383 -0.018 0.00022243 -0.00685374 -0.018 0.00022265 -0.00674893 -0.018 0.00016835 -0.00695485 -0.018 0.00028345 -0.00685383 -0.0179985 0.00022243 -0.00685383 -0.018 0.00022243 -0.00674893 -0.018 0.00016835 -0.0038138 -0.1905 0.002208181 -0.00389737 -0.1905 0.002183442 -0.00343775 -0.1905 0.001980309 -0.00397643 -0.1905 0.002125932 -0.00397975 -0.1905 0.002119143 -0.00398478 -0.1905 0.002098623 -0.00390532 -0.1905 0.002047891 -0.00398552 -0.1905 0.002092627 0.00398478 -0.1905 0.001401377 0.00264813 -0.1905 0.001570094 0.00139605 -0.1905 0.001677836 0.000983231 -0.1905 0.001800103 0.000185213 -0.1905 0.001789576 9.89905e-05 -0.1905 0.001922033 -0.000835514 -0.1905 0.001856192 -0.00150645 -0.1905 0.002117957 -0.00253524 -0.1905 0.001919547 -0.00237757 -0.1905 0.002200569 -0.00334355 -0.1905 0.002245259 -0.00398324 -0.1905 0.002085787 -0.00398251 -0.1905 0.002084637 -0.00397104 -0.1905 0.002073936 -0.00394198 -0.1905 0.002160551 -0.00397031 -0.1905 0.002135092 0.00684905 -0.018 0.00328024 0.00678583 -0.018 0.00331364 0.00678596 -0.018 0.00331352 0.00672131 -0.018 0.00334443 -0.00729961 -0.018 0.00057803 -0.0072222 -0.018 0.00049751 -0.00722239 -0.018 0.00049788 -0.00713981 -0.018 0.00042209 -0.00729961 -0.018 0.00057803 -0.00722227 -0.0179982 0.00049758 -0.0072222 -0.018 0.00049751 -0.00713981 -0.018 0.00042209 -0.00750964 -0.0177825 0.000864855 -0.00749794 -0.0179821 0.000845187 -0.00750179 -0.0179912 0.000851599 -0.00748652 -0.0175327 0.000826551 -0.00748437 -0.0175364 0.000823103 -0.0074932 -0.0175553 0.000837393 -0.00748817 -0.0175314 0.000829212 -0.00749016 -0.0175311 0.000832438 -0.00749206 -0.0175321 0.000835532 -0.00748143 -0.0175455 0.000818415 -0.00747631 -0.0175829 0.000810313 -0.00749417 -0.0179652 0.000838987 -0.00752573 -0.0179723 0.000892876 -0.00753066 -0.0178917 0.000901714 -0.00750472 -0.017565 0.000856519 -0.00749559 -0.0175369 0.000841316 -0.00750703 -0.0179972 0.00086042 -0.00751451 -0.018 0.000873218 -0.00751548 -0.018 0.000874897 -0.00752166 -0.0179916 0.000885678 -0.00751927 -0.0179971 0.000881484 -0.00751752 -0.0179992 0.000878425 0.00684905 -0.018 0.00328024 0.00678588 -0.0179986 0.00331362 0.00678583 -0.018 0.00331364 0.00672131 -0.018 0.00334443 -0.00643916 -0.015 -0.00040169 -0.00694547 -0.015 4.454e-05 -0.006 -0.015 -0.0002 -0.0063692 -0.015 -0.00044278 -0.00334555 -0.015 -0.00057536 -0.0048501 -0.015 -0.00063568 0.00727261 -0.015 0.00027252 0.0072596 -0.015 0.00024351 0.00686838 -0.015 4.03e-06 0.00720228 -0.015 0.00013737 0.00713204 -0.015 3.918e-05 -0.00552942 -0.015 -0.00067662 -0.00566553 -0.015 -0.00066923 0.00598008 -0.015 -0.00032538 0.006 -0.015 -0.0002 0.00671552 -0.015 -0.00024478 0.00699784 -0.015 -9.467e-05 0.00373894 -0.015 -0.00043864 0.00104672 -0.015 -0.00050927 -0.00185085 -0.015 -0.00054185 0.00770832 -0.015 0.002494121 0.00762948 -0.015 0.002388209 0.00729171 -0.015 0.00293067 0.00740229 -0.015 0.0030846 0.00735878 -0.015 0.0030982 0.00704989 -0.015 0.00315008 0.00759362 -0.015 0.00299256 0.00761973 -0.015 0.00297287 0.00767129 -0.015 0.00292103 0.00771896 -0.015 0.00282628 0.00773542 -0.015 0.002583279 -0.002 2.451856e-15 -1.013079e-15 -0.002 2.452399e-15 0.0035 -0.00173205 -0.001 -1.013079e-15 -0.00173205 -0.001 0.0035 -0.001 -0.00173205 -1.013079e-15 -0.001 -0.00173205 0.0035 -8.881784e-16 -0.002 -1.020017e-15 -8.881784e-16 -0.002 0.0035 0.001 -0.00173205 -1.020017e-15 0.001 -0.00173205 0.0035 0.00173205 -0.001 -1.026956e-15 0.00173205 -0.001 0.0035 0.002 2.477613e-15 -1.026956e-15 0.002 2.477667e-15 0.0035 0.00173205 0.001 -1.026956e-15 0.00173205 0.001 0.0035 0.001 0.00173205 -1.020017e-15 0.001 0.00173205 0.0035 -8.881784e-16 0.002 -1.020017e-15 -8.881784e-16 0.002 0.0035 -0.001 0.00173205 -1.013079e-15 -0.001 0.00173205 0.0035 -0.00173205 0.001 -1.013079e-15 -0.00173205 0.001 0.0035 -0.0016 -0.006 -1.013079e-15 -0.0016 -0.006 0.0035 -0.00138564 -0.0068 -1.013079e-15 -0.00138564 -0.0068 0.0035 -0.0008 -0.00738564 -1.020017e-15 -0.0008 -0.00738564 0.0035 -8.326673e-16 -0.0076 -1.020017e-15 -8.326673e-16 -0.0076 0.0035 0.0008 -0.00738564 -1.020017e-15 0.0008 -0.00738564 0.0035 0.00138564 -0.0068 -1.026956e-15 0.00138564 -0.0068 0.0035 0.0016 -0.006 -1.026956e-15 0.0016 -0.006 0.0035 0.00138564 -0.0052 -1.026956e-15 0.00138564 -0.0052 0.0035 0.0008 -0.00461436 -1.020017e-15 0.0008 -0.00461436 0.0035 -8.326673e-16 -0.0044 -1.020017e-15 -8.326673e-16 -0.0044 0.0035 -0.0008 -0.00461436 -1.020017e-15 -0.0008 -0.00461436 0.0035 -0.00138564 -0.0052 -1.013079e-15 -0.00138564 -0.0052 0.0035 -0.0016 0.006 -1.013079e-15 -0.0016 0.006 0.0035 -0.00138564 0.0052 -1.013079e-15 -0.00138564 0.0052 0.0035 -0.0008 0.00461436 -1.020017e-15 -0.0008 0.00461436 0.0035 -9.436896e-16 0.0044 -1.020017e-15 -9.436896e-16 0.0044 0.0035 0.0008 0.00461436 -1.020017e-15 0.0008 0.00461436 0.0035 0.00138564 0.0052 -1.026956e-15 0.00138564 0.0052 0.0035 0.0016 0.006 -1.026956e-15 0.0016 0.006 0.0035 0.00138564 0.0068 -1.026956e-15 0.00138564 0.0068 0.0035 0.0008 0.00738564 -1.020017e-15 0.0008 0.00738564 0.0035 -9.436896e-16 0.0076 -1.020017e-15 -9.436896e-16 0.0076 0.0035 -0.0008 0.00738564 -1.020017e-15 -0.0008 0.00738564 0.0035 -0.00138564 0.0068 -1.013079e-15 -0.00138564 0.0068 0.0035 -0.0131977 0.0539049 -0.00350279 -0.015751 0.0539126 -0.00544194 -0.0161067 0.0567127 -0.00503994 -0.00890323 0.0400555 -0.00287319 -0.0128782 0.040063 -0.00583258 -0.0140169 0.0448593 -0.00614477 -0.0116084 0.0348931 -0.0046419 -0.0123381 0.0378675 -0.00545053 -0.00825722 0.0373736 -0.00249274 0.0138907 0.100822 0.00332532 0.0139713 0.10082 0.00374135 0.0139448 0.0952313 0.00399912 0.013248 0.0989765 0.00464773 0.013251 0.0988891 0.00465152 0.0131831 0.100813 0.00458567 0.0132728 0.0982778 0.00467831 0.0132761 0.0981905 0.00468218 0.0133966 0.0952266 0.00483511 0.0136513 0.0910588 0.00503036 0.0137499 0.0896741 0.00510838 0.0137512 0.0896741 0.00510722 0.0142687 0.0841609 0.00534329 0.0142648 0.0841609 0.0053783 0.0145527 0.0814203 0.00554443 0.0139334 0.0924479 0.00479425 0.0140139 0.0924483 0.00470066 0.0139719 0.0952297 0.00459378 0.0154638 0.0677863 0.00621904 0.0158322 0.0677868 0.00641334 0.0159998 0.0622845 0.00708556 0.0153731 0.0732435 0.00593093 0.0109089 0.0677857 0.0061062 0.0121907 0.0786891 0.00479149 0.0137119 0.0786893 0.00508668 0.0137895 0.0952329 0.00361806 0.0136213 0.0952346 0.00340057 0.0137963 0.100825 0.0030944 0.0129977 0.089679 0.00366804 0.0133009 0.0896783 0.00378012 0.0128251 0.0841617 0.00424138 0.0134799 0.0924518 0.00358065 0.0115772 0.034728 0.00799519 0.0115603 0.0347269 0.00795301 0.0122166 0.0373748 0.00884029 0.0128691 0.0400677 0.00884589 0.0128186 0.0400683 0.00875796 0.013362 0.0427962 0.00900105 0.0092067 0.024363 0.00378654 0.00920952 0.024363 0.00379913 0.00894739 0.0230658 0.00328477 0.0113852 0.0340707 0.00773245 0.0110338 0.0327638 0.00725329 0.0110318 0.0327637 0.00725069 0.0112071 0.0334162 0.00749343 0.010931 0.0321161 0.00704962 0.0109405 0.0321172 0.00712729 0.0106145 0.030819 0.00651455 0.0106873 0.0314632 0.00673816 0.010516 0.0308149 0.00646875 0.010512 0.0308147 0.00646749 0.0102579 0.0295239 0.00592278 0.0102844 0.029525 0.00593693 0.00910876 0.0243599 0.00367954 0.00840148 0.0217561 0.002572037 0.00843038 0.0217566 0.002593086 0.0079933 0.0191316 0.001728481 0.0106044 0.0321041 0.00637477 0.00973569 0.0295078 0.00515577 0.0094956 0.0295081 0.00495617 0.00912121 0.0786886 0.00425279 0.0106547 0.0786888 0.00452465 0.00936408 0.0732418 0.00508144 0.00206043 0.059507 0.0049851 0.00239063 0.0567153 0.00533959 -0.00277494 0.0567141 0.00310379 0.00604363 0.0373752 0.0060532 0.00602284 0.040066 0.00639357 0.00921943 0.0400668 0.0071795 0.00928603 0.17407 0.002705508 0.0104111 0.168502 0.00287495 0.010402 0.168527 0.00286116 0.0112785 0.162954 0.00303048 0.00401441 0.168492 0.001611708 0.0012016 0.168483 0.001358215 0.00089267 0.179492 0.001466928 0.0106804 0.134792 0.002197905 0.00976797 0.134803 0.002374742 0.00751047 0.146127 0.002021631 0.0122811 0.14043 0.002508978 0.0117894 0.140437 0.002308035 0.011161 0.146097 0.002289795 0.0129042 0.143244 0.00350322 0.0127812 0.146074 0.00344339 0.0127664 0.146074 0.00346521 0.0128731 0.143244 0.00353284 0.0129604 0.140411 0.00358541 0.0129739 0.140411 0.00357636 0.0130606 0.134738 0.00369003 0.0130657 0.134738 0.00368914 0.0130235 0.137575 0.00363728 0.0131127 0.140417 0.00324767 0.0130795 0.140417 0.00318345 0.0128995 0.14325 0.00312337 0.013077 0.127643 0.00382711 0.0130766 0.129062 0.00380049 0.0130755 0.129062 0.00380108 0.0135975 0.12907 0.00347326 0.0135949 0.129069 0.00351092 0.0137357 0.123395 0.00365097 0.0128398 0.12909 0.002373535 0.0123523 0.134766 0.002333178 0.0127477 0.134759 0.00254765 0.0130992 0.105021 0.00441001 0.0130793 0.106427 0.00436106 0.0130778 0.106427 0.00436097 0.0130611 0.109244 0.00426691 0.0130489 0.112065 0.00418318 0.0130463 0.112065 0.0041835 0.0130684 0.109244 0.00426894 0.0130744 0.112065 0.00418944 -0.00738981 0.0148308 0.00068263 -0.00738949 0.0148 0.00068613 -0.00740091 0.01507 0.00070121 -0.00774118 0.0171494 0.001574535 -0.00774927 0.0167604 0.001800556 -0.00787568 0.0178042 0.00158134 0.00770001 0.0163066 0.001334712 0.00769719 0.0163074 0.001323348 0.00771836 0.0164658 0.001343528 0.00713981 0.018 0.00042209 0.00643916 0.015 -0.00040169 0.00722218 0.0191286 0.0006621 0.00722239 0.018 0.00049788 0.00752215 0.0191299 0.000932728 0.00769645 0.0191308 0.001179335 0.00729961 0.018 0.00057803 0.00722266 0.0164696 0.00041698 0.00722227 0.0179982 0.00049758 0.00717766 0.0149777 0.00031262 0.00699627 0.0149984 0.00010352 0.0069597 0.0149999 6.096e-05 0.00694547 0.015 4.454e-05 0.00749819 0.0148 0.000845605 0.007499 0.0148227 0.000844449 0.0075215 0.0150645 0.000885395 0.00749767 0.0148423 0.000836026 0.0074933 0.0148637 0.000817755 0.00748673 0.0148804 0.000795315 0.00745802 0.0149136 0.00071954 0.00738618 0.0149441 0.00058416 0.00748678 0.0164689 0.000790535 0.00765721 0.0164683 0.001111208 0.00769439 0.0163046 0.001312352 0.00768972 0.0162934 0.001294636 0.00767874 0.0162463 0.001255696 0.00763469 0.0159972 0.001125276 0.00772262 0.0161401 0.001441634 0.00771695 0.0162146 0.001411488 0.00777294 0.0164642 0.001484852 0.0077091 0.0162766 0.001373859 0.00770303 0.016301 0.001347253 -0.00772262 0.0161401 0.002058366 -0.00777294 0.0164642 0.002015148 -0.00773961 0.0164553 0.00194037 -0.00774003 0.0164637 0.001936583 -0.00766815 0.0176111 0.001221047 -0.00770303 0.0174597 0.001347279 -0.00778803 0.0178036 0.001413433 -0.00751549 0.018 0.0008749 -0.00752381 0.0179963 0.00088947 -0.00765315 0.0191452 0.000956518 -0.00753414 0.0179841 0.000908034 -0.0075496 0.0179559 0.000936826 -0.00762287 0.0178027 0.001088826 -0.00744069 0.0179756 0.000756423 -0.00742809 0.0179966 0.00073853 -0.00739797 0.0178024 0.00069126 -0.00744728 0.0179899 0.000766197 -0.00744413 0.0179927 0.000761576 -0.00743846 0.0179949 0.000753338 -0.00744937 0.0179861 0.000769272 -0.00745103 0.0179798 0.000771732 -0.00745297 0.0179545 0.000774609 -0.00745423 0.0178538 0.000776495 -0.00745414 0.0174511 0.000776353 -0.00742638 0.0164429 0.00071729 -0.00744204 0.0164428 0.000758529 -0.00725831 0.0150763 0.00024571 -0.0072596 0.015 0.00024351 -0.00727261 0.015 0.00027252 -0.00732806 0.0149863 0.00042321 -0.00736414 0.0149469 0.00055392 -0.00738199 0.0148976 0.00063544 -0.00738581 0.0148774 0.00065598 -0.00738813 0.0148588 0.00066989 -0.00720228 0.015 0.00013737 -0.00703568 0.0164496 0.00011125 -0.00713204 0.015 3.918e-05 -0.00681961 0.0164534 -3.694e-05 -0.00699784 0.015 -9.467e-05 -0.0065157 0.0164568 -0.00014581 -0.00671552 0.015 -0.00024478 -0.00598008 0.015 -0.00032538 0.00646245 0.018 6.242e-05 0.00634155 0.018 3.365e-05 0.00650343 0.0191264 0.00037261 0.00653284 0.018 8.309e-05 0.00695485 0.018 0.00028345 0.00685374 0.018 0.00022265 0.00674893 0.018 0.00016835 0.0063692 0.015 -0.00044278 0.00566553 0.015 -0.00066923 0.00552942 0.015 -0.00067662 0.00572224 0.0191269 0.00032989 -0.0131831 0.100813 -0.00108567 -0.0130768 0.105995 -0.00089118 -0.00396816 0.106448 0.001765171 -0.0130711 0.106427 -0.00087636 -0.0130322 0.112065 -0.00070098 -0.00402816 0.112092 0.001819802 -0.0130379 0.11772 -0.0005533 -0.00431641 0.117754 0.001788208 -0.01306 0.123388 -0.00042713 -0.00477163 0.123426 0.00168981 -0.0130397 0.134738 -0.00021443 -0.00593783 0.134782 0.001370274 -0.0130393 0.134775 -0.00021379 -0.00703645 0.14611 0.001016545 -0.0127418 0.146124 -1.225e-05 -0.00740721 0.15175 0.000875405 -0.0123099 0.153244 0.0001313 -0.00757721 0.157365 0.000783974 -0.0112879 0.162954 0.00037583 -0.00748523 0.16295 0.00076164 -0.0107203 0.166748 0.0004921 -0.0104156 0.168528 0.00055049 -0.00182448 0.146135 0.001934764 0.000283412 0.146142 0.002219165 0.00080061 0.13481 0.00283715 0.00338264 0.13482 0.00327156 0.0033319 0.123453 0.00369139 0.0063294 0.123462 0.00427649 -0.00139605 0.1905 0.001677836 -0.000185213 0.1905 0.001789576 -0.00329265 0.179498 0.001219435 -0.00123159 0.179485 0.00132253 -0.00425794 0.168486 0.001006659 -0.00159134 0.16848 0.001159696 -0.00421943 0.162948 0.001057845 -0.0012807 0.162947 0.001252324 -0.00375768 0.157375 0.001243424 -0.000537775 0.157379 0.00148752 -0.00292667 0.151768 0.001546514 0.0133159 0.112103 0.00276238 0.0134441 0.112099 0.002628383 0.0135831 0.106454 0.00281669 0.0133446 0.100834 0.00316126 0.0130214 0.100838 0.00353124 0.0131881 0.106462 0.00335845 0.0120026 0.100843 0.00449834 0.01223 0.10647 0.00441421 0.0130927 0.11776 0.002472425 0.0129147 0.117765 0.002594327 0.012993 0.112109 0.0031708 0.0132709 0.0952376 0.00326916 0.0135344 0.100831 0.00300252 0.0135909 0.10083 0.00297964 0.0136318 0.106452 0.00277187 0.0136771 0.106451 0.00274422 0.0135563 0.112094 0.002556586 0.0132551 0.117755 0.002410435 0.0103023 0.123461 0.00364443 0.00770751 0.134818 0.00290284 0.0128003 0.123427 0.00229946 0.012564 0.123432 0.00234464 0.0123131 0.123438 0.00244522 0.011752 0.123447 0.00277155 0.0119647 0.112119 0.00423033 0.0135921 0.12907 0.00343248 0.0137464 0.123396 0.003567 0.0137218 0.123397 0.00338927 0.0139888 0.100818 0.00423523 0.0131741 0.112066 0.00421454 0.013107 0.112066 0.00419891 0.0131455 0.106428 0.00437342 0.0130636 0.109244 0.00426734 0.0130749 0.107835 0.00431199 0.0130514 0.112065 0.00418359 0.0130562 0.112065 0.00418509 0.0130502 0.114891 0.00410662 0.0130549 0.114891 0.00410792 0.0130564 0.11772 0.00403569 0.0130903 0.106427 0.00435863 0.0131395 0.103617 0.00445971 0.0131349 0.103617 0.00445823 0.0131325 0.103617 0.00445792 0.0131077 0.105021 0.00440698 0.0131101 0.105021 0.00440735 0.013051 0.109244 0.00426935 0.0130624 0.107835 0.00431415 0.0130639 0.107835 0.00431423 0.0130978 0.105021 0.00440993 0.0131242 0.103617 0.00446118 0.0130584 0.109244 0.00426727 0.0130525 0.109244 0.00426942 0.0130434 0.110654 0.00422649 0.0130661 0.123388 0.00391173 0.0130445 0.11772 0.00403779 0.0130459 0.11772 0.00403767 0.0130506 0.108398 0.00431145 0.0130373 0.112065 0.00418667 0.0131545 0.102214 0.00451466 0.0131228 0.103617 0.0044611 0.0131532 0.102214 0.0045146 0.0130449 0.110654 0.00422655 0.0130389 0.112065 0.00418547 0.0130381 0.112065 0.0041858 0.0130646 0.123388 0.00391336 0.0130379 0.114891 0.00410854 0.0130404 0.112065 0.0041855 0.0130394 0.114891 0.0041085 0.0130451 0.114891 0.00410661 0.0130477 0.114891 0.00410629 0.0130674 0.123388 0.00391139 0.0130514 0.11772 0.00403583 0.0130747 0.123388 0.003909 0.0130724 0.123388 0.00390951 0.013054 0.11772 0.00403547 0.0130967 0.123388 0.00391084 0.0130609 0.11772 0.00403671 0.013081 0.123388 0.00390914 0.0130769 0.123388 0.0039089 0.0139114 0.100817 0.0043927 0.0136966 0.123394 0.00372153 0.0137721 0.100816 0.00449459 0.0135803 0.123393 0.00382184 0.0136394 0.100815 0.0045517 0.0134658 0.123392 0.00387897 0.0134563 0.100814 0.00459363 0.0139075 0.112076 0.00334899 0.0138363 0.11208 0.0029106 0.0136842 0.117738 0.00277315 0.0134784 0.117747 0.002464093 0.0131347 0.123417 0.00236741 0.013242 0.123414 0.002437416 0.0131382 0.129083 0.002599413 0.0131266 0.134752 0.00290002 0.0137045 0.112088 0.00260106 0.0135487 0.117744 0.002533133 0.0134509 0.123408 0.002672003 0.0134202 0.129076 0.00298431 0.0132996 0.134748 0.00315579 0.0135856 0.129069 0.00354555 0.0135711 0.129069 0.00357718 0.0135317 0.129068 0.00363106 0.0134857 0.129067 0.00367309 0.0132771 0.134742 0.00358618 0.0132752 0.129064 0.00378498 0.0132147 0.129064 0.00379415 0.013308 0.12339 0.00392509 0.0131811 0.123389 0.00392364 0.0131245 0.123388 0.00391559 0.0130741 0.126225 0.00385487 0.0130734 0.126225 0.00385548 0.0130809 0.129062 0.00379841 0.0130884 0.129062 0.00379642 0.0130753 0.126225 0.00385441 0.0130758 0.127643 0.00382764 0.0130748 0.129062 0.00380176 0.0130717 0.1319 0.00374666 0.0130678 0.1319 0.00374886 0.0130737 0.130481 0.00377444 0.0130668 0.1319 0.0037496 0.0130726 0.130481 0.0037751 0.0130487 0.134738 0.00369641 0.0130453 0.134738 0.00369876 0.0130585 0.133319 0.00372367 0.0130443 0.134738 0.00369964 0.0130575 0.133319 0.00372447 0.0130785 0.1319 0.00374377 0.0130954 0.129062 0.00379533 0.0130849 0.131901 0.00374195 0.0131018 0.129062 0.00379572 0.0130907 0.131901 0.00374172 0.0131254 0.129063 0.00379632 0.0130844 0.134739 0.00368499 0.0131729 0.129063 0.00379762 0.0131213 0.134739 0.00367857 0.0131908 0.131902 0.00373082 0.0131525 0.134739 0.00366854 0.0132426 0.131902 0.00371698 0.0131953 0.13474 0.00364987 0.0133741 0.134746 0.00330554 0.0132628 0.137582 0.00331209 0.0133868 0.134745 0.00334277 0.013392 0.134745 0.00337724 0.0132331 0.137579 0.00345758 0.0133351 0.134743 0.00352868 0.0132528 0.13758 0.00341856 0.0133638 0.134743 0.00348857 0.013265 0.137581 0.00337025 0.0133854 0.134744 0.00343827 0.0133911 0.134745 0.00340907 0.0131101 0.140414 0.00338692 0.0131208 0.140415 0.00334908 0.0131238 0.140416 0.00330284 0.0129789 0.140419 0.00305063 0.0125707 0.146081 0.00294819 0.0126953 0.146079 0.00306348 0.0129526 0.143246 0.00337327 0.0130834 0.140413 0.00344408 0.01304 0.141831 0.00335169 0.0128683 0.144664 0.00320236 0.0129596 0.143248 0.00323581 0.01294 0.143249 0.0031837 0.01313 0.137577 0.00358327 0.0129996 0.140411 0.00356199 0.013061 0.138994 0.00357606 0.0130198 0.140411 0.00354523 0.0130898 0.138995 0.00355006 0.0130549 0.134738 0.00369259 0.0130047 0.137575 0.00365043 0.0130056 0.137575 0.00364941 0.0129451 0.14041 0.00360004 0.0130036 0.137575 0.00365265 0.0129524 0.140411 0.0035917 0.0129476 0.14041 0.00359737 0.013014 0.137575 0.00364215 0.0130086 0.137575 0.00364691 0.0130655 0.1319 0.00375159 0.0130432 0.134738 0.00370175 0.0130269 0.136157 0.00367499 0.0130278 0.136157 0.00367404 0.0130741 0.129062 0.00380295 0.012758 0.146074 0.00347884 0.012884 0.143244 0.00352143 0.0130709 0.137576 0.00362026 0.0130439 0.140412 0.00351684 0.0129725 0.141828 0.00351432 0.0127967 0.146075 0.00338301 0.0129338 0.143245 0.00345021 0.0128775 0.144661 0.00333783 0.0123031 0.146084 0.0027537 0.0127565 0.140423 0.00282502 0.01306 0.123388 0.00392713 0.0130322 0.112065 0.00420098 0.00487238 0.14614 0.002167786 0.00544896 0.157372 0.00175347 0.00248903 0.157377 0.001601474 0.00168292 0.162948 0.001432263 0.0123101 0.151725 0.00303452 0.0125548 0.148904 0.0031019 0.0122083 0.151726 0.00294292 0.012064 0.151727 0.00284473 0.0119173 0.157351 0.00310127 0.012439 0.151722 0.00329012 0.0124293 0.151723 0.00324545 0.0126296 0.148901 0.00331487 0.0126096 0.148902 0.00323099 0.0127955 0.146076 0.00330232 0.0127706 0.146078 0.00316891 0.0128812 0.144662 0.00328129 0.0129638 0.143247 0.00331649 0.0130447 0.141832 0.00326929 0.01112 0.157355 0.002599698 0.0114481 0.157353 0.002736501 0.0117266 0.157352 0.0028977 0.0123921 0.151724 0.00315903 0.0124393 0.151722 0.00331826 0.0119473 0.157351 0.00318212 0.0119508 0.157319 0.00318471 0.0130966 0.137576 0.00360684 0.012992 0.141829 0.00348357 0.0129188 0.143244 0.00348324 0.0127905 0.146074 0.00342037 0.0126274 0.1489 0.00338192 0.0124344 0.151722 0.0033463 0.0127527 0.146073 0.00348779 0.00923482 0.174069 0.002610241 0.0102717 0.168526 0.002702325 0.0101176 0.168525 0.002610416 0.0118523 0.157351 0.00301232 0.0112865 0.162954 0.00306425 0.00974818 0.15736 0.00224078 0.00951021 0.168521 0.002397391 0.00680298 0.168505 0.001927268 0.00513681 0.179535 0.001855992 0.00718806 0.179567 0.002173474 0.00786665 0.179583 0.002505376 0.00927667 0.17407 0.002677632 0.0103564 0.168527 0.00278302 0.0119394 0.157351 0.00315061 0.00343775 0.1905 0.001980309 0.00390532 0.1905 0.002047891 0.00596403 0.185054 0.002177705 0.00507887 0.187783 0.00216289 0.006087 0.185057 0.002252542 0.00509573 0.187783 0.002184759 0.00610951 0.185057 0.00228508 0.00509912 0.187783 0.002193965 0.00398552 0.1905 0.002092627 0.00398324 0.1905 0.002085787 0.00398251 0.1905 0.002084637 0.00397104 0.1905 0.002073936 0.00782664 0.179579 0.002432362 0.00765039 0.179576 0.00231725 0.00253524 0.1905 0.001919547 0.0126317 0.1489 0.00335616 0.0120953 0.15579 0.00331111 0.0104449 0.168363 0.00295501 0.000835514 0.1905 0.001856192 0.0083374 0.157364 0.002019175 0.00997736 0.146108 0.002081203 0.0115361 0.13478 0.002157815 0.0128664 0.143243 0.0035405 0.0129434 0.14041 0.00360351 0.0130397 0.134738 0.00371443 0.0129985 0.137688 0.00366302 0.0129404 0.14041 0.00361548 0.012744 0.146073 0.0035132 0.0124221 0.151722 0.00340135 0.0130701 0.129062 0.00381624 0.0130726 0.126225 0.00385662 0.0130654 0.123388 0.00391227 0.0130724 0.107835 0.00431157 0.00430237 0.0347264 0.00514271 0.00401133 0.0295168 0.00381925 0.00141858 0.0295241 0.00327339 0.0110934 0.0455504 0.00815109 0.00910946 0.0455497 0.00762944 0.00511174 0.0455485 0.00648748 0.00315071 0.0455472 0.00573527 0.00110175 0.0732415 0.00288439 0.00517134 0.0732413 0.00406112 -0.00175936 0.0677858 0.002504949 0.00312209 0.0677854 0.0042632 -0.00273031 0.0650432 0.002452912 0.00242717 0.0650428 0.00443725 -0.00325149 0.0622845 0.00253065 0.00205446 0.0622844 0.00467584 -0.00324292 0.0595065 0.0027576 0.00972392 0.0896834 0.00428624 0.0111961 0.0952457 0.00446244 0.0124342 0.0952427 0.00368402 0.0113679 0.0896821 0.00381162 0.012886 0.0952404 0.00339506 0.0120547 0.089681 0.00365374 0.0130846 0.095239 0.00330704 0.0123772 0.0896804 0.00361744 0.00758771 0.0786884 0.00397441 0.0126904 0.0896797 0.00361908 0.013179 0.0952383 0.00328112 0.013475 0.100832 0.00304152 0.0133555 0.0511198 0.00838697 0.0109634 0.0511189 0.00804013 0.00851507 0.0511184 0.00750422 0.00365536 0.0511174 0.00603981 -0.000946103 0.0511148 0.00396704 0.013004 0.0455515 0.00867438 0.0122568 0.0400679 0.00828252 0.0107788 0.0400672 0.00765017 0.00972048 0.0347242 0.0063365 0.00894896 0.0373753 0.00667466 0.00839883 0.0347247 0.00595838 0.0056721 0.0347256 0.00547976 -0.00340462 0.0243728 0.001202916 -0.000862371 0.0243589 0.001657714 0.00179556 0.0243498 0.001907701 0.00666184 0.0295137 0.00407742 0.00457584 0.0243458 0.002017346 0.00796488 0.029512 0.00433101 0.00597347 0.0243437 0.002141303 0.00921493 0.0295092 0.0047799 0.00734542 0.0243402 0.002371466 0.00885703 0.0269229 0.00386097 0.00800262 0.0243384 0.002575456 0.00853006 0.0243454 0.00285634 0.00926454 0.0269298 0.00412588 0.0100244 0.0295134 0.00539988 0.0107882 0.0321079 0.00659547 0.0115349 0.0347247 0.00762978 0.0115661 0.0347257 0.00772373 0.00750703 0.0179972 0.00086042 0.00750179 0.0179912 0.000851599 0.00751927 0.0179971 0.000881484 0.00751752 0.0179992 0.000878425 0.00752166 0.0179916 0.000885678 0.00793114 0.0191313 0.001639112 0.00786539 0.0191312 0.001520712 0.00824329 0.0217546 0.00216356 0.00874212 0.0243498 0.00308778 0.00942485 0.0269341 0.0043249 0.0101341 0.0295169 0.00556275 0.00751548 0.018 0.000874897 0.00751451 0.018 0.000873218 0.00748143 0.0175455 0.000818415 0.00748437 0.0175364 0.000823103 0.00749794 0.0179821 0.000845187 0.00749417 0.0179652 0.000838987 0.00747631 0.0175829 0.000810313 0.00749206 0.0175321 0.000835532 0.00749016 0.0175311 0.000832438 0.00748817 0.0175314 0.000829212 0.00748652 0.0175327 0.000826551 0.00749559 0.0175369 0.000841316 0.00750472 0.017565 0.000856519 0.00753066 0.0178917 0.000901714 0.00752573 0.0179723 0.000892876 0.00833944 0.0217557 0.002465917 0.00884934 0.0243526 0.00329703 0.00950017 0.0269368 0.00450394 0.0101813 0.0295191 0.00570848 0.0108784 0.0321116 0.00683488 0.00890434 0.0243541 0.00360014 0.00837741 0.0217559 0.002545869 0.0083572 0.0217557 0.002511451 0.00812057 0.0191331 0.001875261 0.00858686 0.0217604 0.002679994 0.00817157 0.0191337 0.0019455 0.00821635 0.0191477 0.002015073 0.00864812 0.021762 0.002742557 0.00974552 0.0269465 0.00486803 0.00919136 0.0243625 0.00376479 0.00916881 0.0243618 0.00373423 0.00892729 0.0230653 0.00325064 0.00867261 0.0217625 0.00277489 0.00868433 0.0217628 0.00278961 0.0088994 0.024354 0.00358844 0.00919974 0.0256472 0.00416953 0.00950838 0.0269382 0.00474179 0.0103363 0.0301669 0.00618405 0.0101663 0.0295203 0.00590347 0.0101667 0.0295203 0.00589784 0.00983293 0.0282288 0.00533047 0.00951 0.0269382 0.00474939 0.00889285 0.0243539 0.00355623 0.00950888 0.0269381 0.00471868 0.00891844 0.0243543 0.00361658 0.00921051 0.0256474 0.0041816 0.00921856 0.0256476 0.0041852 0.00952441 0.0269387 0.00476075 0.00954312 0.0269393 0.00476293 0.0102286 0.0295228 0.00591652 0.00902325 0.0243571 0.00364616 0.0089525 0.0243551 0.00363049 0.008928 0.0243545 0.00362222 0.00893883 0.0230656 0.00326454 0.00920231 0.0243629 0.00377778 0.00947431 0.0256561 0.00431929 0.00975434 0.0269468 0.00487904 0.00938058 0.0251862 0.00414174 0.00947802 0.0256562 0.00432813 0.00975793 0.026947 0.00490259 0.0101708 0.0295202 0.0058803 0.0105137 0.0308143 0.00643799 0.010509 0.0308143 0.00645386 0.010508 0.0308144 0.00645914 0.0106812 0.0314628 0.00672757 0.010681 0.0314629 0.0067315 0.0105079 0.0308144 0.00646122 0.0105081 0.0308144 0.00646297 0.0103363 0.030167 0.00618614 0.0103367 0.030167 0.00618788 0.0101666 0.0295204 0.00590562 0.0101672 0.0295204 0.00590738 0.00983367 0.0282288 0.0053329 0.00983479 0.0282289 0.00533488 0.00951135 0.0269383 0.00475235 0.00951308 0.0269383 0.00475481 0.00920429 0.0256473 0.00417652 0.0106819 0.031463 0.0067344 0.0105106 0.0308146 0.00646666 0.0105094 0.0308145 0.00646565 0.0103399 0.0301672 0.00619134 0.0103385 0.0301671 0.00619044 0.0101695 0.0295205 0.00590992 0.0106813 0.0314629 0.00673306 0.0105086 0.0308145 0.00646444 0.0103374 0.0301671 0.00618929 0.0101681 0.0295205 0.0059088 0.0098363 0.0282289 0.00533647 0.00951524 0.0269384 0.00475683 0.00920717 0.0256473 0.00417927 0.0089106 0.0243542 0.00360937 0.00891431 0.0243542 0.0036132 0.00983823 0.028229 0.00533771 0.0101733 0.0295207 0.00591142 0.0103417 0.0301673 0.00619205 0.0108564 0.0321126 0.00699681 0.0108574 0.0321127 0.006998 0.010684 0.0314631 0.00673653 0.0108599 0.0321128 0.00700008 0.00951784 0.0269385 0.00475846 0.00984339 0.0282292 0.00533934 0.0101857 0.0295212 0.00591267 0.0105212 0.0308151 0.00646972 0.010857 0.0321124 0.00698292 0.0108619 0.0321124 0.00696812 0.0109052 0.0321148 0.00701854 0.0109134 0.0321152 0.00702428 0.0105895 0.0308179 0.00648791 0.0105783 0.0308174 0.00648216 0.0108879 0.0321141 0.00701111 0.0108636 0.032113 0.00700195 0.0110366 0.0327639 0.00725571 0.0103041 0.0295258 0.00595707 0.01032 0.0295265 0.00597755 0.0106351 0.0308204 0.00659399 0.010336 0.0295275 0.00603875 0.0106828 0.031463 0.00673554 0.0108558 0.0321126 0.00699548 0.0110307 0.0327636 0.00724772 0.0108554 0.0321125 0.00699398 0.0110305 0.0327635 0.00724417 0.0112065 0.0334161 0.00748995 0.0110312 0.0327636 0.00724927 0.0109445 0.032438 0.00712552 0.0109467 0.0324381 0.00712785 0.0108553 0.0321125 0.00699229 0.0108557 0.0321124 0.00698818 0.0112131 0.033416 0.00746155 0.0112066 0.0334161 0.00748599 0.0115597 0.0347267 0.00793472 0.011383 0.0340705 0.00772501 0.0115654 0.0347266 0.00790917 0.0112085 0.0334163 0.00749659 0.0110706 0.0327655 0.00727493 0.0110774 0.0327658 0.00728073 0.0112371 0.0334177 0.00752176 0.0112424 0.033418 0.00752766 0.0112259 0.0334172 0.00751306 0.00869383 0.0217629 0.00280869 0.0134394 0.045552 0.00883027 0.0130637 0.0427961 0.00877587 0.0125794 0.0400682 0.00850593 0.012175 0.0373756 0.00824514 0.012243 0.0373753 0.00842001 0.0114289 0.034723 0.0074329 0.0112363 0.0347231 0.00717582 0.0109677 0.0347234 0.00694461 0.0112284 0.0334155 0.00734507 0.011577 0.0347263 0.00780731 0.0134872 0.0427939 0.00914213 0.0128957 0.0400668 0.00891424 0.01344 0.0427952 0.00908094 0.0138118 0.0455521 0.00901764 0.0144572 0.0511202 0.00854435 0.0140138 0.0455496 0.00914668 0.0122626 0.0373751 0.00855003 0.0115591 0.0347268 0.00794425 0.0113838 0.0340706 0.00772879 0.0112106 0.0334164 0.00749961 0.0110563 0.0327648 0.00726691 0.0129219 0.0400653 0.00901566 0.0112468 0.0334182 0.00753496 0.0114116 0.0340721 0.00777109 0.0114181 0.0340727 0.00780413 0.01158 0.0347284 0.0080277 0.0115684 0.0347287 0.00808789 0.0116084 0.0348931 0.0081419 0.0105993 0.0308183 0.00649565 0.0109205 0.0321155 0.00703172 0.0110831 0.0327661 0.00728808 0.0129445 0.0400647 0.00915789 0.0135702 0.0427893 0.00947549 0.0129152 0.0400637 0.00923126 0.0129812 0.0404848 0.00938697 0.0139456 0.044422 0.00952135 0.0139359 0.044379 0.009521 0.0142187 0.0455461 0.00941286 0.0139261 0.0443359 0.00952061 0.0138872 0.0441636 0.00951859 0.0136022 0.0427908 0.00938711 0.0129481 0.0400649 0.00912061 0.0129439 0.040065 0.00908638 0.0135906 0.0427912 0.00930247 0.0135441 0.0427916 0.00923163 0.0141926 0.0455465 0.00931623 0.014119 0.045547 0.00923763 0.0147377 0.0483237 0.00916508 0.0150858 0.0511159 0.00877837 0.0152138 0.0511155 0.00888644 0.0157401 0.0567143 0.00795523 0.015284 0.0511137 0.00912699 0.0141943 0.0455444 0.00951512 0.0147803 0.0483233 0.0092722 0.0145476 0.0472763 0.00958756 0.0139286 0.0443466 0.00952071 0.013931 0.0443574 0.00952081 0.013965 0.0445082 0.00952191 0.0140421 0.0448532 0.00952239 0.0110913 0.0327666 0.00730557 0.0112572 0.033419 0.0075687 0.0112517 0.0334194 0.0076286 0.0114408 0.0342028 0.00790943 0.0135303 0.0677857 0.00617615 0.0134641 0.0567162 0.00769881 0.0106084 0.0622844 0.00682519 0.0106986 0.0567158 0.00752794 0.00789645 0.0567156 0.00700921 0.00827469 0.0677856 0.00569392 0.00771375 0.0622844 0.00634978 0.012914 0.123424 0.002301747 0.0133318 0.117752 0.002406325 0.0136079 0.112092 0.002548586 0.0137198 0.106449 0.002735653 0.0136449 0.100829 0.00297465 0.0133606 0.0952369 0.0032727 0.00510012 0.187783 0.002199846 0.00611416 0.185058 0.002298646 0.00786004 0.17958 0.002484175 0.0119485 0.134773 0.002211172 0.0130255 0.123421 0.002323359 0.0134062 0.11775 0.002423089 0.0136573 0.11209 0.00256224 0.0137603 0.106447 0.002748563 0.0136969 0.100827 0.0029898 0.0134489 0.0952361 0.00329371 0.00447158 0.0786883 0.00344102 0.00976359 0.0841625 0.0039089 0.0108078 0.0841623 0.00393879 0.0118229 0.084162 0.0040357 0.0137062 0.0924506 0.00378916 0.0148569 0.0511181 0.00865764 0.0153947 0.0567153 0.00779097 0.0155965 0.0622844 0.00689049 0.014808 0.0567164 0.00768408 0.0149175 0.0622844 0.00678278 0.0148424 0.0677857 0.00610541 0.0146518 0.0732424 0.005639 0.0151071 0.073243 0.00576166 0.0146602 0.0786897 0.00544386 0.0147951 0.0786899 0.00557677 0.0144177 0.0786894 0.00531101 0.0136024 0.0427911 0.00934204 0.0142128 0.0455464 0.00936131 0.0147667 0.0483236 0.00921549 0.0152511 0.0511154 0.00894168 0.0159101 0.0567141 0.00809637 0.014142 0.0841613 0.00494929 0.0140373 0.0841613 0.00484299 0.0141201 0.0855361 0.00488071 0.0140247 0.0869136 0.00468907 0.0141005 0.0869135 0.00481392 0.0141244 0.0869135 0.00487497 0.0141523 0.085536 0.00493789 0.0141693 0.085536 0.00498836 0.0142109 0.0841613 0.00504966 0.0142412 0.0841612 0.00512876 0.0138508 0.0869138 0.00447853 0.0138082 0.0841614 0.00466587 0.0140454 0.0827893 0.00492369 0.0142567 0.0827893 0.00511228 0.014016 0.0896764 0.00454472 0.0143464 0.0827893 0.00525233 0.0145152 0.0814203 0.00542854 0.0144449 0.0814202 0.00531402 0.0143067 0.0814202 0.00517627 0.0140551 0.0814202 0.00500697 0.0137616 0.0814202 0.00486816 0.0133223 0.0841616 0.00441299 0.0134727 0.0869142 0.00418566 0.0136006 0.0896775 0.00397804 0.0140973 0.0882934 0.00486962 0.0140994 0.0882935 0.00481352 0.0140737 0.089676 0.00478397 0.0140769 0.0896761 0.00475351 0.0140752 0.0896761 0.00472071 0.0140184 0.09523 0.00448927 0.0140208 0.0952301 0.00444844 0.0139805 0.100817 0.00427972 0.0139069 0.112072 0.00391636 0.0137454 0.123395 0.00361069 0.0138882 0.112071 0.00395939 0.0139638 0.100817 0.0043208 0.0140085 0.0952299 0.00452709 0.0138882 0.0896767 0.00430543 0.0139199 0.0924494 0.00414586 0.0140049 0.0952305 0.00428289 0.0139931 0.100818 0.00405376 0.0139925 0.0952298 0.00456194 0.0140675 0.0896762 0.00468555 0.0139348 0.0882924 0.00512818 0.0140582 0.0869127 0.00515832 0.0139661 0.0882925 0.00509506 0.0140954 0.086913 0.00507456 0.0140254 0.0882929 0.00501762 0.0140651 0.0882932 0.00495679 0.0140166 0.0896757 0.0049016 0.0140665 0.089676 0.00481211 0.0139617 0.0896754 0.0049618 0.0138821 0.0896748 0.00503344 0.0138418 0.0896747 0.00506081 0.0141315 0.0869134 0.00492836 0.0141771 0.0855359 0.00507034 0.0142556 0.0841611 0.00519188 0.0142682 0.0841609 0.00528989 0.0143869 0.0827892 0.00535831 0.0145412 0.0814203 0.00549814 0.0148781 0.07869 0.00572333 0.0152732 0.0511151 0.00900219 0.0159988 0.0567139 0.00822229 0.0160526 0.0567132 0.00835958 0.0162861 0.0622845 0.00736958 0.0163688 0.0622845 0.00750559 0.0160852 0.0677871 0.00667442 0.0161671 0.0677874 0.0067937 0.01555 0.0732438 0.00614059 0.0156086 0.0732441 0.0062329 0.0149028 0.0786902 0.00578512 0.0145601 0.0814203 0.00559172 0.0142567 0.0841608 0.00541263 0.0138594 0.0882919 0.00518822 0.0137635 0.0896742 0.00509938 0.0139865 0.0869123 0.00526005 0.0137803 0.0896743 0.00509118 0.0139979 0.0869123 0.00524601 0.0140195 0.0869125 0.00522291 0.0136437 0.123401 0.0030835 0.0141185 0.0869132 0.00501303 0.014172 0.0855357 0.00513263 0.0141588 0.0855355 0.00522324 0.0141478 0.0855354 0.00526936 0.0141371 0.0855354 0.0052993 0.014122 0.0855352 0.0053278 0.0142516 0.0841607 0.00543353 0.0138665 0.0952291 0.00469078 0.0137634 0.0952286 0.00474903 0.0138519 0.0924474 0.00485337 0.0136196 0.0952277 0.00480232 0.0137369 0.0924467 0.00491489 0.0135508 0.0952275 0.00481142 0.0136809 0.0924466 0.00493222 0.0135051 0.0952274 0.00481549 0.0138133 0.0896746 0.00507768 0.0139796 0.0869122 0.0052701 0.0138616 0.0882919 0.00518637 0.0137538 0.0896742 0.00510589 0.0136529 0.0910588 0.00502944 0.0135603 0.0924458 0.00495712 0.0137484 0.0896741 0.00511045 0.0137449 0.0896749 0.00511602 0.0137466 0.0896741 0.00511358 0.0136458 0.0910588 0.0050374 0.0136477 0.0910588 0.00503513 0.0135582 0.0924458 0.00495984 0.0135513 0.0924461 0.00497222 0.0137431 0.0896751 0.00511785 0.0137436 0.0896754 0.00511697 0.0132922 0.0980159 0.00468536 0.0132602 0.0986271 0.00466294 0.0136557 0.0910588 0.00502858 0.0132633 0.0985397 0.00466677 0.0132814 0.0980159 0.00468999 0.0132826 0.0980159 0.00468995 0.0132793 0.0981032 0.00468606 0.013245 0.0990639 0.00464395 0.0132391 0.0992386 0.00463643 0.013232 0.0994134 0.00462895 0.0132696 0.0983651 0.00467445 0.0132665 0.0984524 0.0046706 0.0132571 0.0987144 0.00465912 0.013254 0.0988018 0.00465531 0.0133391 0.0966202 0.00475366 0.0132333 0.0994134 0.00462895 0.0132276 0.0995883 0.00462151 0.01374 0.0896741 0.00513089 0.0139692 0.0869122 0.0052981 0.013744 0.0896748 0.00511656 0.0136505 0.0909126 0.0050604 0.0138569 0.0882919 0.00519195 0.0139757 0.0869122 0.0052768 0.0140366 0.0869126 0.00519768 0.0145605 0.0814204 0.00567504 0.0149205 0.0786903 0.00588714 0.0149127 0.0786902 0.00582275 0.0154736 0.0746658 0.00623742 0.0156344 0.0732442 0.0062887 0.016233 0.0679222 0.00695032 0.0128782 0.040063 0.00933258 0.01375 0.112085 0.002668995 0.0152972 0.0511127 0.00928295 0.0160992 0.0566439 0.00855029 0.016385 0.0655594 0.00724413 0.0142416 0.0841607 0.00547922 0.0128446 0.0896794 0.00363692 -0.00821396 0.0191341 0.001488412 -0.00844922 0.0204529 0.001119047 -0.00835139 0.0204561 0.001044408 -0.00869383 0.0217629 0.00069131 -0.00857345 0.0217672 0.00064195 -0.00780267 0.0166536 0.001987878 -0.00806575 0.0191373 0.001316151 -0.00825822 0.0204591 0.00099095 -0.008454 0.0217713 0.00061442 -0.00885921 0.0243735 -0.00025788 -0.00865402 0.0230755 0.00019525 -0.0088021 0.0230708 0.00019406 -0.00820317 0.0217791 0.00059163 -0.00806899 0.0204649 0.000912153 -0.00793144 0.0191404 0.0011885 -0.00847133 0.0243833 -0.00015294 -0.0087558 0.0269668 -0.00098724 -0.00751146 0.0295561 -0.00093858 -0.00765833 0.0204741 0.000791603 -0.00764458 0.0217915 0.00059809 -0.00758509 0.0243987 0.00014135 -0.00707271 0.0178028 0.00034017 -0.00720009 0.0164461 0.00028906 -0.00742141 0.0156402 0.00072917 -0.00736484 0.0184765 0.00067304 -0.00731963 0.0191469 0.00065142 -0.0068734 0.0191449 0.00039966 -0.00719775 0.0204774 0.00059835 -0.00661112 0.0204737 0.00046584 -0.00629932 0.0217909 0.00053605 -0.005581 0.024398 0.00067814 -0.00414254 0.0295554 0.000895366 -0.00876777 0.0221483 0.00055534 -0.00894739 0.0230658 0.00021523 -0.00920952 0.024363 -0.00029913 -0.00975793 0.026947 -0.00140259 -0.00907643 0.0295437 -0.00185331 -0.00782847 0.0347369 -0.00202627 -0.00341975 0.0347367 0.000883325 -0.0107854 0.0314614 -0.00336121 -0.00359592 0.0373736 0.00073884 -0.000257086 0.0400611 0.00315216 -0.00421764 0.0400557 0.00048757 -0.0106122 0.0455307 -0.00337342 -0.0157168 0.0536799 -0.00547307 -0.00737701 0.018 0.00067002 -0.00698176 0.0184757 0.00036892 -0.00661192 0.0191429 0.00030068 -0.00551043 0.0217797 0.00056398 -0.00712357 0.0164478 0.00019665 -0.00686441 0.0178032 0.00019691 0.0048501 0.015 -0.00063568 0.00334555 0.015 -0.00057536 0.00423232 0.019128 0.00029791 0.00185085 0.015 -0.00054185 0.00274098 0.0191287 0.00028074 -0.00104672 0.015 -0.00050927 -0.000172573 0.0191299 0.00026578 -0.00373894 0.015 -0.00043864 -0.00290318 0.0191328 0.00023138 -0.00540965 0.0191371 0.00016834 -0.00595576 0.0191385 0.00016394 -0.00631708 0.0191406 0.00021893 0.00685383 0.0179985 0.00022243 -0.0045238 0.024384 0.000957675 -0.00117207 0.0295352 0.0023265 0.000212765 0.0347309 0.00311049 0.00297065 0.0347277 0.00457052 0.00317065 0.0373749 0.00494095 0.00458594 0.0373751 0.00562374 -0.010336 0.0295275 -0.00253875 0.000251404 0.0373745 0.00324125 0.00288481 0.0400641 0.00506844 0.00442848 0.0400652 0.00586026 0.00126413 0.0455453 0.00474654 -0.00243666 0.0455404 0.0024854 -0.00638412 0.0455312 -0.00021723 -0.0124236 0.0511024 -0.00353974 -0.00522241 0.0511107 0.001507444 -0.00897063 0.051103 -0.0009657 -0.0101174 0.0539054 -0.00127157 -0.0137932 0.056708 -0.00338851 -0.0163454 0.0595058 -0.00461217 -0.0141422 0.0595039 -0.00319895 -0.0164484 0.0622845 -0.00419384 -0.0141767 0.0622847 -0.00293615 -0.016451 0.0626669 -0.00413868 -0.0138595 0.0650455 -0.00260533 -0.0162437 0.0677876 -0.00346639 -0.0132444 0.0677894 -0.00222108 -0.0158195 0.0719687 -0.00300181 -0.0114023 0.0732454 -0.00135741 -0.0142416 0.0841607 -0.00197922 -0.00921391 0.0786903 -0.00047544 -0.0149205 0.0786903 -0.00238714 -0.0156607 0.0732443 -0.00287355 -0.013857 0.0882015 -0.00171828 -0.00577058 0.0896773 0.000889749 -0.00723649 0.0841612 0.00029604 -0.00419771 0.100827 0.001604898 -0.00477809 0.0952345 0.001319564 -0.0133966 0.0952266 -0.00133511 -0.01374 0.0896741 -0.00163089 -0.00679577 0.0732444 0.00021496 -0.00289065 0.0732423 0.001584615 -0.00989048 0.0677888 -0.00087086 -0.00630918 0.0677867 0.00064594 -0.0109436 0.0650452 -0.00126422 -0.00746579 0.0650438 0.00035979 -0.0115126 0.0622847 -0.00150903 -0.00808156 0.0622845 0.00025108 -0.0115099 0.0595041 -0.00157713 -0.00805976 0.0595057 0.00035015 -0.0110044 0.0567084 -0.00148668 -0.0074816 0.0567121 0.00062658 0.0047582 0.0841626 0.00376979 0.00010942 0.0841619 0.002560076 0.00556314 0.0896824 0.0041777 0.00250613 0.0896807 0.00337337 0.00732531 0.0952444 0.00472477 0.0040937 0.0952413 0.00391545 0.00828883 0.100842 0.00501245 0.00497035 0.100838 0.00421869 0.00856235 0.106469 0.0050761 0.00523428 0.106463 0.00431551 0.00825453 0.112119 0.00495108 0.00498371 0.112112 0.0042383 0.00431685 0.117777 0.00401946 0.00113945 0.0786886 0.002735271 -0.00315658 0.0786896 0.001455227 0.00749954 0.0841627 0.00394946 0.00621055 0.0841627 0.00398226 0.00867868 0.0896835 0.00454155 0.00741142 0.0896833 0.00451001 0.0103098 0.0952462 0.00487416 0.00916346 0.0952459 0.00497565 0.0112018 0.100844 0.00500797 0.010121 0.100844 0.00519998 0.0114524 0.106472 0.00497088 0.0103906 0.106472 0.00521625 0.0111595 0.112121 0.00479078 0.0100791 0.112122 0.00505771 0.00933408 0.123464 0.00411308 0.00813895 0.123465 0.00434927 0.00515393 0.134823 0.00334072 0.00197726 0.146144 0.002298115 -0.00819591 0.178421 0.000911034 -0.00786992 0.179581 0.000956447 -0.00463744 0.188941 0.001336757 -0.00398478 0.1905 0.001401377 0.00611296 0.185064 0.002322968 0.00787719 0.179555 0.002544549 0.0061156 0.185058 0.002307215 0.00786847 0.179584 0.002515687 0.00398478 0.1905 0.002098623 0.0135357 0.0952354 0.00333522 0.0137473 0.100826 0.00302847 -0.00684905 0.018 0.00328024 -0.00678588 0.0179986 0.00331362 -0.00678583 0.018 0.00331364 -0.00672131 0.018 0.00334443 -0.00742333 0.018 0.00276815 -0.00733691 0.018 0.00287924 -0.00735051 0.018 0.00286293 -0.0072714 0.018 0.00295252 0.0153662 0.0624268 0.00876638 0.0152235 0.0679222 0.00803233 0.013532 0.0679214 0.00863555 0.0154736 0.0746658 0.00623742 0.0149205 0.0786903 0.00588714 0.0145943 0.0788122 0.00638733 0.0107903 0.0457099 0.01136705 0.00947842 0.0457121 0.0113016 0.00867547 0.0402314 0.0110592 0.0120976 0.045707 0.01111531 0.0129125 0.0512715 0.01084375 0.014354 0.0512685 0.01015346 0.0133207 0.0457034 0.01042895 0.0145476 0.0472763 0.00958756 -0.0158195 0.0719687 -0.00300181 -0.0162437 0.0677876 -0.00346639 -0.0111718 0.0679236 -0.00084877 -0.0013539 0.0624267 0.00453836 0.00264958 0.0624266 0.00670175 0.0028403 0.0679195 0.00610913 -0.00688445 0.0193258 0.00310056 -0.00536184 0.0245603 0.00333035 -0.00584485 0.0245673 0.0029074 -0.0130379 0.11772 -0.0005533 -0.0130322 0.112065 -0.00070098 0.00670787 0.112184 0.00441913 0.00789536 0.134831 0.00462148 0.00569736 0.134844 0.00408446 0.00639204 0.123504 0.00425106 0.00857009 0.100926 0.00532837 0.010336 0.100922 0.00576661 0.0103518 0.112168 0.00538454 -0.00764765 0.0152822 0.00291449 -0.00767129 0.015 0.00292103 -0.007389 0.016645 0.00302495 -0.00772425 0.01527 0.002611511 -0.00769096 0.0152756 0.00283067 -0.00752293 0.0166399 0.00287234 -0.00734957 0.0180052 0.00286315 -0.00735051 0.018 0.00286293 -0.0072714 0.018 0.00295252 -0.00734862 0.0180104 0.00286337 -0.00731974 0.0181668 0.00286996 -0.00733526 0.0180835 0.00286643 -0.00869383 0.0217629 0.00069131 -0.00844922 0.0204529 0.001119047 -0.00707444 0.0193282 0.00292307 -0.00821396 0.0191341 0.001488412 -0.00722101 0.018666 0.00289174 -0.0072879 0.0183334 0.0028771 -0.00734672 0.0180209 0.0028638 -0.00734292 0.0180417 0.00286468 -0.00733691 0.018 0.00287924 -0.00742333 0.018 0.00276815 -0.00777294 0.0164642 0.002015148 -0.00772262 0.0161401 0.002058366 -0.00771524 0.0161811 0.002097063 -0.00771031 0.0161952 0.002120583 -0.00770706 0.0161987 0.002135304 -0.00780267 0.0166536 0.001987878 -0.00770295 0.0161965 0.002153056 -0.00769918 0.0161879 0.002168663 -0.00769115 0.0161492 0.002200013 -0.00771317 0.0152706 0.002515724 -0.00768547 0.0152735 0.002449819 -0.00765639 0.0157181 0.002314694 -0.00768041 0.0160576 0.00223861 0.00821635 0.0191477 0.002015073 0.00757202 0.0179838 0.002518935 0.00763362 0.0179164 0.002377537 0.00769095 0.0177613 0.002200781 0.00770068 0.0177177 0.002162544 0.00777294 0.0164642 0.001484852 0.00772262 0.0161401 0.001441634 0.00680326 0.018 0.00330476 0.00714174 0.018 0.00307625 0.00760121 0.019319 0.00316775 0.00729171 0.0179985 0.00293067 0.00746408 0.0179993 0.002708632 0.006 0.018 0.0035 0.00643442 0.018 0.00344522 0.00648984 0.0193181 0.00379921 0.00657799 0.0179974 0.0034018 -0.00735878 0.015 0.0030982 -0.00704989 0.015 0.00315008 -0.00689222 0.0171725 0.00328055 -0.00671574 0.0175568 0.00334694 -0.00665779 0.0178868 0.00337167 -0.00663817 0.0179688 0.00337949 -0.00624675 0.0193159 0.00353077 -0.00662973 0.0179851 0.00338277 -0.00662042 0.0179939 0.00338633 -0.00660656 0.018 0.00339152 -0.00657799 0.018 0.0034018 -0.00648594 0.018 0.00343118 -0.006347 0.018 0.00346525 -0.0061962 0.018 0.00348897 -0.00562342 0.0193106 0.00371237 -0.006 0.018 0.0035 -0.0048605 0.018 0.0035 -0.00761973 0.015 0.00297287 -0.00759362 0.015 0.00299256 -0.00733216 0.016647 0.0030706 -0.00740229 0.015 0.0030846 -0.00684905 0.018 0.00328024 -0.00668406 0.0193226 0.00326234 -0.00678596 0.018 0.00331352 -0.00672131 0.018 0.00334443 -0.00678588 0.0179986 0.00331362 0.01306 0.123388 0.00392713 0.0127376 0.123468 0.00449768 0.0130322 0.112065 0.00420098 0.0128849 0.100915 0.00518146 0.0130506 0.108398 0.00431145 0.0130701 0.129062 0.00381624 0.0130397 0.134738 0.00371443 0.0122591 0.146128 0.0041177 0.0129985 0.137688 0.00366302 0.0129404 0.14041 0.00361548 0.012744 0.146073 0.0035132 0.0124221 0.151722 0.00340135 0.0114221 0.15739 0.00385462 0.0120953 0.15579 0.00331111 0.0117176 0.157389 0.00360263 0.0102069 0.168551 0.00323316 0.0104449 0.168363 0.00295501 0.00787719 0.179555 0.002544549 0.00398478 0.1905 0.002098623 0.00397975 0.1905 0.002119143 0.00611296 0.185064 0.002322968 0.00397643 0.1905 0.002125932 0.00780224 0.179592 0.002652318 0.00600935 0.185062 0.002461329 0.00772074 0.17959 0.002740609 0.00750524 0.179588 0.00288515 0.00397031 0.1905 0.002135092 0.00394198 0.1905 0.002160551 0.00389737 0.1905 0.002183442 0.0038138 0.1905 0.002208181 0.00334355 0.1905 0.002245259 0.00992884 0.16855 0.00344698 0.00892784 0.168547 0.00376972 0.0066211 0.179583 0.00309235 0.00469626 0.179573 0.00308269 0.00472892 0.146159 0.00387535 0.00706488 0.146148 0.00439447 0.00918774 0.14614 0.0046854 0.00983803 0.134821 0.00492114 0.00653975 0.100931 0.00463267 0.00867146 0.112175 0.00502446 0.00843872 0.123492 0.00481015 0.0102059 0.123482 0.00512845 -0.0130397 0.134738 -0.00021443 -0.01306 0.123388 -0.00042713 -0.00819591 0.178421 0.000911034 -0.0104156 0.168528 0.00055049 0.00237076 0.168529 0.00315348 -0.0107203 0.166748 0.0004921 -0.0130393 0.134775 -0.00021379 -0.0127418 0.146124 -1.225e-05 -0.0123099 0.153244 0.0001313 -0.00406449 0.0245324 0.00436976 -0.00452472 0.0219253 0.00423613 -0.00324405 0.0245175 0.00484587 -0.00441716 0.0193086 0.00376224 -0.00206871 0.0245119 0.00515516 0.000631147 0.0296755 0.00675203 -0.000522694 0.0296799 0.00613522 -0.00162064 0.0296916 0.00529793 -0.00293634 0.0297063 0.00418151 -0.00523283 0.0219375 0.00392168 -0.00489328 0.0245513 0.0037253 -0.00678543 0.0193242 0.00318359 -0.00762948 0.015 0.002388209 -0.00770832 0.015 0.002494121 -0.00773542 0.015 0.002583279 -0.00771896 0.015 0.00282628 -0.00767242 0.0152786 0.00287407 -0.00743918 0.016643 0.00297699 0.00307143 0.0568666 0.0074708 -0.000819468 0.0568639 0.00507039 0.00378361 0.0512768 0.00823564 0.000138482 0.0512709 0.00566382 0.00431337 0.0457132 0.00875553 0.00100058 0.045706 0.00614055 0.00418791 0.040232 0.00878969 0.0012474 0.0402275 0.00632248 0.00294718 0.0348879 0.00810463 0.000372536 0.0348922 0.0060363 -0.00633556 0.062427 0.001717429 -0.00344521 0.0402198 0.00234476 -0.00403308 0.0456936 0.002125697 -0.00497563 0.0512607 0.001934736 -0.00587554 0.0568591 0.001791954 -0.00975793 0.026947 -0.00140259 -0.0045385 0.0297188 0.0027745 -0.010336 0.0295275 -0.00253875 -0.0107854 0.0314614 -0.00336121 -0.00920952 0.024363 -0.00029913 -0.00894739 0.0230658 0.00021523 -0.00876777 0.0221483 0.00055534 -0.00141193 0.0348962 0.00449416 -0.00360043 0.0348996 0.002571557 -0.0123381 0.0378675 -0.00545053 -0.0116084 0.0348931 -0.0046419 -0.016451 0.0626669 -0.00413868 -0.0164484 0.0622845 -0.00419384 -0.0163454 0.0595058 -0.00461217 -0.00609958 0.0679231 0.001721326 -0.00439856 0.0788114 0.001872835 -0.00967714 0.0788118 -0.00025656 -0.00279141 0.0897921 0.002045457 -0.01374 0.0896741 -0.00163089 -0.013857 0.0882015 -0.00171828 -0.0142416 0.0841607 -0.00197922 -0.0149205 0.0786903 -0.00238714 -0.0156607 0.0732443 -0.00287355 -0.0161067 0.0567127 -0.00503994 -0.015751 0.0539126 -0.00544194 -0.0157168 0.0536799 -0.00547307 -0.0140169 0.0448593 -0.00614477 -0.0128782 0.040063 -0.00583258 -0.0130711 0.106427 -0.00087636 -0.00194549 0.100938 0.002165404 0.00578257 0.0897915 0.00493567 0.00434001 0.0788105 0.00537353 0.00894739 0.0230658 0.00328477 0.00920952 0.024363 0.00379913 0.0086859 0.0245412 0.0048595 0.00869383 0.0217629 0.00280869 0.010336 0.0295275 0.00603875 0.00988082 0.0296985 0.00687851 0.00975793 0.026947 0.00490259 0.00938058 0.0251862 0.00414174 0.0106351 0.0308204 0.00659399 0.0109405 0.0321172 0.00712729 0.0111544 0.0348941 0.00868804 0.0112517 0.0334194 0.0076286 0.0114408 0.0342028 0.00790943 0.0106419 0.0348936 0.00910313 0.00917804 0.0296965 0.0073856 0.00952782 0.0296984 0.00720216 0.00776094 0.0245386 0.00545532 0.00821563 0.0245411 0.00527571 0.0070298 0.0193189 0.00363243 0.0115684 0.0347287 0.00808789 0.0116084 0.0348931 0.0081419 0.0122166 0.0373748 0.00884029 0.0120538 0.040226 0.01014626 0.0128782 0.040063 0.00933258 0.0129812 0.0404848 0.00938697 0.00453814 0.018 0.0035 0.00484763 0.0193145 0.00384005 0.00630283 0.0245285 0.00564489 0.00794255 0.0296886 0.00775159 0.00956618 0.0348914 0.00963173 0.0109802 0.0402283 0.01078423 0.0098332 0.0402301 0.01106461 0.00727329 0.0348885 0.00991903 0.0134215 0.056864 0.01019632 0.00112168 0.018 0.0035 0.0014809 0.0193096 0.00385793 0.00328182 0.0245146 0.0057603 0.00534746 0.0296776 0.00797176 0.0160992 0.0566439 0.00855029 0.016385 0.0655594 0.00724413 0.016233 0.0679222 0.00695032 0.0157782 0.0679225 0.00757543 0.0152972 0.0511127 0.00928295 0.0150653 0.0568625 0.0095294 0.0136211 0.0624267 0.00939978 0.00984311 0.0512757 0.01090265 0.00993655 0.056866 0.01012763 0.00994012 0.0679202 0.00845241 0.0142416 0.0841607 0.00547922 0.0139692 0.0869122 0.0052981 0.0133079 0.0897858 0.00582428 0.01374 0.0896741 0.00513089 0.0142097 0.0788121 0.00676684 0.0145605 0.0814204 0.00567504 -0.00786992 0.179581 0.000956447 0.000830292 0.179547 0.002550695 0.00275274 0.179562 0.00286645 0.00461958 0.168537 0.00357072 0.00678603 0.168542 0.00382222 0.0103913 0.157391 0.00425351 0.0117957 0.14613 0.00439393 0.0123721 0.12347 0.00480011 0.0125263 0.100916 0.00549856 0.0128638 0.0897864 0.00615537 0.0135927 0.0788119 0.00712213 0.0136505 0.0909126 0.0050604 0.0133966 0.0952266 0.00483511 0.0131831 0.100813 0.00458567 0.0128961 0.0788117 0.00732497 0.0123446 0.0897869 0.00635484 0.0120975 0.100917 0.00569665 0.0119466 0.123473 0.00499336 0.0112814 0.146132 0.00456635 0.00819463 0.157394 0.00434403 0.00597076 0.157397 0.00406516 0.00359182 0.157402 0.00357972 -0.0112879 0.162954 0.00037583 -0.0020905 0.018 0.0035 -0.0016876 0.0193075 0.00383646 0.00041254 0.0245086 0.00562514 0.00284 0.029673 0.00769068 0.00501016 0.0348872 0.00947495 0.00637129 0.0402327 0.01045022 0.00686206 0.0457143 0.01054082 0.00679749 0.0512776 0.01001801 0.00650217 0.0568669 0.00916192 0.00630068 0.0624265 0.00825267 0.0102191 0.0897887 0.00635185 0.00811113 0.0897902 0.00578586 0.0100615 0.0788111 0.0072176 0.00727565 0.0788107 0.00646189 0.0064221 0.0679196 0.00750417 -0.00264813 0.1905 0.001570094 -0.00398478 0.1905 0.001401377 -0.00463744 0.188941 0.001336757 0.00237757 0.1905 0.002200569 0.00150645 0.1905 0.002117957 -9.89905e-05 0.1905 0.001922033 -0.000983231 0.1905 0.001800103 -0.0130768 0.105995 -0.00089118 -0.0131831 0.100813 -0.00108567 -0.0133966 0.0952266 -0.00133511 0.00680326 0.018 0.00330476 0.00657799 0.0179974 0.0034018 0.00704989 -0.015 0.00315008 0.00744413 -0.0179927 0.000761576 0.00744728 -0.0179899 0.000766197 0.00751549 -0.018 0.0008749 0.00737701 -0.018 0.00067002 0.00742809 -0.0179966 0.00073853 0.00743846 -0.0179949 0.000753338 0.00744937 -0.0179861 0.000769272 0.00745103 -0.0179798 0.000771732 0.00752381 -0.0179963 0.00088947 0.00745297 -0.0179545 0.000774609 0.00753414 -0.0179841 0.000908034 0.00745414 -0.0174511 0.000776353 0.00770303 -0.0174597 0.001347279 0.00745423 -0.0178538 0.000776495 0.00766815 -0.0176111 0.001221047 0.0075496 -0.0179559 0.000936826 0.00744204 -0.0164428 0.000758529 0.00742141 -0.0156402 0.00072917 0.00740091 -0.01507 0.00070121 0.00749819 0.0148 0.000845605 0.00738949 -0.0148 0.00068613 0.00729171 0.0148 0.00056933 0.00729171 -0.0148 0.00056933 0.0068654 0.0148 0.00022896 0.00677932 -0.0148 0.0001831 0.00657799 0.0148 9.82e-05 0.006 -0.0148 -1.040834e-15 0.006 0.0148 -1.040834e-15 0.0075215 0.0150645 0.000885395 0.00763469 0.0159972 0.001125276 0.00767874 0.0162463 0.001255696 0.00768972 0.0162934 0.001294636 0.00769439 0.0163046 0.001312352 0.00769719 0.0163074 0.001323348 0.0077091 0.0162766 0.001373859 0.00771695 0.0162146 0.001411488 0.00771093 0.0162238 0.001382271 0.00772262 0.0161401 0.001441634 0.00770001 0.0163066 0.001334712 0.00770303 0.016301 0.001347253 0.00769918 -0.0161879 0.002168663 0.00770295 -0.0161965 0.002153056 0.00770706 -0.0161987 0.002135304 0.00772262 -0.0161401 0.002058366 0.00771524 -0.0161811 0.002097063 0.00771031 -0.0161952 0.002120583 0.00773961 -0.0164553 0.00194037 0.00774003 -0.0164637 0.001936583 0.00774927 -0.0167604 0.001800556 0.00774118 -0.0171494 0.001574535 0.00763362 0.0179164 0.002377537 0.00757202 0.0179838 0.002518935 0.00746408 0.0179993 0.002708632 0.00729171 -0.015 0.00293067 0.00769095 0.0177613 0.002200781 0.00770068 0.0177177 0.002162544 0.00762948 -0.015 0.002388209 0.00766795 -0.015594 0.002279584 0.00765639 -0.0157181 0.002314694 0.00768041 -0.0160576 0.00223861 0.00769115 -0.0161492 0.002200013 0.00671574 -0.0175568 0.00334694 0.00663817 -0.0179688 0.00337949 0.00665779 -0.0178868 0.00337167 0.00657799 -0.018 0.0034018 0.00662973 -0.0179851 0.00338277 0.00662042 -0.0179939 0.00338633 0.00660656 -0.018 0.00339152 0.00729171 0.0179985 0.00293067 0.00714174 0.018 0.00307625 0.00648594 -0.018 0.00343118 0.00643442 0.018 0.00344522 0.006347 -0.018 0.00346525 0.006 0.018 0.0035 0.0061962 -0.018 0.00348897 0.006 -0.018 0.0035 -0.002 2.451856e-15 -1.013079e-15 -0.006 0.0148 -9.992007e-16 -0.00173205 0.001 -1.013079e-15 -0.001 0.00173205 -1.013079e-15 0.00138564 0.0068 -1.026956e-15 0.0008 0.00738564 -1.020017e-15 0.006 0.0148 -1.040834e-15 -9.436896e-16 0.0076 -1.020017e-15 -0.0008 0.00738564 -1.020017e-15 -0.00138564 0.0068 -1.013079e-15 -0.001 -0.00173205 -1.013079e-15 0.00138564 -0.0052 -1.026956e-15 -0.00173205 -0.001 -1.013079e-15 0.0008 -0.00461436 -1.020017e-15 0.0016 0.006 -1.026956e-15 0.006 -0.0148 -1.040834e-15 0.00138564 0.0052 -1.026956e-15 -0.0016 0.006 -1.013079e-15 -0.00138564 0.0052 -1.013079e-15 -0.0008 0.00461436 -1.020017e-15 -8.881784e-16 0.002 -1.020017e-15 -9.436896e-16 0.0044 -1.020017e-15 0.001 0.00173205 -1.020017e-15 0.0008 0.00461436 -1.020017e-15 -8.326673e-16 -0.0044 -1.020017e-15 -0.0008 -0.00461436 -1.020017e-15 -0.00138564 -0.0052 -1.013079e-15 -0.0016 -0.006 -1.013079e-15 -0.006 -0.0148 -9.992007e-16 -0.00138564 -0.0068 -1.013079e-15 0.00138564 -0.0068 -1.026956e-15 0.0016 -0.006 -1.026956e-15 -0.0008 -0.00738564 -1.020017e-15 -8.326673e-16 -0.0076 -1.020017e-15 0.0008 -0.00738564 -1.020017e-15 -8.881784e-16 -0.002 -1.020017e-15 0.001 -0.00173205 -1.020017e-15 0.00173205 -0.001 -1.026956e-15 0.002 2.478746e-15 -1.026956e-15 0.00173205 0.001 -1.026956e-15 0.006 -0.018 0.0035 0.006 0.018 0.0035 0.0016 -0.006 0.0035 0.00138564 -0.0052 0.0035 0.00138564 -0.0068 0.0035 0.0008 -0.00738564 0.0035 0.0048605 -0.018 0.0035 0.0020905 -0.018 0.0035 -0.00138564 -0.0052 0.0035 -0.002 2.452399e-15 0.0035 -0.0016 -0.006 0.0035 -0.006 -0.018 0.0035 0.00138564 0.0052 0.0035 0.0008 0.00461436 0.0035 -0.001 0.00173205 0.0035 -9.436896e-16 0.0044 0.0035 -0.00173205 0.001 0.0035 -0.0008 0.00461436 0.0035 -0.00138564 0.0052 0.0035 -0.0016 0.006 0.0035 -0.006 0.018 0.0035 -0.00112168 -0.018 0.0035 -8.326673e-16 -0.0076 0.0035 -0.00453814 -0.018 0.0035 -0.0008 -0.00738564 0.0035 -0.00138564 -0.0068 0.0035 -0.00138564 0.0068 0.0035 -0.0008 0.00738564 0.0035 -0.0048605 0.018 0.0035 -0.0020905 0.018 0.0035 0.001 0.00173205 0.0035 0.00173205 0.001 0.0035 0.002 2.4788e-15 0.0035 0.00173205 -0.001 0.0035 0.0008 -0.00461436 0.0035 0.001 -0.00173205 0.0035 -8.326673e-16 -0.0044 0.0035 -8.881784e-16 -0.002 0.0035 -0.0008 -0.00461436 0.0035 -0.001 -0.00173205 0.0035 -0.00173205 -0.001 0.0035 0.00112168 0.018 0.0035 -9.436896e-16 0.0076 0.0035 0.00453814 0.018 0.0035 0.0008 0.00738564 0.0035 -8.881784e-16 0.002 0.0035 0.0016 0.006 0.0035 0.00138564 0.0068 0.0035 -0.00770832 0.015 0.002494121 -0.00762948 0.015 0.002388209 -0.00729171 0.015 0.00293067 -0.00740229 0.015 0.0030846 -0.00735878 0.015 0.0030982 -0.00704989 0.015 0.00315008 -0.00759362 0.015 0.00299256 -0.00761973 0.015 0.00297287 -0.00767129 0.015 0.00292103 -0.00771896 0.015 0.00282628 -0.00773542 0.015 0.002583279 0.00695485 0.018 0.00028345 0.00685383 0.018 0.00022243 0.00685374 0.018 0.00022265 0.00674893 0.018 0.00016835 0.00695485 0.018 0.00028345 0.00685383 0.0179985 0.00022243 0.00685383 0.018 0.00022243 0.00674893 0.018 0.00016835 0.00729961 0.018 0.00057803 0.0072222 0.018 0.00049751 0.00722239 0.018 0.00049788 0.00713981 0.018 0.00042209 0.00729961 0.018 0.00057803 0.00722227 0.0179982 0.00049758 0.0072222 0.018 0.00049751 0.00713981 0.018 0.00042209 0.0038138 0.1905 0.002208181 0.00389737 0.1905 0.002183442 0.00343775 0.1905 0.001980309 0.00397643 0.1905 0.002125932 0.00397975 0.1905 0.002119143 0.00398478 0.1905 0.002098623 0.00390532 0.1905 0.002047891 0.00398552 0.1905 0.002092627 -0.00398478 0.1905 0.001401377 -0.00264813 0.1905 0.001570094 -0.00139605 0.1905 0.001677836 -0.000983231 0.1905 0.001800103 -0.000185213 0.1905 0.001789576 -9.89905e-05 0.1905 0.001922033 0.000835514 0.1905 0.001856192 0.00150645 0.1905 0.002117957 0.00253524 0.1905 0.001919547 0.00237757 0.1905 0.002200569 0.00334355 0.1905 0.002245259 0.00398324 0.1905 0.002085787 0.00398251 0.1905 0.002084637 0.00397104 0.1905 0.002073936 0.00394198 0.1905 0.002160551 0.00397031 0.1905 0.002135092</float_array>
          <technique_common>
            <accessor count="3600" source="#verts-array-array" stride="3">
              <param type="float" name="X"/>
              <param type="float" name="Y"/>
              <param type="float" name="Z"/>
            </accessor>
          </technique_common>
        </source>
        <source id="normals-array">
          <float_array count="10800" id="normals-array-array">-0.5620563 -0.1019581 0.8207906 -0.4922246 -0.1375645 0.8595295 -0.1484828 -0.1333837 0.9798784 -0.06969516 0.004922612 0.9975562 0.1619037 -0.0301525 0.9863458 0.1295698 0.1003797 0.9864763 -0.3454102 0.0647475 0.9362156 -0.2384258 -0.05887377 0.9693745 -0.5552352 0.01052291 0.8316268 -0.590165 0.1260835 0.7973759 -0.6497881 0.09800667 0.7537706 -0.7170538 0.3633928 0.5947937 -0.6188312 0.3057381 0.7235829 -0.6518794 0.3521311 0.6716077 -0.5258788 0.4034431 0.7487891 -0.3501954 0.4033686 0.8453739 -0.2391392 0.3788172 0.8940414 -0.4821786 0.3886448 0.7851491 -0.1567964 0.2968811 0.9419535 -0.4489577 0.3201143 0.8342445 -0.7272798 0.3055993 0.6145512 -0.7245235 0.3727023 0.5797919 0.523747 0.1413814 0.8400597 0.544824 0.176383 0.8197901 0.5474809 0.04616978 0.8355435 0.492545 -0.07008019 0.8674608 0.443592 -0.09791237 0.8908644 0.4033701 -0.1009225 0.9094543 0.6551547 -0.1308772 0.7440722 0.6414884 -0.1665283 0.7488397 0.6676831 -0.1669383 0.7254867 0.1994817 -0.005073664 0.9798884 0.1993104 -0.0006749978 0.9799362 0.189603 -0.02006602 0.9816558 0.2819042 -0.04168901 0.9585364 0.102306 -0.04540034 0.9937164 0.09235663 -0.02782577 0.9953371 -0.8710888 -0.008348541 0.4910545 -0.8710027 -0.007425892 0.4912221 -0.7670746 -0.01862311 0.6412876 0.7842258 -0.08663808 0.614397 0.8080717 -0.07582863 0.5841833 0.6591272 -0.08544784 0.7471613 -0.3222511 0.270525 0.9071772 -0.4728491 0.2731512 0.8377363 0.9946856 -0.102901 0.003459372 0.9582223 -0.1013723 0.267458 0.8905916 -0.08247181 0.447264 0.8087938 -0.07884539 0.5827829 0.744768 -0.5429237 0.3880134 0.6798931 -0.09865079 0.7266453 0.7698317 -0.1138753 0.628006 0.7670397 -0.1181238 0.6306321 0.7690098 -0.1156313 0.6286917 0.7283074 -0.1201372 0.6746373 0.7842252 -0.03038293 0.619732 0.720459 -0.1361194 0.6800076 0.8045274 -0.03466054 0.5929033 0.7368412 -0.1281228 0.6638144 0.7604852 -0.1223445 0.6377257 0.7698997 -0.1138034 0.6279357 0.7696564 -0.114362 0.6281325 0.7516138 -0.1102679 0.6503213 0 -1 0 0.9533288 0.1095741 0.2813499 0.9492387 0.1079831 0.2954412 0.9518946 0.1114144 0.2854532 0.9587589 0.1227471 0.2563484 0.9656568 0.1325781 0.2234503 0.9334736 0.01785314 0.3582015 0.9639594 0.07954411 0.25388 0.9705003 -0.003116099 0.2410797 0.9690476 0.005947963 0.2468023 0.9723348 -0.05507414 -0.2270063 0.9007731 0.04934776 -0.4314773 0.9965724 -0.07870676 0.02547013 0.9680537 0.01082942 0.250509 -0.713743 0.2823659 0.6409683 -0.8041167 0.265317 0.5319805 -0.8286919 0.2703021 0.4901086 -0.8347989 0.2497312 0.4906578 -0.8356598 0.2517939 0.4881317 -0.8329676 0.2495134 0.4938705 -0.8205956 0.2408895 0.5182617 -0.8630856 0.2007935 0.4634277 -0.8691166 0.1955223 0.4543208 -0.5987955 0.2611123 0.7571422 -0.05597965 0.2487029 0.9669608 -0.1996735 0.2619689 0.9441942 0.1694714 0.04682026 0.9844223 0.3215518 0.01589341 0.9467586 0.368329 0.005900474 0.9296768 0.3397726 0.008459597 0.9404696 0.3845477 -0.008039515 0.9230701 0.4070736 -0.02895948 0.9129361 0.3631024 -0.0008732535 0.9317488 0.3542299 0.002049074 0.9351561 0.3453747 0.004871358 0.9384522 0.3242424 0.01108887 0.945909 0.2752474 0.02270693 0.9611052 0.1990563 0.03360108 0.9794118 0.137689 0.07729292 0.9874551 0.162355 0.106226 0.9809979 0.0327333 0.1506966 0.988038 0.01097922 0.1807194 0.9834734 0.4473743 -0.02179703 0.8940811 0.5214844 -0.06261054 0.8509606 0.6602444 -0.06829203 0.7479395 0.5282982 -0.04368917 0.8479341 0.5459687 -0.05422665 0.8360488 0.3683529 -0.0235847 0.9293868 0.2531721 0.008241032 0.9673862 0.4095299 -0.01675767 0.9121428 0.4595916 -0.0548633 0.8864342 0.5671809 -0.1027699 0.8171562 -0.9449556 -0.01585254 0.3268143 -0.7954396 -0.04445713 0.6044 -0.9523021 -0.01435242 0.3048191 -0.7345901 -0.02798256 0.6779339 -0.7812191 -0.04164349 0.6228664 -0.655653 -0.04614236 0.7536512 -0.8492624 -0.01381438 0.5277903 -0.7410666 -0.0265436 0.6709066 -0.6965951 -0.02239391 0.7171149 -0.7810591 -0.05102973 0.6223686 -0.7136519 -0.06879233 0.6971145 -0.5192861 -0.0733866 0.8514437 -0.7356643 -0.07393314 0.6732993 -0.7747434 -0.09295223 0.6254059 -0.7136353 -0.1611368 0.6817328 -0.8005997 -0.1524116 0.5794918 -0.8335576 -0.2374998 0.498774 -0.9048456 -0.3633985 0.2218018 -0.8764785 -0.3560988 0.3240047 -0.7637726 -0.2934003 0.5749502 -0.8130636 -0.336774 0.4748798 -0.7788719 -0.2401614 0.5793799 -0.5294489 -0.2321876 0.815949 -0.6357816 -0.2067225 0.7436717 -0.393288 -0.1561114 0.906065 -0.7093696 -0.3016216 0.6370394 -0.5332528 -0.245102 0.8096706 -0.3469121 -0.1796079 0.9205395 -0.1607048 -0.1151793 0.980259 -0.0104044 -0.07953548 0.9967777 -0.4629973 -0.1211936 0.8780351 -0.169716 -0.08037526 0.9822099 -0.1151894 -0.09699279 0.9885969 0.05740971 -0.05957424 0.9965716 0.2204183 -0.009519254 0.975359 0.03711327 -0.01608353 0.9991816 0.1949916 -0.005792896 0.9807878 0.03912749 -0.02209619 0.9989899 0.1764457 -0.008831532 0.9842708 0.2739468 -0.009291789 0.9617 0.2463775 -0.003134488 0.9691689 0.2298481 -0.0002872914 0.9732265 0.21687 -0.0008947686 0.9762001 0.2503922 0.02377314 0.9678526 0.2508249 0.02696093 0.9676569 0.2505545 0.02927267 0.9676598 0.1873014 -0.01561266 0.9821784 0.214035 0.00269784 0.9768223 0.2171817 0.009152763 0.9760883 0.2215405 0.01119864 0.9750869 0.2269954 0.01308152 0.973808 0.2390302 0.01475065 0.9709001 0.2495791 0.02159206 0.9681136 0.5559408 -0.1017694 0.8249684 0.2612741 0.08349263 0.9616469 0.3832975 0.04766843 0.922394 0.03735567 0.2007268 0.9789348 0.205992 0.195426 0.9588409 0.4115378 0.0807299 0.9078102 0.5410064 -0.07087921 0.8380264 0.6196266 -0.1419957 0.7719457 0.6429491 -0.1587164 0.7492833 0.5308877 -0.07216296 0.8443641 0.6196759 -0.1552591 0.769348 0.6230295 -0.1202966 0.7728926 0.8228211 0.04075655 -0.5668371 0.8976799 0.009225001 -0.4405516 0.9941749 -0.02484986 -0.1048748 0.9599129 -0.06872137 0.2717438 0.8869293 -0.09358836 0.4523247 0.7341953 -0.09354095 0.6724636 0.4886382 -0.0764156 0.8691337 0.5338417 -0.02680497 0.8451594 0.5422249 -0.03699549 0.8394185 0.5816923 0.01765878 0.8132172 0.5938274 -0.01715449 0.8044095 0.6195658 0.01683551 0.7847641 0.6165816 -0.02034621 0.7870281 0.6402606 -0.02356441 0.7677963 0.5753254 -0.0200092 0.8176799 0.6353904 -0.09654269 0.7661322 0.4884314 0.009288973 0.8725528 0.6509249 -0.001898629 0.7591397 0.6226568 0.06293892 0.7799597 0.5864046 0.0677388 0.807181 0.674175 -0.1712533 0.7184431 0.6592441 -0.1638797 0.7338533 0.669909 -0.1588799 0.7252442 0.678233 -0.1208393 0.7248433 0.6866849 -0.1521352 0.7108578 0.6862988 -0.137555 0.7141936 0.6834742 -0.1268839 0.7188627 0.6785996 -0.1162844 0.7252452 0.6511105 -0.1017861 0.7521268 0.6606228 -0.09906222 0.7441533 0.6609532 -0.002304086 0.7504236 0.6712687 -0.07039862 0.7378634 0.489204 0.09889241 0.8665447 0.4984024 0.1375233 0.8559687 0.4461688 -0.03789577 0.8941461 0.3799348 -0.03954861 0.9241674 0.453576 0.01688555 0.8910576 0.3748727 0.01007091 0.9270216 0.3855637 0.01354703 0.9225818 0.4359438 0.02544543 0.8996141 0.4486929 0.0403476 0.8927748 0.4558147 0.07618536 0.8868082 0.5440489 0.1837638 0.8186829 0.5668473 0.172742 0.8055087 0.5957013 0.1739831 0.7841364 0.6327442 0.1356403 0.7623887 0.6525927 0.07564123 0.7539239 0.3530882 -0.09173814 0.9310815 0.3213431 -0.02393992 0.9466602 0.3266527 -0.05964647 0.9432605 0.2828807 -0.02156379 0.9589127 0.30166 -0.03678259 0.9527058 0.2519165 -0.02069654 0.9675276 0.0502708 -0.01816822 0.9985704 -0.8325473 0.3285086 0.4460348 -0.8415802 0.3133416 0.4399543 -0.7726267 0.3927773 0.4987724 -0.7704338 0.3901049 0.504232 -0.6992923 0.3968995 0.5945259 -0.8141802 0.3525782 0.4613017 -0.8111501 0.3661208 0.4560603 -0.8047678 0.3702431 0.4639708 -0.7556908 0.3855381 0.529426 -0.7206596 0.3821239 0.5784731 -0.7074155 0.3796117 0.5962032 -0.6485536 0.2708394 0.7113538 -0.6577067 0.2133718 0.7224226 -0.5716555 0.2325495 0.7868486 -0.5047844 0.3445452 0.7915057 -0.002413434 0.2527367 0.9675321 -0.01397602 0.2923617 0.9562057 -0.0780541 0.369602 0.925906 -0.1682509 0.3939076 0.9036196 -0.2678633 0.3317988 0.9045213 -0.3665846 0.2044484 0.9076434 -0.1154664 0.1600666 0.9803296 0.04243114 0.2622988 0.9640534 -0.1859141 -0.1114672 0.9762228 0.002799256 0.2608725 0.9653692 0.004756901 0.2973674 0.9547513 0.01079897 0.3553599 0.9346672 0.02096558 0.352487 0.9355818 -0.6956423 -0.0297754 0.717771 -0.6852041 -0.1257713 0.7174099 -0.7925625 -0.1166198 0.5985353 -0.7283553 -0.1211662 0.6744014 -0.8072085 -0.150654 0.5707169 -0.8442423 -0.1591332 0.5117925 -0.7676246 -0.1667164 0.6188361 -0.6752555 0.03657588 0.7366765 -0.5426973 -0.05939298 0.8378258 -0.1557083 -0.1347867 0.978564 0.1295521 -0.1113941 0.9852957 0.1413063 -0.1398694 0.9800352 0.1552046 -0.1270591 0.9796772 -0.8447191 -0.1541578 0.512528 -0.8001184 -0.140071 0.5832586 -0.6058038 -0.1424067 0.7827657 -0.8605852 -0.1148294 0.4961928 -0.7401107 -0.09348166 0.6659559 -0.876379 -0.1160919 0.4674212 -0.8516346 -0.09680142 0.5151193 0.1801526 -0.01621522 0.983505 0.1691433 -0.03247008 0.9850565 0.136698 -0.04367399 0.9896496 0.1489276 -0.03125048 0.9883542 0.04402288 -0.048936 0.9978313 -0.2049172 -0.05762092 0.9770818 -0.4178816 -0.04155237 0.9075507 -0.5304066 -0.02839289 0.8472678 -0.5454771 -0.04687258 0.836814 -0.4799672 -0.08704973 0.8729569 -0.3932026 -0.1170094 0.9119761 -0.860377 -0.07966539 0.5033934 -0.9116858 -0.05864929 0.4066807 -0.8963638 -0.04368853 0.4411612 -0.123075 -0.1093064 0.9863593 -0.1812871 -0.07818934 0.980317 -0.2329651 -0.04784372 0.9713075 -0.2490536 -0.0261891 0.9681356 -0.1910234 -0.03474853 0.9809702 0.04061698 -0.03313422 0.9986252 0.1622392 -0.01821419 0.9865833 0.2043138 -0.009759907 0.9788568 0.2058099 -0.002436662 0.978589 0.01129867 0.2372318 0.9713874 0.02607832 0.2629399 0.9644597 0.1243933 0.2785206 0.9523406 0.2564358 0.2221264 0.9406915 0.3692515 0.1250023 0.9208842 0.420274 0.03092006 0.9068703 0.4179195 -0.04179529 0.9075221 0.3871877 -0.09367403 0.91723 0.3513271 -0.1262206 0.9277056 0.3267591 -0.1357075 0.9353138 0.1320939 -0.06799263 0.9889025 0.299907 -0.06573293 0.9517011 0.1509788 -0.09732105 0.9837347 0.3034336 -0.09763363 0.9478374 0.3100254 -0.12393 0.9426164 0.1297306 -0.04747023 0.9904123 0.1430258 -0.04088842 0.988874 0.1714682 -0.02745924 0.9848069 0.07345955 -0.06475258 0.9951938 0.1095253 -0.05663567 0.9923692 0.1314287 -0.04876659 0.9901254 0.1366 -0.04519808 0.9895947 0.3176859 0.03042219 0.9477078 0.2882174 0.02034375 0.9573489 0.2684751 0.02302927 0.9630113 0.2501507 0.03065943 0.9677214 0.3178653 0.03090623 0.947632 0.3374944 0.01108424 0.9412623 0.3755283 0.02320856 0.9265203 0.3758778 0.02306306 0.9263822 -0.4795005 0.000529664 0.8775415 -0.3434076 0.0006438597 0.9391862 -0.564535 -0.0004046553 0.825409 -0.8345663 0.1346487 -0.5341992 -0.8432585 0.05722694 -0.5344531 -0.8531373 -0.08402899 -0.5148747 -0.5401045 0.7582992 -0.3650608 -0.552373 0.7456852 -0.3726093 -0.7937798 0.3212061 -0.516469 -0.8457324 0.02682057 -0.5329328 -0.8484262 0.009271354 -0.5292325 -0.8572251 -0.05319345 -0.5121871 -0.8684032 -0.02506454 -0.4952248 -0.8581954 -0.05092851 -0.5107906 -0.9166907 -0.002030747 -0.3995924 -0.9289451 -0.02831082 -0.3691334 -0.9047282 -0.006941818 -0.4259327 -0.8197599 -0.2322841 -0.5234862 -0.8545937 -0.1070505 -0.5081435 -0.91946 -0.008394017 -0.3930938 -0.925006 -0.01418621 -0.3796877 -0.9304128 -0.01866795 -0.3660376 -0.7181169 0.0001575472 -0.6959225 -0.8436621 0.0002056764 -0.5368744 -0.8648358 -0.0007276811 -0.5020542 -0.9040579 0.001144406 -0.4274085 -0.9458487 0.002902132 -0.3245949 -0.9615043 0.00391738 -0.2747618 -0.9667132 0.004327755 -0.255826 -0.9687477 0.004502986 -0.2480073 -0.9703487 0.006493877 -0.2416222 -0.6888207 -5.337134e-15 -0.7249317 -0.4241939 -0.0004280827 -0.9055713 -0.4496737 0.0003017138 -0.8931929 -0.2292427 -0.0008268898 -0.9733689 -0.255771 -1.918668e-15 -0.9667374 -0.975281 0.001401223 -0.220964 -0.9790511 0.005735251 -0.203534 -0.9762394 0.003130777 -0.216672 -0.9961696 0.00281135 -0.08739694 -0.970552 0.0102389 -0.2406739 -0.9717949 0.00747258 -0.2357092 -0.9720829 -0.004992329 0.2345847 -0.9736989 -0.005175739 0.2277797 -0.9752491 -0.005017663 0.2210519 -0.987013 -0.004411091 0.1605799 -0.9790342 -0.004817056 0.2036388 -0.9769252 -0.004844184 0.2135267 -0.9942758 -0.003298585 0.1067926 -0.9976696 -0.002580051 0.06818095 -0.9997358 -0.001243287 -0.02295327 -0.9896918 -0.0002260562 -0.1432137 -0.9090935 0.02212653 0.4160041 -0.8247999 0.2785039 0.4920779 -0.8409773 0.01479889 0.540868 -0.7681431 -0.0008758752 0.6402776 -0.9547555 0.005010311 0.2973497 -0.9749594 0.005172695 0.2223229 -0.9157505 -0.000822857 0.4017465 -0.9551404 -0.001088538 0.2961514 -0.9509405 0.001054116 0.3093721 -0.9644974 -0.002582483 0.2640796 -0.9699828 -0.005690451 0.2431069 -0.3755778 -0.0004993056 0.9267907 -0.3441124 -0.008419916 0.9388907 -0.340332 -0.01034622 0.9402484 -0.3258365 -0.005081255 0.9454125 -0.3522673 -0.005923464 0.9358807 -0.3411931 -0.01614548 0.9398546 -0.3384021 -0.03128606 0.9404814 -0.7449127 0.0001662651 0.6671619 -0.6304876 1.828743e-05 0.7761993 -0.2712808 1.891263e-05 0.9625003 -0.2076384 -0.0001454196 0.9782056 -0.1967649 -0.0002526564 0.9804507 -0.1249516 -0.0002481512 0.9921628 -0.1060609 -0.0002733713 0.9943596 -0.05612952 -3.461614e-16 0.9984235 0.8624001 -0.0007586411 -0.5062267 0.8572071 -0.0004966912 -0.5149716 0.8591788 -0.0001831188 -0.5116755 0.8501416 0.001734731 -0.5265513 0.8494042 0.002176791 -0.5277383 0.8528557 0.001353434 -0.522145 0.8513625 0.006897653 -0.5245325 0.8512509 0.0008532721 -0.5247582 0.8526018 2.241726e-05 -0.5225611 0.8493244 0.002174103 -0.5278667 0.849936 0.001952502 -0.5268823 0.8554504 -0.0008910915 -0.5178839 0.8692288 -0.0007746943 -0.4944094 0.8697994 -0.0008862151 -0.4934048 0.8570434 0.0005175055 -0.515244 0.8544477 0.0002165687 -0.5195374 0.8619917 7.443129e-06 -0.5069223 0.8647366 -5.128532e-05 -0.5022256 0.8657865 -0.0001427128 -0.5004136 0.8672402 -0.002802501 -0.4978822 0.8680909 -0.0006937132 -0.4964048 0.8665469 -0.0002568696 -0.4990955 0.07836982 0.9808014 -0.1785688 0.04571785 0.9798203 -0.1945815 0.07131871 0.9501442 -0.3035451 0.0916182 0.9878241 -0.1257364 0.1466833 0.9328239 -0.3291255 0.2387097 0.920934 -0.3080556 0.2924489 0.7248363 -0.6237676 0.3822667 0.7806226 -0.49447 0.4983156 0.6056642 -0.6203647 0.40413 0.392193 -0.8263556 0.6863214 0.3326364 -0.6467735 0.6345036 -0.09761066 -0.7667316 0.7642796 0.08064766 -0.6398224 0.7673083 0.1536692 -0.6225943 0.1207395 0.8490116 -0.5143941 0.2167447 0.3192973 -0.9225351 0.194649 0.5242517 -0.8290186 0.1616754 0.7073532 -0.6881224 0.2245443 0.1901491 -0.9557318 0.4319277 0.1841722 -0.8829038 0.7690502 0.271276 -0.5787668 -4.728532e-15 0.1951298 -0.9807774 -4.728532e-15 0.1951298 -0.9807774 -5.467675e-15 0.3211518 -0.9470277 -5.467675e-15 0.3211518 -0.9470277 -6.533534e-15 0.5279391 -0.8492822 -6.533534e-15 0.5279391 -0.8492822 -7.257684e-15 0.7071356 -0.707078 -7.257684e-15 0.7071356 -0.707078 -7.601442e-15 0.8488538 -0.5286277 -7.601442e-15 0.8488538 -0.5286277 -7.549386e-15 0.9468104 -0.321792 -7.549386e-15 0.9468104 -0.321792 -7.339991e-15 0.9808459 -0.1947852 -7.339991e-15 0.9808459 -0.1947852 -0.4632504 0.7428632 -0.4832736 -0.726736 0.4082906 -0.552407 -0.4197139 0.3895372 -0.8198177 -0.9635157 0.04779211 -0.2633505 -0.819962 0.1168183 -0.5603711 -0.8060392 0.1891284 -0.5608308 -0.6656131 -0.2874686 -0.6887097 -0.7715374 0.3367942 -0.5397219 -0.3904127 0.828608 -0.4012316 -0.3050351 0.7248005 -0.6177523 -0.2634181 0.909183 -0.3224858 -0.1649286 0.9292689 -0.3305419 -0.1388969 0.9711615 -0.1937859 -0.1598275 0.9748927 -0.1550464 -0.09352992 0.9808667 -0.1707417 -0.07896848 0.9503782 -0.3009075 -0.05031618 0.9796035 -0.1945385 -0.2369052 0.3218024 -0.9166892 -0.2134861 0.5199831 -0.8270678 -0.1779891 0.7076687 -0.6837579 -0.1335017 0.8475301 -0.5136829 -0.2511674 0.1888747 -0.9493373 -0.4396794 0.1950111 -0.8767284 -0.5328897 -0.1140721 -0.8384606 -0.5331562 -0.1588328 -0.8309733 -0.4945647 -0.1218438 -0.8605578 -0.5865612 -0.1665613 -0.7925928 -0.5975718 -0.1864129 -0.779845 -0.5784072 -0.1768506 -0.7963473 -0.5887406 -0.06828569 -0.8054325 -0.5943305 -0.06011839 -0.8019707 -0.6032126 -0.1413725 -0.7849512 -0.5957484 0.1163124 -0.7947045 -0.5846818 0.02507117 -0.8108753 -0.5682534 0.02869505 -0.8223531 -0.9574983 0.01562766 -0.2880152 -0.9914555 0.004823418 -0.130356 -0.9555235 0.02790382 -0.2935919 0.6864593 -0.007968204 0.7271246 0.6740884 -0.008900623 0.738597 0.02848552 -0.03573103 0.9989554 0.4669246 -0.0219709 0.8840241 0.540946 -0.01683016 0.8408889 -0.211237 -0.06030416 0.9755728 -0.9809306 -0.07329733 0.1800076 -0.7389023 -0.09365403 0.6672723 -0.5618481 -0.08920991 0.8224162 -0.6762964 -0.04622612 0.7351777 -0.79014 -0.03848545 0.6117169 -0.7644437 -0.03511588 0.6437334 -0.3276559 0.08002168 -0.9414022 -0.600579 0.04838229 -0.7981003 -0.5759844 0.115922 -0.8091996 -0.6580886 -0.004755181 -0.7529254 -0.09606145 0.1278373 -0.9871321 -0.1846055 0.1228832 -0.9751003 -0.2343109 0.08364155 -0.9685569 -0.8644589 0.05646705 -0.4995221 -0.7033896 0.07205172 -0.7071432 -0.869523 0.03128518 -0.4929005 -0.2711202 0.09682888 -0.9576628 -0.4487122 0.09205719 -0.8889223 -0.2642856 0.1156428 -0.9574862 -0.5304533 0.08788317 -0.8431464 -0.9659609 0.2534828 0.05163315 -0.9596386 0.1647939 -0.2278964 -0.9514437 0.2708236 0.1463196 -0.8931431 0.1407625 -0.4271784 -0.8002424 0.09358169 -0.5923298 -0.6629525 0.08374411 -0.743963 -0.9400733 0.05609567 -0.3363264 -0.969829 0.1106482 -0.2172294 -0.920579 0.03522275 -0.3889648 -0.9186775 0.09672286 -0.3829834 -0.724259 -0.06586437 -0.6863751 -0.8643671 0.04227564 -0.5010811 -0.9469003 0.150782 -0.28398 -0.9423955 0.1045189 -0.3177524 -0.9743703 0.1922167 -0.1168556 -0.8614051 -0.009153828 -0.5078361 0.003412815 -0.3787667 -0.9254859 -0.2154962 -0.3298207 -0.919119 -0.380905 -0.2707924 -0.8840717 -0.4708104 -0.262754 -0.8421983 -0.5563781 -0.2177344 -0.8018947 -0.6672725 -0.1628854 -0.7267845 -0.6594843 -0.149825 -0.7366362 -0.5283597 -0.1971229 -0.8258199 -0.7964009 -0.0502682 -0.6026763 -0.7791395 -0.01925973 -0.6265547 -0.6354738 -0.1556345 -0.7562744 -0.5817826 -0.1712817 -0.7951047 -0.1733788 0.1274331 -0.976576 -0.1721853 0.1311785 -0.9762912 -0.1973085 0.1353613 -0.9709514 -0.3393903 0.08993662 -0.9363363 -0.3472438 0.0555752 -0.9361267 -0.4357989 0.01240582 -0.8999585 -0.2425659 -0.1493337 -0.9585725 -0.2782191 -0.09181043 -0.9561197 -0.2579336 -0.1127602 -0.95956 -0.8601576 -0.2140108 0.462956 -0.9607494 -0.1662953 -0.2220504 -0.9017452 -0.1563101 -0.403017 -0.8095431 -0.09607023 -0.5791463 -0.09957819 -0.004322933 -0.9950203 -0.07931123 -0.001761622 -0.9968483 -0.07806502 -0.022209 -0.9967009 0.1150364 0.03617915 -0.9927022 0.2283829 0.08140715 -0.9701619 0.02151978 0.03316176 -0.9992183 -0.467593 -0.03122716 -0.8833921 -0.2827494 -0.02569765 -0.9588495 -0.2767452 -0.02959159 -0.9604876 -0.7418732 -0.04363666 0.6691188 -0.881169 -0.05318417 0.4698007 -0.8379689 -0.05291698 0.5431463 -0.7361134 -0.03927967 0.6757175 -0.5876238 -0.03032725 0.8085657 -0.5222327 -0.03069442 0.8522505 -0.2928139 -0.02087184 0.9559416 -0.1938097 -0.02034063 0.9808282 -0.6191234 -0.02614217 0.7848585 -0.9422393 -0.04553204 -0.331831 -0.8453871 -0.03748893 -0.5328369 -0.7720552 -0.04115599 -0.6342216 -0.9496607 -0.003539352 0.3132602 -0.9484657 -0.004120164 0.316853 -0.8879757 -0.007646149 0.4598269 -0.4690616 -0.01645818 0.8830121 -0.4540876 -0.01704935 0.8907939 -0.5903049 -0.01562535 0.8070291 -0.9990426 -0.03090582 -0.03096448 -0.9857187 -0.03409098 0.1649135 -0.9317067 -0.02730616 0.3621836 -0.4534212 -0.02648843 -0.8909027 -0.3855791 -0.03040078 -0.9221738 -0.5837776 -0.04242668 -0.8108044 0.2359349 -0.0308418 0.9712793 0.2976677 -0.02978103 0.9542049 -0.9259787 -0.02371673 0.3768302 0.01761701 -0.032317 0.9993224 0.01986103 -0.02837945 0.9993999 -0.2226313 -0.02801779 0.9745 0.4164801 -0.0263699 0.9087623 0.2564008 -0.026601 0.9662044 -0.2737297 -0.01555738 -0.9616808 -0.2785129 -0.02860867 -0.9600063 -0.2724801 -0.02397847 -0.9618626 0.9819573 0.03107849 -0.1865313 0.9822589 0.03121816 -0.1849133 0.9618318 -0.0009089612 -0.2736399 0.9144297 0.1803617 -0.3623368 0.9110808 0.1892229 -0.3662329 0.8404278 0.2083631 -0.5002658 0.9028768 0.2046287 -0.3780749 0.9047862 0.1912195 -0.380522 0.9049647 0.1958933 -0.3777097 -0.9605697 0.09627448 -0.260839 -0.9655132 0.08838389 -0.244893 -0.9478122 0.07963964 -0.3087225 -0.6984593 -0.03786013 -0.7146477 -0.7668429 -0.04086579 -0.6405326 -0.7677051 -0.03083871 -0.6400608 -0.5325347 -0.1188773 -0.8380185 -0.7757087 -0.02072409 -0.6307508 -0.7576388 -0.02239325 -0.6522899 -0.754759 -0.02909867 -0.6553565 -0.7054788 -0.04332607 -0.7074055 -0.9666308 0.04731334 -0.2517664 -0.9663174 0.04707335 -0.2530114 -0.9456366 0.03496999 -0.3233396 -0.963404 0.04459407 -0.264318 -0.9570779 0.03760532 -0.2873809 -0.9442447 0.01746213 -0.3287812 -0.913463 0.005310342 -0.4068871 -0.8437024 -0.01234735 -0.5366692 -0.8526315 -0.01585152 -0.5222722 -0.931269 0.02830719 -0.3632311 -0.9717738 0.0597225 -0.2282301 -0.9740678 0.05029432 -0.2205957 -0.9734188 0.05092896 -0.2232984 -0.9681393 0.05358459 -0.2446121 -0.9149558 0.08958642 -0.3934846 -0.9182948 0.09287352 -0.3848495 -0.9278265 0.08101426 -0.364108 -0.9310827 0.1112986 -0.3474156 -0.942382 0.1083833 -0.3164951 0.8889732 0.1263012 -0.4401984 0.9114638 0.1517261 -0.3823779 0.8774049 0.1407351 -0.458644 0.831708 0.03321217 -0.554219 0.8555192 0.06634478 -0.5135029 0.6784463 0.09152964 -0.7289259 0.8516601 0.06558056 -0.5199752 0.8619993 0.07298796 -0.5016272 0.8322349 0.1534238 -0.5327722 0.8261467 -0.004951003 -0.5634334 0.7932137 0.007262705 -0.6089 0.7903872 -0.03541832 -0.6115829 0.8276612 -0.001591568 -0.5612259 0.8257326 -0.003860958 -0.5640486 0.8212246 -0.003681387 -0.5705932 0.8252984 0.003037908 -0.5646887 0.8284777 -0.0001436301 -0.560022 0.8312315 -0.002483325 -0.5559208 0.8345644 -8.283778e-05 -0.5509104 0.8488834 -0.006748084 -0.5285371 0.91018 0.004620107 -0.4141873 0.9348292 0.007934305 -0.3550091 0.9096477 -0.04639187 -0.4127819 0.8962346 -0.02791723 -0.442701 0.9374864 -0.07030993 -0.3408456 0.9283776 -0.210112 -0.306542 0.9688202 -0.006948968 -0.2476674 0.97608 0.02471557 -0.2160023 0.9784608 0.02870458 -0.2044275 0.9798705 0.03002518 -0.1973636 0.8395411 -0.06789031 -0.5390377 0.633979 -0.1008823 -0.766742 0.752401 -0.09680158 -0.6515537 0.4460279 -0.1145127 -0.8876632 0.5880889 -0.1169572 -0.8002952 0.1889859 -0.1260839 -0.9738517 0.3051274 -0.106146 -0.9463775 0.05408174 -0.1197026 -0.9913357 -0.2523493 -0.1992715 -0.9468953 0.1930305 -0.2783229 -0.9408908 -0.1955157 -0.2879291 -0.9374809 -0.319005 -0.1925539 -0.9279864 -0.6878045 -0.0887538 -0.7204497 -0.4745134 -0.2595525 -0.8411121 -0.4106583 -0.1881333 -0.8921691 -0.5643999 -0.09793112 -0.819672 -0.3978456 -0.1419282 -0.9064079 -0.1531148 -0.2030121 -0.9671308 0.004420808 -0.2371781 -0.9714561 -0.03431649 -0.2941846 -0.9551323 -0.2639803 -0.01034623 -0.9644726 -0.2625543 -0.02090384 -0.9646908 -0.2543554 -0.005894737 -0.9670929 -0.2511721 -0.01832898 -0.9677689 -0.2451325 0.001083432 -0.969489 -0.2419475 -0.01320423 -0.9701995 -0.2210188 0.00607095 -0.9752507 -0.2176586 -0.0162193 -0.9758902 -0.2117251 -0.006066486 -0.9773104 -0.1826073 0.01186185 -0.9831144 -0.1719929 -0.005625585 -0.9850821 -0.1555591 0.01153902 -0.9877592 -0.144626 -0.003645669 -0.9894797 -0.1265262 0.006759056 -0.9919402 -0.1067244 -0.007888716 -0.9942573 -0.09761408 0.0001172917 -0.9952243 -0.1009214 -0.01536496 -0.9947757 -0.08155676 -0.01099333 -0.9966081 -0.1495475 0.04165539 -0.9878767 -0.09406581 0.05968105 -0.9937755 -0.1860228 0.03253378 -0.9820067 -0.1036811 0.06044563 -0.9927722 -0.2124398 0.02217915 -0.9769224 -0.1145154 0.04847764 -0.9922379 -0.09190629 -0.01839961 -0.9955977 -0.07525225 -0.03188354 -0.9966547 -0.05516571 -0.0244738 -0.9981772 -0.05897592 -0.02506936 -0.9979446 -0.06459448 -0.003485801 -0.9979055 -0.06450928 -0.0005157754 -0.997917 -0.07565506 0.01631437 -0.9970006 -0.06500201 0.02127221 -0.9976584 -0.09488392 0.03058083 -0.9950185 -0.06089183 0.04179981 -0.9972688 -0.117217 0.03984474 -0.9923067 0.7541646 0.05816922 -0.654104 0.6339037 0.05235285 -0.771638 0.5947953 0.03105063 -0.8032773 0.7136854 -0.01634415 -0.7002757 0.7160638 -0.03779843 -0.6970107 0.851764 0.01575689 -0.5236886 0.615717 -0.05392422 -0.7861201 0.6642831 0.01601992 -0.7473094 0.4627515 0.05923161 -0.884507 0.5705791 0.08019235 -0.817318 0.7484443 0.06994934 -0.6594984 0.04472466 0.05330353 -0.9975763 0.4629734 0.02222174 -0.8860936 0.2351387 0.0368347 -0.9712636 0.6008901 0.03186976 -0.7986961 0.3633019 0.0359562 -0.9309774 0.3516466 0.04167743 -0.9352046 0.2058202 0.03708137 -0.977887 0.4682797 0.1287806 -0.8741451 0.2053849 0.1081343 -0.9726891 0.08374628 0.02384817 -0.9962017 0.278969 0.0486459 -0.9590672 0.4350598 0.07971641 -0.8968658 0.5129274 0.1085614 -0.8515397 0.6425558 0.08530534 -0.7614756 -0.9552698 -0.02680221 -0.2945185 -0.9981681 -0.01826335 -0.05767933 -0.9811197 -0.02020406 -0.1923433 -0.9946874 -0.01014086 0.1024405 0.2203253 -0.02709774 0.97505 0.2533221 -0.02630802 0.9670242 -0.01597213 -0.03785025 0.9991558 0.2433759 -0.0282499 0.9695206 0.401702 -0.02796058 0.9153435 0.2304465 -0.0271395 0.9727065 0.2654655 -0.02683219 0.9637469 0.199077 -0.02580339 0.9796441 0.3221646 -0.02483169 0.9463579 0.1564316 -0.02388204 0.9874 -0.01541087 0.9992029 0.03682391 0.8661546 -0.005950765 0.4997407 0.2179624 -0.03598531 0.9752935 -0.6741607 -0.04215884 0.7373805 -0.8464984 -0.02940406 0.5315787 0.281027 -0.0295435 0.959245 -0.9471852 -0.01599514 0.3202881 -0.9392638 -0.01960885 0.3426352 0.02154016 -0.03267158 0.999234 -0.8977782 -0.02898188 0.4394933 0.5255948 -0.02271947 0.8504316 -0.2374452 -0.03327967 0.9708307 -0.1506019 -0.03174942 0.9880845 -0.9502009 -0.01321655 0.3113576 -0.4407325 -0.01777783 0.8974625 -0.8786108 -0.008599266 0.4774611 -0.2026804 -0.02253792 0.9789855 0.1503844 -0.03307657 0.9880741 -0.8552605 -0.01759716 0.5178994 0.7536562 -0.01341673 0.6571319 -0.8267099 -0.03588777 0.5614827 -0.6792378 -0.04707939 0.7324067 -0.05671708 -0.02989996 0.9979425 -0.1861223 -0.03044108 0.9820549 -0.5728992 -0.0283915 0.819134 -0.9042607 -0.01036003 0.4268551 -0.1526225 -0.02809654 0.9878851 -0.1723988 -0.02556695 0.9846954 -0.2195105 -0.02526646 0.9752829 0.004283379 -0.02611664 0.9996497 -0.3028661 -0.01918424 0.95284 -0.228157 -0.02233889 0.973368 -0.1313564 -0.02050517 0.9911231 -0.2848099 -0.01934942 0.9583887 -0.02312959 -0.02359025 0.9994541 0.1384197 -0.02201691 0.9901289 0.3550826 -0.02338343 0.9345424 0.08301449 -0.02139038 0.9963187 0.006568779 -0.02114251 0.9997549 -0.7077154 -0.03078791 0.7058265 -0.7758823 -0.02949735 0.6301878 -0.4957298 -0.03516938 0.8677644 -0.5539336 -0.03025505 0.8320109 -0.3103801 -0.03654173 0.9499099 -0.3653728 -0.02926387 0.9304012 -0.09655693 -0.03654045 0.9946565 -0.9997494 -0.01314575 -0.01811878 -0.968313 -0.007411736 -0.2496299 -0.9358005 -0.02096936 -0.351906 -0.6026821 -0.01317786 -0.7978725 -0.4626581 -0.01941544 -0.8863242 -0.651675 -0.02769044 -0.7579927 -0.7120881 -0.03489181 -0.7012225 -0.7593733 -0.04286652 -0.6492416 -0.7423029 0.00196428 -0.6700616 -0.7929828 -0.02085367 -0.608887 -0.8343708 -0.03030782 -0.5503697 -0.8923529 -0.03255929 -0.4501624 -0.8638488 -0.03689293 -0.5023984 -0.9400886 -0.03581088 0.3390444 -0.8619782 -0.03656488 0.5056249 -0.743714 -0.03584915 0.6675361 -0.5735023 -0.03280964 0.8185467 -0.6598543 -0.03543856 0.7505574 -0.3186003 -0.02784197 0.9474802 -0.1156444 -0.02345431 0.9930137 -0.1353862 -0.02634432 0.9904426 0.07625633 -0.02377072 0.9968049 0.1547778 -0.02286637 0.9876846 -0.5152089 -0.01579443 0.8569191 -0.7430697 -0.0117323 0.6691111 -0.3474139 -0.01793643 0.9375403 -0.2053319 -0.01884718 0.9785109 -0.3371492 -0.0178666 0.9412817 -0.4541487 -0.01666557 0.89077 -0.7862934 -0.01215377 0.6177338 -0.441857 -0.01860887 0.8968925 -0.5440005 -0.01791294 0.8388937 -0.5531716 -0.01690596 0.8328958 -0.7272772 -0.01613529 0.6861542 -0.5645471 -0.01668228 0.8252322 -0.5467654 -0.02076803 0.8370283 -0.6155014 -0.02041603 0.7878713 -0.7076292 -0.01815552 0.7063507 -0.7867914 -0.01925332 0.6169187 -0.5990465 -0.01881081 0.8004933 -0.3314749 -0.01917855 0.9432691 -0.0465891 -0.01939478 0.9987258 -0.1560548 -0.01926521 0.9875605 0.04359529 -0.01970696 0.9988549 -0.05728972 -0.01949622 0.9981672 0.02690689 -0.02035544 0.9994307 -0.193514 -0.02165886 0.9808584 -0.02799674 -0.02172092 0.999372 -0.2393286 -0.02436992 0.9706328 -0.2108885 -0.02381215 0.9772201 -0.3530503 -0.02771018 0.9351939 -0.4850809 -0.02617809 0.8740774 -0.5105087 -0.03037024 0.8593361 -0.9221793 -0.03306198 -0.385347 -0.9648676 -0.04215083 -0.2593334 -0.971012 -0.03483553 -0.2364787 -0.9974201 -0.03876116 -0.06042133 -0.8218218 -0.04543186 0.5679304 -0.7609127 -0.04072046 0.6475753 -0.9353648 -0.04875484 0.3503079 -0.8702611 -0.04218476 0.490781 -0.9931804 -0.04820588 0.1061552 -0.9543065 -0.04234517 0.295814 -0.9930094 -0.04118964 0.1106155 -0.9355732 -0.05211337 0.3492663 -0.9840894 -0.05228854 0.1698054 -0.9965903 -0.05117873 -0.06471796 -0.7548791 -0.03524862 -0.6549161 -0.6349703 -0.03684454 -0.7716574 -0.7490705 -0.04303936 -0.6610907 -0.9745515 -0.05562391 0.217153 -0.8916744 -0.04705944 0.4502246 -0.9757328 -0.05468485 0.2120263 -0.9319828 -0.05524017 -0.3582688 -0.9775078 -0.05606861 -0.2033095 -0.8878938 -0.04706767 -0.4576343 -0.6984745 -0.03692566 0.7146817 -0.5653857 -0.03412785 0.8241203 -0.5896261 -0.03337532 0.8069865 -0.7018669 -0.03830339 0.7112775 -0.803952 -0.03655025 0.5935699 -0.4679514 -0.02116851 0.8835007 -0.829778 -0.02501426 0.5575327 -0.6967571 -0.02535855 0.7168588 -0.8221135 -0.03240777 0.5684004 -0.9327515 -0.02141319 0.3598834 -0.6920968 -0.03128653 0.7211264 -0.7450493 -0.03114531 0.6662819 -0.5627475 -0.02477242 0.8262576 -0.6506718 -0.02514715 0.7589426 -0.8152459 -0.01470559 0.5789282 -0.930214 -0.01649167 0.3666468 -0.6339498 -0.02226219 0.7730538 -0.8527663 -0.02108085 0.521867 -0.9161803 -0.008343111 0.4006795 -0.8532651 -0.0533694 0.5187391 -0.6960742 -0.03985869 0.7168626 -0.3552167 -0.02616971 0.9344176 -0.8242245 -0.04080752 0.5647909 -0.7603703 -0.04111662 0.648187 -0.9954336 -0.05614379 0.07720023 -0.9437765 -0.05112883 0.3266065 -0.9925022 -0.05434767 0.109479 -0.4865216 -0.03667875 -0.8728983 -0.6376805 -0.03411021 -0.7695454 -0.9419142 -0.01039472 0.3356927 0.05015183 0.06955527 -0.9963166 -0.0679855 0.01267089 -0.9976058 -0.0435727 0.03410259 -0.998468 -0.08151722 0.01675905 -0.996531 -0.7574982 -0.05646202 -0.6503911 -0.8218974 -0.0536453 -0.5671039 -0.6163299 -0.04198495 -0.786368 -0.4994356 -0.03591364 -0.8656063 -0.8609968 -0.08123221 -0.5020815 -0.9909321 -0.07610722 -0.1107306 -0.9502944 -0.0717147 -0.302981 -0.9882256 -0.06178474 -0.139974 -0.9486713 -0.06103112 -0.3103193 -0.9933882 -0.05980332 -0.09799693 -0.918476 -0.05446526 -0.3917083 -0.9971479 -0.05830599 -0.04792152 -0.9955516 -0.06066001 0.07209244 -0.9893219 -0.05414134 -0.1353175 -0.3210572 -0.02428634 -0.9467483 -0.4435862 -0.03725196 -0.8954572 -0.5924493 -0.05315254 -0.8038524 -0.8787262 -0.06782362 -0.4724831 -0.9935867 -0.0790631 0.08083581 -0.9925834 -0.1076225 -0.05652993 -0.9948334 -0.1014692 -0.003255772 -0.9513568 -0.05822932 0.3025386 -0.9063686 -0.04889716 0.4196488 -0.9734031 -0.071612 0.2176194 -0.9778929 -0.07562267 0.1949531 -0.9877182 -0.08198803 -0.1330066 -0.5201478 -0.02969831 0.8535597 -0.8992094 -0.0478823 0.4348905 -0.8621467 -0.04873191 0.5043097 -0.9610743 -0.05377669 0.2710059 -0.8727232 -0.06299768 0.4841338 -0.6444382 -0.1257929 -0.7542384 -0.6032103 -0.081059 -0.7934524 -0.4243702 -0.05289294 -0.9039426 -0.7432824 -0.07013043 -0.6652917 -0.8676328 -0.1314342 0.4795189 -0.2055265 -0.01592367 -0.978522 -0.255073 -0.02913765 -0.9664827 -0.1401675 -0.01130442 -0.9900633 -0.1224134 -0.02281281 -0.992217 -0.2258325 -0.04010765 -0.9733401 -0.9385831 -0.2466912 -0.2412575 -0.888125 -0.1899218 -0.4185255 -0.7782064 -0.1179068 -0.6168409 -0.9412606 -0.08939461 -0.3256333 -0.1023233 -0.02607723 -0.9944093 -0.2305643 -0.06501261 -0.9708828 -0.3419738 -0.09551156 -0.934843 -0.5702045 -0.1988952 -0.7970618 -0.6699901 -0.2072192 -0.7128629 -0.8323376 -0.3081093 -0.4607416 -0.8527145 -0.277704 -0.442446 -0.906808 -0.3451197 -0.2420574 -0.9249464 -0.3674358 -0.09728838 -0.8457835 -0.331118 -0.4183433 -0.7259336 -0.2751423 -0.6303309 -0.4914496 -0.1724349 -0.8536647 -0.6967057 -0.1769164 -0.6951991 -0.4233786 -0.09211344 -0.9012578 -0.0565307 -0.02864612 -0.9979898 -0.9962868 -0.06356923 0.0580651 -0.9795687 -0.1568783 -0.1258348 -0.05134513 -0.0357789 -0.9980399 -0.1213671 -0.00639124 -0.9925871 -0.09869495 -0.006273526 -0.995098 -0.04248837 0.002386469 -0.9990941 -0.4970213 -0.03413741 0.8670666 -0.9386844 -0.03230064 0.3432613 -0.9636427 -0.01513276 0.2667652 -0.9760617 -0.02422214 0.2161408 -0.9694952 -0.03123443 0.243112 -0.94522 -0.04270149 0.323629 -0.9572563 -0.006533028 0.2891672 -0.859494 -0.008485998 0.5110753 -0.7155234 -0.01321059 0.6984638 -0.8945161 -0.02636218 0.4462578 -0.3052361 -0.1665394 -0.937601 -0.1454405 -0.2703727 -0.9517067 -0.2679785 -0.1680208 -0.9486604 -0.2530423 -0.02164554 -0.967213 -0.2580713 -0.03769317 -0.9653903 -0.3167012 -0.03954574 -0.9477006 -0.4082 -0.05473431 -0.9112502 -0.2928705 0.08605047 -0.9522721 -0.2611801 0.125922 -0.9570416 -0.3564114 0.1168569 -0.9269927 -0.3021335 0.1423768 -0.9425732 -0.3816391 0.1068909 -0.91811 -0.3190889 0.1322831 -0.9384474 -0.4024022 0.08583322 -0.9114303 -0.3318088 0.1125163 -0.9366125 -0.4198804 0.05516534 -0.9059013 0.2659326 -0.1196299 -0.9565399 0.4780514 -0.1109007 -0.8713024 0.5273082 -0.06605904 -0.8471023 0.2412343 -0.04716344 -0.9693202 0.4675356 -0.02119438 -0.8837201 0.1619485 0.01227042 -0.9867229 0.3321628 0.01234 -0.9431413 0.04890359 0.05316908 -0.9973873 -0.184431 0.09592983 -0.9781527 -0.06262315 0.08084885 -0.9947572 0.1952607 0.03503043 -0.9801256 0.6115469 0.006013892 -0.7911853 -0.1490117 0.1011949 -0.9836438 -0.1744824 0.05313609 -0.9832255 -0.2470667 0.03174901 -0.9684782 -0.3477539 0.01622974 -0.9374454 -0.4587174 -0.03423015 -0.8879227 -0.3148561 0.02740103 -0.9487438 -0.4997225 -0.02577943 -0.8658018 -0.3327829 -0.1014949 -0.9375256 -0.348544 -0.1928742 -0.9172331 -0.2225915 -0.1816346 -0.9578423 -0.2160251 -0.2351604 -0.9476459 -0.203821 -0.2138077 -0.955376 -0.1988579 -0.1250144 -0.9720221 -0.1311551 -0.2250585 -0.9654776 -0.06304819 -0.2982333 -0.9524084 -0.1381695 -0.3063296 -0.9418447 -0.06159081 -0.3230978 -0.9443593 -0.2566945 -0.2810905 -0.924714 -0.1228082 -0.3231445 -0.9383474 -0.4194773 -0.2395295 -0.8755938 -0.219028 -0.320199 -0.9216829 -0.481266 -0.243791 -0.8419911 -0.3620075 -0.2952479 -0.8841828 -0.7445823 -0.08100782 -0.6625972 -0.5185943 -0.1895321 -0.8337491 -0.5981598 -0.1984215 -0.7764237 -0.6591121 -0.1684877 -0.7329278 -0.7395956 -0.09621753 -0.6661385 -0.680771 -0.1055579 -0.7248506 -0.9116849 0.1202338 -0.3929052 -0.9585675 0.1848824 -0.2167182 -0.8450609 0.003772499 -0.5346567 -0.8428748 0.0019482 -0.5381062 -0.8389123 -0.001156409 -0.5442654 -0.85354 0.002510768 -0.5210213 -0.8552588 -0.008448898 -0.5181323 -0.8463651 -0.007284245 -0.5325534 -0.8472348 0.005636234 -0.5311887 -0.8563908 0.0008822483 -0.5163275 -0.8664012 -0.003245877 -0.4993379 -0.8737645 0.00172875 -0.4863461 -0.8724899 -0.0003048037 -0.4886321 -0.866525 0.00429471 -0.4991153 -0.8660395 0.003992222 -0.4999596 -0.8573222 -0.008259885 -0.514714 -0.8716162 0.0007844876 -0.4901883 -0.8454094 -0.04606411 -0.5321289 -0.8860586 0.005273568 -0.4635432 -0.8899543 0.007858698 -0.455982 -0.817632 -0.05759937 -0.5728527 -0.8582266 -0.01430376 -0.5130717 -0.8986779 0.04966258 -0.4357885 -0.8656425 0.003748536 -0.5006486 -0.864459 0.003003528 -0.5026943 -0.8609232 0.0007348873 -0.5087343 -0.8564814 -0.002146344 -0.5161735 -0.8362468 -0.01493846 -0.5481498 0.6712466 -0.3119005 -0.6724181 -0.688645 -0.09560507 -0.7187682 -0.9417021 0.05879707 -0.3312703 -0.9454235 0.07882726 -0.3161656 -0.9650473 0.1478365 -0.2163979 -0.9710971 0.2043742 -0.1232948 -0.9668658 0.254721 -0.01696211 -0.8789777 -0.01119967 -0.4767314 -0.8027874 -0.07191181 -0.5919131 -0.9008131 0.006502133 -0.4341583 -0.7810324 -0.03292043 -0.6236222 -0.5939804 -0.1627347 -0.7878481 -0.8251483 0.001160077 -0.564915 -0.8410897 0.003872826 -0.5408817 -0.7529253 -0.07934243 -0.6533056 -0.9321903 0.04921773 -0.3586068 -0.780592 -0.09089398 -0.6183966 -0.734655 -0.1196077 -0.6678144 -0.6464508 -0.1546478 -0.7471181 -0.788244 -0.05497312 -0.6129024 -0.842054 -0.02150497 -0.5389644 -0.3962651 -0.2808535 -0.8741254 -0.2494765 -0.322829 -0.9129857 -0.266285 -0.3160675 -0.9106007 -0.5084038 -0.2319051 -0.8293043 -0.9522723 0.08511517 -0.2931432 -0.9611836 0.2629935 0.08342986 -0.9756782 0.1989523 -0.09203259 -0.9533448 0.2891126 0.08687647 -0.9704352 0.2395397 -0.02960221 -0.9407616 0.30764 0.1425663 -0.9650455 0.25994 0.03344271 -0.9456198 0.09150909 -0.3121367 -0.9736086 0.1401415 -0.1801297 -0.9712379 0.2379262 -0.00937872 -0.3674587 -0.3024754 -0.8794787 -0.1998359 -0.3591821 -0.9116215 -0.1473924 -0.3716012 -0.9166177 -0.8531415 -0.02857762 -0.5208963 -0.8331012 -0.05248502 -0.5506248 -0.7000206 -0.1491784 -0.6983673 -0.9145476 0.02329137 -0.4038072 -0.9809659 0.1593531 -0.1109613 -0.9534538 0.07784519 -0.2913177 -0.9772718 0.1514791 -0.1483036 -0.9413274 0.3078286 0.1383629 -0.9286528 0.3246233 0.1795094 -0.9144334 0.3372326 0.2237986 -0.9471187 0.2998766 0.1141939 -0.9479374 0.2988052 0.1101369 -0.9703654 0.2324878 -0.06588183 -0.9692268 0.2439877 -0.03270273 -0.9627566 0.1660627 -0.2133609 -0.9717981 0.2108831 -0.1055306 -0.9367887 0.1030022 -0.3343912 -0.9624603 0.1514337 -0.225251 -0.9005371 0.04402896 -0.432544 -0.9173647 0.05669204 -0.39399 -0.8025722 -0.0614582 -0.5933807 -0.8679462 -0.0105042 -0.4965471 -0.7486385 -0.110385 -0.6537243 -0.7659466 -0.1024731 -0.634685 -0.8563045 0.01761105 -0.516171 -0.5589846 -0.1909407 -0.806894 -0.7411798 -0.08342442 -0.6661028 -0.4285894 -0.2592466 -0.865507 -0.6230766 -0.164726 -0.7646181 -0.4820116 -0.2441212 -0.8414688 -0.9458927 0.1313901 -0.2966879 -0.8978311 0.05478382 -0.4369189 -0.8190782 -0.03053786 -0.5728686 -0.7417591 -0.09842842 -0.6634043 -0.6239139 -0.1813265 -0.7601659 -0.5925248 -0.204685 -0.7791138 -0.398377 -0.2876746 -0.8709415 -0.2087092 -0.3468486 -0.914405 -0.1246404 -0.363633 -0.9231662 -0.8454604 0.01465018 -0.5338371 -0.6998125 -0.09442319 -0.7080584 -0.5267692 -0.1976997 -0.8266977 -0.5334013 -0.1861566 -0.8251235 -0.6198951 -0.1923542 -0.760743 -0.4081254 -0.2884798 -0.8661484 -0.09515265 -0.3846052 -0.9181638 -0.07195038 -0.3850036 -0.9201062 0.009069301 -0.3893608 -0.9210407 -0.7726812 -0.09829179 -0.6271383 -0.9021858 0.3444314 0.2596685 -0.9208219 0.3297943 0.2081412 -0.3162893 -0.3141277 -0.8951452 -0.1267161 -0.3701155 -0.920303 -0.5566599 -0.2011991 -0.8060079 -0.349798 -0.2696345 -0.8971837 -0.3777698 -0.2552936 -0.8900085 -0.5642833 -0.159762 -0.8099756 -0.7471211 -0.1101382 -0.6554995 -0.8970277 0.01525566 -0.4417109 -0.9761532 0.1796888 -0.1218068 -0.9617472 0.1121399 -0.2499339 -0.708164 -0.09711591 -0.699337 -0.9365444 0.1210757 -0.3289761 -0.9651143 0.1917472 -0.1782902 -0.967985 0.1997489 -0.1520048 -0.956938 0.282988 0.06471108 -0.9693205 0.2359207 -0.06898665 -0.931647 0.120424 -0.3428292 -0.8663811 0.03858387 -0.4978906 -0.5025031 -0.1934659 -0.8426515 -0.963458 0.2670446 0.02087607 -0.9349076 0.3152798 0.1629305 -0.9303875 0.3163714 0.1851709 -0.9438817 0.3019141 0.1339223 -0.9473748 0.2908312 0.1337843 -0.9689666 0.2245196 -0.1034152 -0.9411104 0.2976079 0.1604393 -0.870732 0.05509272 -0.488662 -0.4741562 -0.2057492 -0.8560626 -0.5587955 -0.1705296 -0.8115832 -0.4674441 -0.2263744 -0.854547 -0.6288609 -0.1169558 -0.7686712 -0.6770786 -0.09266069 -0.7300539 -0.5831349 -0.2044313 -0.7862325 -0.5215713 -0.2193351 -0.8245335 -0.6959881 -0.1279523 -0.7065613 -0.6416516 -0.1432183 -0.7535063 -0.7970567 -0.04501181 -0.6022246 -0.7192976 -0.08466909 -0.6895231 -0.8531382 0.01198383 -0.5215472 -0.804259 -0.01553192 -0.5940759 -0.9107274 0.07568884 -0.4060134 -0.884126 0.06821775 -0.4622419 -0.9543756 0.1616702 -0.2510579 -0.8950714 0.01784118 -0.4455657 -0.3966717 0.05166377 -0.9165055 -0.5754102 0.03742412 -0.8170083 -0.6472373 0.03584707 -0.7614452 -0.8568554 0.08784927 -0.508017 -0.9499672 0.183325 -0.2528917 -0.8429664 0.06087137 -0.5345112 -0.7343794 -0.01687256 -0.6785294 -0.5479077 -0.1143694 -0.8286838 -0.9648531 0.2624642 0.01308182 -0.9674489 0.2530084 -0.005417806 -0.8061881 0.1363145 -0.5757422 -0.9358619 0.1751906 -0.3057298 -0.7515436 0.1112625 -0.6502329 -0.4901915 0.08877891 -0.8670817 -0.208412 0.1376121 -0.9683116 -0.5898156 0.1305109 -0.7969219 -0.9691979 0.2461952 0.006585886 -0.9696239 0.2424661 -0.03224395 -0.9480058 0.1579586 -0.2762862 -0.7434417 -0.04709688 -0.6671404 -0.9427939 0.2037302 -0.263882 -0.9719013 0.2346718 -0.01835665 -0.9406034 0.2869351 0.1814759 -0.9380488 0.2626916 0.2259593 -0.4456247 0.140166 0.8841788 -0.9015925 0.2687536 0.3389727 -0.9244286 0.2489022 0.2889282 -0.8733907 0.2006147 0.4437821 -0.8616342 0.1995414 0.4666581 -0.9771431 0.2042053 0.0590891 -0.4956114 0.1339019 0.8581606 -0.2462557 0.06467188 0.9670448 -0.9575952 0.2332873 0.1690812 -0.9689553 0.2468766 -0.01332594 -0.9524774 0.2245684 -0.2058053 -0.8922183 0.1854731 -0.4117599 -0.8286263 0.1580484 -0.5370281 -0.8199596 0.1832223 -0.542306 -0.6847168 0.1540651 -0.712339 -0.7988285 0.1891978 -0.5710317 -0.5527979 0.1762013 -0.8144738 -0.7323481 0.1867529 -0.6548203 -0.5324925 0.1691652 -0.8293581 -0.9824487 0.1665439 -0.08400966 -0.9466559 0.1992875 0.2532334 -0.9579604 0.1678282 0.2326919 -0.9783231 0.1967573 -0.06457935 -0.8302765 0.1986387 0.520753 -0.8870752 0.2010548 0.4155412 -0.8866343 0.2021874 0.4159326 -0.9155548 0.204912 0.3460788 -0.9472254 0.1232863 -0.295913 -0.9745077 0.2002383 -0.1011895 -0.9603008 0.2640711 0.08993794 -0.9505966 0.278062 0.1380134 0.0128402 0.1115893 -0.9936715 -0.02483337 0.1258324 -0.9917407 -0.1029626 0.1296061 -0.9862053 -0.1241995 0.1005578 -0.9871487 -0.2338199 0.08412063 -0.9686341 -0.2119252 0.1430612 -0.9667581 -0.2215874 0.1215381 -0.9675368 -0.1061747 0.005839414 -0.9943303 -0.08416214 0.01686547 -0.9963093 -0.05863116 0.02716873 -0.9979099 -0.05625969 0.03721986 -0.9977222 -0.09644934 0.05006757 -0.9940778 -0.1367875 0.06796288 -0.9882663 -0.7541131 -0.3189837 0.5740756 -0.9192842 -0.3090286 -0.2437578 -0.8726129 -0.2347284 -0.4283099 -0.2079924 -0.01634905 -0.9779938 -0.283628 -0.00845708 -0.9588971 -0.3612462 4.212576e-05 -0.9324705 -0.4612894 0.01160764 -0.8871738 -0.9223876 0.01160586 -0.3860913 -0.4506767 0.05513717 -0.8909828 -0.3314657 0.07637623 -0.9403707 -0.1768407 -0.01031889 -0.9841854 -0.01323978 0.01277373 -0.9998308 -0.06631092 0.06789911 -0.9954861 -0.1505831 0.1037407 -0.9831392 -0.7740728 0.06665273 -0.6295782 -0.3675694 0.1561753 -0.916789 -0.3043696 0.1682912 -0.9375699 -0.2989475 0.1357759 -0.9445609 -0.09017661 0.1545178 -0.9838661 -0.03272093 0.1393534 -0.989702 -0.06461977 0.09937288 -0.9929498 -0.1409146 0.07550998 -0.9871379 -0.4029185 0.03565334 -0.9145411 -0.596457 0.004303966 -0.8026335 -0.792921 -0.04162077 -0.6079013 -0.3975717 0.04063234 -0.916671 -0.9664743 0.2172423 -0.1368693 -0.9444395 0.2048723 -0.2570242 -0.9114038 0.1973264 -0.3611169 -0.8760052 0.1842601 -0.4457165 -0.7264404 0.1614735 -0.66799 -0.9621721 0.1711652 -0.2119605 -0.8724672 0.1472039 -0.4659742 -0.9382217 0.1329811 -0.3194622 -0.7836804 0.09097051 -0.6144668 -0.9950217 0.03446519 -0.09350958 -0.7741615 0.01945185 -0.6326891 -0.8713144 -0.004746567 -0.4907022 -0.8049708 -0.03644093 -0.5921942 -0.8764964 -0.05689068 -0.478035 -0.8980778 -0.07540313 -0.433325 -0.9472706 -0.1098283 -0.3010252 -0.7687113 0.01819582 -0.639337 -0.664534 0.03637542 -0.7463722 -0.8324423 0.02050586 -0.5537322 -0.8113352 0.0313146 -0.5837418 -0.8969815 0.008544774 -0.4419855 -0.9681565 -0.01078704 -0.2501132 -0.9129558 0.0008756823 -0.4080576 -0.9775291 -0.02103793 -0.209748 -0.886009 -0.004760029 -0.4636437 -0.9556257 -0.02937258 -0.2931156 -0.6928932 0.06024443 -0.7185191 -0.5374299 0.05768244 -0.8413334 -0.5932724 0.0529183 -0.8032605 -0.7612849 0.01189599 -0.6483084 -0.9122196 0.02227231 -0.4090958 -0.8923028 -0.03464634 -0.450106 -0.8966752 -0.06485414 -0.4379126 -0.7836887 -0.0379706 -0.6199921 -0.6346972 -3.643261e-05 -0.7727609 -0.490034 0.04386771 -0.8705988 -0.3461734 0.08904642 -0.9339351 -0.3889547 0.09435518 -0.9164122 -0.5094222 0.0946013 -0.8553009 -0.6583443 0.07507995 -0.7489632 -0.9942658 -0.09539976 0.04831581 -0.9451168 -0.06813089 -0.3195505 -0.9946033 -0.07646287 -0.07012647 -0.9838486 -0.05630504 -0.1699169 -0.9990079 -0.04407446 -0.006371808 -0.9995233 -0.02989115 0.00773164 -0.980892 -0.031363 0.1920087 -0.9949717 -0.01029237 -0.09962598 -0.983958 -0.02442008 0.1767213 -0.9995315 -0.01489126 0.02674035 -0.9910108 -0.005945679 -0.1336499 -0.9875593 -0.01529199 0.1565017 -0.99979 -0.00521521 -0.01981811 -0.9595044 -0.01599263 0.2812391 -0.9193121 0.002173648 -0.3935233 -0.9913509 -0.02351032 0.1291153 -0.8488359 -0.0239796 0.5281123 -0.8737523 -0.02330129 0.4858126 -0.9415247 -0.02305444 0.3361544 -0.8179805 0.05221217 -0.5728715 -0.9051523 0.03261579 -0.4238343 -0.9882012 0.006624698 -0.1530179 -0.9997259 -0.002811776 -0.02324177 -0.875884 -0.0288013 0.4816613 -0.9601214 0.002460712 -0.2795726 -0.7467489 -0.08586358 0.6595404 -0.8937378 -0.0807016 0.441271 -0.7598496 -0.07578225 0.6456668 -0.9216639 -0.06622475 0.3822957 -0.8122637 -0.06412607 0.5797547 -0.892055 -0.05083137 0.449059 -0.810384 -0.04922896 0.5838273 -0.9287918 -0.03669469 0.3687808 -0.7012162 -0.05923346 0.7104838 -0.6159805 -0.06757805 0.7848574 -0.5352192 -0.07187081 0.8416502 -0.9657797 -0.1155336 0.2322103 -0.9906991 -0.1110325 -0.07865759 -0.979375 -0.1100335 0.1694616 -0.9755028 -0.09713589 -0.1973803 -0.9515008 -0.08201573 -0.2965124 -0.9929717 -0.1182175 -0.005633004 -0.978845 -0.1226523 -0.1637648 -0.7408093 -0.1004498 0.6641622 -0.4954827 -0.08342767 0.8646021 -0.7961979 -0.1054461 0.5957769 -0.4081204 -0.0745841 0.9098763 -0.7505436 -0.09960175 0.6532716 -0.7774343 -0.09525075 0.6217099 -0.9421433 -0.02723063 -0.3341027 -0.9662239 -0.0494823 0.2529087 -0.9909795 -0.06402742 0.1177288 -0.9791787 -0.08104622 0.1861197 -0.9544763 -0.0945441 0.282907 -0.9099379 -0.1038318 0.4015369 -0.9444726 -0.1073523 0.3105591 -0.9676876 -0.1171101 0.2233067 -0.5877252 -0.04142103 0.8079996 -0.4198516 -0.04367528 0.9065413 -0.5279739 -0.05197981 0.8476684 -0.2402968 -0.04372191 0.9697143 -0.3851585 -0.05535425 0.9211888 -0.1091722 -0.04495377 0.9930058 -0.432373 -0.06360951 0.8994484 -0.4331927 -0.06231953 0.8991442 -0.4444475 -0.07192726 0.8929126 -0.8395799 -0.1095213 0.5320814 -0.5432405 -0.09325213 0.8343823 -0.5039913 -0.0866985 0.8593464 -0.3976362 -0.07323464 0.9146158 -0.004212922 -0.04847717 0.9988154 -0.9911412 -0.06593609 0.1152893 -0.5054173 -0.08191509 0.858978 -0.8146529 -0.1165659 0.5681136 -0.8886113 -0.07183077 0.4530015 -0.1037734 -0.04691886 0.9934937 -0.2312938 -0.04636831 0.9717783 -0.004582201 -0.04977429 0.99875 -0.437736 -0.0548797 0.8974271 -0.8403787 -0.05659607 0.5390367 0.5430935 -0.01724158 0.8394952 0.4863433 -0.0209948 0.8735156 0.7044282 -0.006517875 0.7097453 0.7508795 -0.003070855 0.6604321 -0.7173905 -0.05493803 0.6945018 0.357915 -0.0284494 0.9333207 0.4261309 -0.02405688 0.9043416 0.3890189 -0.0262784 0.9208549 0.3768334 -0.02699965 0.9258875 -0.02481418 -0.05929664 0.9979319 0.7812625 -0.0006904732 0.6242022 0.4686957 -0.008893695 0.8833149 -0.9629987 -0.09331857 0.2528341 -0.9513078 -0.1065753 0.2892321 -0.9112507 -0.108678 0.3972547 -0.969896 -0.1189581 0.212487 -0.6856478 -0.09598832 0.721577 -0.8480651 -0.09580825 0.5211587 -0.8357582 -0.0938215 0.5410229 -0.7376995 -0.08624891 0.6695973 -0.9145819 -0.1003831 0.3917437 -0.6761771 -0.1056635 0.7291226 -0.9922794 -0.06180878 -0.1075235 -0.9674253 -0.08940831 0.2368425 -0.8503071 -0.09002202 0.5185305 -0.9106341 -0.0365808 -0.4115913 -0.9721745 -0.0905488 -0.2160502 -0.9303356 -0.09252171 -0.3548456 -0.9706067 -0.1377369 -0.1973608 -0.9849155 -0.1251414 -0.1195039 -0.9043632 0.2725788 0.3283718 -0.8925477 -0.001589406 -0.4509501 -0.9809211 0.1741415 -0.08642113 -0.9496877 0.1457436 -0.2772222 -0.7823326 0.05220445 -0.6206693 -0.1551234 0.0933512 -0.9834746 0.5779312 0.3166071 -0.7521672 0.3509818 0.3504983 -0.8683102 0.5172439 0.3106719 -0.7974595 0.2756686 0.3379086 -0.8999025 0.7272966 0.2996867 -0.6174362 0.6899839 0.2485027 -0.6798298 0.7334948 0.2593992 -0.6282495 0.9040511 0.1965826 -0.3795352 0.9029672 0.2063354 -0.3769297 0.4052066 0.2852977 -0.8685694 0.1362416 0.3123269 -0.9401543 -0.1985564 0.3073226 -0.9306601 -0.05192242 0.2931249 -0.9546632 0.05220903 0.3465713 -0.9365696 0.01594239 0.2538147 -0.9671215 0.3089171 0.2286438 -0.9231967 0.6412391 0.1930822 -0.7426518 -0.287842 0.2463281 -0.9254563 -0.4305125 0.2402639 -0.8700185 -0.4898528 0.1643949 -0.856165 0.3622839 0.1222253 -0.9240191 0.02671664 0.1098308 -0.9935912 -0.2977869 0.172804 -0.9388619 0.6401523 -0.1133522 -0.7598397 0.8288238 -0.04655242 -0.5575698 0.9274218 -0.02388181 -0.373254 0.6777763 -0.01443119 -0.7351266 0.571372 0.01096632 -0.8206179 0.4180903 -0.07519711 -0.9052878 0.31002 0.02992566 -0.9502589 0.1183815 -0.07390755 -0.9902139 -0.006636479 -0.06640347 -0.9977708 -0.2380704 0.04175517 -0.9703499 -0.4468248 0.06692376 -0.8921148 0.301672 0.3589849 -0.8832462 0.120829 0.3770093 -0.9182942 -0.1122896 0.3501301 -0.9299462 -0.3801293 0.2647099 -0.8862451 -0.4869878 0.2118089 -0.8473369 -0.5226993 0.09731788 -0.8469443 -0.5357946 0.04966074 -0.8428867 -0.5439933 0.1604298 -0.8236101 -0.5612989 -0.02304551 -0.8272922 -0.5338165 -0.08914772 -0.840888 -0.5700581 -0.08731559 -0.8169515 -0.5976348 -0.1465677 -0.7882579 -0.6025332 -0.1867775 -0.7759303 0.7660179 0.05968672 -0.6400423 0.4912118 -0.09726235 -0.8655929 0.2978672 -0.133792 -0.9451851 -0.07795005 -0.1163567 -0.9901439 0.7303096 -0.08702424 -0.6775504 0.4582843 -0.1450337 -0.8768926 0.04749088 -0.2370648 -0.9703324 0.02350866 -0.2187575 -0.975496 -0.01880212 -0.2691831 -0.9629055 0.01251303 -0.2018706 -0.9793323 -0.009145931 -0.2550178 -0.9668931 0.01661547 -0.1907574 -0.9814966 -0.00783078 -0.2390517 -0.9709753 0.03299986 -0.1732771 -0.9843201 -0.01828702 -0.2051696 -0.9785556 -0.02376133 -0.1582148 -0.9871188 0.0662163 -0.1471343 -0.9868976 0.2096532 -0.1573862 -0.965026 -0.4887369 -0.112487 -0.8651491 -0.2446671 -0.02971252 -0.9691518 -0.3899964 -0.038675 -0.9200038 -0.4917178 -0.01728242 -0.8705831 -0.4230252 -0.09284254 -0.9013489 -0.4627503 -0.08827153 -0.882083 -0.3530383 -0.1174912 -0.9282024 -0.4642847 0.2587105 -0.8470588 -0.5215222 -0.05255896 -0.8516174 -0.48211 -0.08900845 -0.8715776 -0.3806487 -0.08212774 -0.9210655 -0.4898137 -0.08330003 -0.8678385 -0.5354471 -0.1096097 -0.8374259 -0.5740606 -0.1378008 -0.807134 -0.5919538 -0.1709901 -0.787625 -0.5177623 -0.09303676 -0.8504507 -0.5668914 -0.1507471 -0.8098824 -0.5516654 -0.1215905 -0.8251552 -0.5696316 -0.1371411 -0.8103778 -0.5628178 -0.1642375 -0.8101001 -0.4821868 -0.06346249 -0.8737668 -0.467906 -0.1004689 -0.878049 -0.4319184 -0.05061408 -0.9004914 -0.3967662 -0.06742248 -0.9154402 -0.378765 -0.03205242 -0.9249377 -0.3477138 -0.04756075 -0.9363936 -0.3322988 -0.02499824 -0.9428428 -0.3350386 -0.04641572 -0.9410604 -0.3217155 -0.03226547 -0.9462865 -0.3130237 -0.02109747 -0.9495109 -0.315105 -0.03038393 -0.9485703 -0.3037774 -0.02242336 -0.9524791 -0.3066525 -0.03047975 -0.9513334 -0.2950163 -0.02356689 -0.9552015 -0.3013663 -0.03275232 -0.9529458 -0.3013944 -0.03237739 -0.9529497 -0.2965749 -0.02970109 -0.9545476 -0.2872037 -0.02095463 -0.9576403 -0.2892079 -0.02900768 -0.9568267 -0.2814582 -0.01674574 -0.9594274 -0.284012 -0.02820187 -0.9584059 -0.2784768 -0.02980191 -0.9599805 -0.320984 -0.004901268 -0.9470719 -0.3190893 0.03828988 -0.9469509 -0.3710786 0.01120932 -0.9285338 -0.3827984 0.07415796 -0.9208507 -0.4088595 0.009157792 -0.9125514 -0.4146072 0.0666477 -0.9075566 -0.4523009 -0.01012907 -0.8918079 -0.4440968 0.04344955 -0.8949247 -0.4952431 -0.04587212 -0.8675425 -0.4701315 0.006182257 -0.8825747 -0.5290496 -0.08718155 -0.8441007 -0.4902452 -0.038619 -0.8707286 -0.1998053 -0.04433047 -0.9788323 -0.2709399 -0.03036797 -0.9621171 -0.2157431 -0.0312565 -0.9759498 -0.2680818 -0.02177458 -0.96315 -0.1860972 -0.02746533 -0.9821474 -0.2590681 -0.01615777 -0.9657239 -0.1645033 -0.01225084 -0.9863004 -0.2506361 -0.009132133 -0.9680383 -0.1474847 0.00526913 -0.9890503 -0.2422134 -0.001430695 -0.9702219 -0.1336215 0.02552987 -0.9907035 -0.2328273 0.00762754 -0.9724882 -0.2120304 0.01319467 -0.977174 -0.2483455 -0.02373604 -0.9683807 -0.2903808 -0.02090345 -0.9566828 0.03722425 -0.0924162 -0.9950244 -0.05896215 -0.0838646 -0.9947312 0.1092357 -0.1008794 -0.9888837 -0.09894611 -0.05655877 -0.9934842 0.2625599 -0.09987381 -0.9597331 -0.01824352 -0.05702646 -0.998206 0.3665323 -0.04698477 -0.9292182 0.04207663 -0.02622244 -0.9987702 0.4141798 0.01628328 -0.9100494 0.0792212 0.01196299 -0.9967853 0.4130449 0.08095979 -0.907105 0.0950439 0.05363271 -0.9940273 0.3134546 0.1278964 -0.940951 0.07943234 0.09212215 -0.9925744 0.06090866 0.09789211 -0.9933314 -0.004865127 0.07548558 -0.997135 -0.06179545 -0.01822949 -0.9979223 -0.06075316 -0.02466702 -0.997848 -0.1031537 -0.003140827 -0.9946605 -0.1061889 0.003239873 -0.9943407 -0.9421336 -0.3332682 0.03628383 -0.9656848 -0.2533233 -0.057272 -0.9450009 -0.3213045 -0.06112826 -0.9661477 -0.2339813 -0.1086799 -0.923508 -0.3662548 0.1139753 -0.5193087 0.07646571 -0.8511589 -0.7127065 0.04641172 -0.6999252 0 1 0 7.961431e-13 -1 6.638594e-13 7.255158e-15 1 6.049672e-15 7.874562e-13 -1 6.566158e-13 -0.07836982 -0.9808014 -0.1785688 -0.04571785 -0.9798203 -0.1945815 -0.07131871 -0.9501442 -0.3035451 -0.0916182 -0.9878241 -0.1257364 -0.1466833 -0.9328239 -0.3291255 -0.2387097 -0.920934 -0.3080556 -0.2924489 -0.7248363 -0.6237676 -0.3822667 -0.7806226 -0.49447 -0.4983156 -0.6056642 -0.6203647 -0.40413 -0.392193 -0.8263556 -0.6863214 -0.3326364 -0.6467735 -0.6345036 0.09761066 -0.7667316 -0.7642796 -0.08064766 -0.6398224 -0.7673083 -0.1536692 -0.6225943 -0.1207395 -0.8490116 -0.5143941 -0.2167447 -0.3192973 -0.9225351 -0.194649 -0.5242517 -0.8290186 -0.1616754 -0.7073532 -0.6881224 -0.2245443 -0.1901491 -0.9557318 -0.4319277 -0.1841722 -0.8829038 -0.7690502 -0.271276 -0.5787668 5.988398e-15 -0.9808459 -0.1947852 5.988398e-15 -0.9808459 -0.1947852 5.316505e-15 -0.9468104 -0.321792 5.316505e-15 -0.9468104 -0.321792 3.93335e-15 -0.8488538 -0.5286277 3.93335e-15 -0.8488538 -0.5286277 2.351345e-15 -0.7071356 -0.707078 2.351345e-15 -0.7071356 -0.707078 6.404545e-16 -0.5279391 -0.8492822 6.404545e-16 -0.5279391 -0.8492822 -1.10365e-15 -0.3211518 -0.9470277 -1.10365e-15 -0.3211518 -0.9470277 -2.076978e-15 -0.1951298 -0.9807774 -2.076978e-15 -0.1951298 -0.9807774 0.4632504 -0.7428632 -0.4832736 0.726736 -0.4082906 -0.552407 0.4538678 -0.3651987 -0.8127939 0.9635157 -0.04779211 -0.2633505 0.819962 -0.1168183 -0.5603711 0.8060392 -0.1891284 -0.5608308 0.6656131 0.2874686 -0.6887097 0.7715374 -0.3367942 -0.5397219 0.3904127 -0.828608 -0.4012316 0.1598275 -0.9748927 -0.1550464 0.1388969 -0.9711615 -0.1937859 0.1649286 -0.9292689 -0.3305419 0.2634181 -0.909183 -0.3224858 0.3050351 -0.7248005 -0.6177523 0.09352992 -0.9808667 -0.1707417 0.07896848 -0.9503782 -0.3009075 0.05031618 -0.9796035 -0.1945385 0.2006151 -0.2974345 -0.9334272 0.2134861 -0.5199831 -0.8270678 0.1779891 -0.7076687 -0.6837579 0.1335017 -0.8475301 -0.5136829 0.5133812 -0.1951645 -0.8356737 0.2456348 0.378528 -0.8924013 0.1643669 -0.1924759 -0.9674381 1.007475e-14 -1 4.734892e-15 7.541243e-15 -1 -7.815694e-16 6.750482e-15 -1 5.772315e-16 1.211734e-14 -1 1.128181e-14 6.849457e-15 -1 -2.222681e-15 6.163444e-15 -1 3.640914e-15 -4.434326e-14 -1 -7.968388e-14 -3.559954e-14 -1 -6.539993e-14 4.291907e-15 -1 -4.812255e-15 6.746514e-15 -1 3.884339e-15 6.906728e-15 -1 2.455316e-15 8.961452e-15 -1 -1.568614e-15 1.123052e-14 -1 -4.308225e-15 6.082975e-15 -1 9.664448e-16 5.754554e-15 -1 4.422458e-16 4.788955e-15 -1 -3.732518e-15 4.806948e-15 -1 -6.305041e-15 7.146103e-15 -1 2.284852e-15 6.794963e-15 -1 -3.219156e-15 6.608171e-15 -1 9.866389e-16 0 1 0 0 1 0 0 1 0 0 1 0 0 -1 0 0 -1 0 0 -1 0 0 -1 0 -0.5170355 0 -0.855964 -0.4879089 0 -0.8728946 -0.4879089 0 -0.8728946 -0.4582285 0 -0.8888344 3.198413e-14 -1 -6.902096e-14 3.048602e-14 -1 -6.765809e-14 3.245481e-14 -1 -1.313125e-14 4.47358e-14 -1 -2.511482e-14 4.6935e-14 -1 -1.668758e-14 3.360601e-14 -1 8.089185e-15 7.16949e-14 -1 1.122936e-13 0 -1 0 0 -1 0 0 -1 0 2.067115e-15 -1 6.979351e-15 3.175733e-14 -1 1.027302e-13 2.433862e-14 -1 1.885662e-14 9.451008e-15 -1 6.152092e-15 0 -1 0 0 -1 0 0 -1 0 0 -1 0 2.315965e-14 -1 -8.234155e-15 0 -1 0 0 -1 0 0 -1 0 3.74146e-14 -1 -4.932265e-14 4.214695e-14 -1 -3.430476e-14 1.283238e-13 -1 1.390174e-13 1.073411e-14 -1 1.162862e-14 1.162444e-13 -1 1.259315e-13 0 -1 0 0 -1 0 0 -1 0 0 -1 0 0 -1 0 -0.7208911 -0.001082809 -0.6930475 -0.6992165 0.0006102932 -0.7149097 -0.697611 0.0007336558 -0.7164764 -0.6752157 0.00242669 -0.7376163 -0.8624001 0.0007586411 -0.5062267 -0.8572071 0.0004966912 -0.5149716 -0.8591788 0.0001831188 -0.5116755 -0.8501416 -0.001734731 -0.5265513 -0.8494042 -0.002176791 -0.5277383 -0.8528557 -0.001353434 -0.522145 -0.8513625 -0.006897653 -0.5245325 -0.8512509 -0.0008532721 -0.5247582 -0.8526018 -2.241726e-05 -0.5225611 -0.8493244 -0.002174103 -0.5278667 -0.849936 -0.001952502 -0.5268823 -0.8554504 0.0008910915 -0.5178839 -0.8692288 0.0007746943 -0.4944094 -0.8697994 0.0008862151 -0.4934048 -0.8570434 -0.0005175055 -0.515244 -0.8544477 -0.0002165687 -0.5195374 -0.8619917 -7.443129e-06 -0.5069223 -0.8647366 5.128532e-05 -0.5022256 -0.8657865 0.0001427128 -0.5004136 -0.8672402 0.002802501 -0.4978822 -0.8680909 0.0006937132 -0.4964048 -0.8665469 0.0002568696 -0.4990955 0.4671255 -0.004051884 0.8841818 0.4494494 -0.003290338 0.8932997 0.4485553 -0.003251986 0.8937492 0.4306868 -0.002488844 0.902498 -4.05534e-15 1 2.29162e-16 -4.944372e-15 1 2.164941e-15 -5.853178e-15 1 2.112629e-15 -3.528766e-15 1 -1.77899e-15 -6.048852e-15 1 8.060484e-15 -7.066814e-15 1 1.256628e-15 -1.222405e-14 1 5.482072e-15 -1.239966e-14 1 5.768953e-15 -8.220727e-15 1 4.425847e-15 -1.162662e-14 1 3.09496e-15 -5.309863e-15 1 -9.522759e-15 -5.680385e-15 1 1.670873e-15 -1.119791e-15 1 6.595721e-15 -7.098408e-15 1 1.127774e-15 -7.095968e-15 1 1.339851e-15 -7.424254e-15 1 4.35733e-15 -8.207738e-15 1 6.810028e-15 -6.303645e-15 1 -5.697245e-15 -6.794339e-15 1 2.019702e-15 -7.087206e-15 1 -4.827576e-15 -1.129499e-14 1 -2.831657e-15 -1.432042e-14 1 -5.718911e-15 -6.060302e-15 1 2.149922e-15 -3.925191e-15 1 2.819773e-15 -2.375194e-15 1 9.508999e-16 -5.26216e-15 1 2.106686e-15 -5.008436e-15 1 -3.597133e-15 -4.644468e-15 1 -5.005808e-15 -4.301439e-15 1 1.05792e-14 -6.964526e-15 1 4.73085e-15 -6.902071e-15 1 1.171386e-15 1 5.12206e-16 -1.699139e-17 1 3.658615e-16 1.699139e-17 0.8660252 0.5000003 -1.699139e-17 0.8660252 0.5000003 0 0.5000003 0.8660252 0 0.5000003 0.8660252 0 -6.805023e-15 1 0 -5.689146e-15 1 0 -0.5000003 0.8660252 0 -0.5000003 0.8660252 0 -0.8660252 0.5000003 0 -0.8660252 0.5000003 -1.67338e-18 -1 -1.829307e-16 1.67338e-18 -1 -1.646377e-16 -1.67338e-18 -0.8660252 -0.5000003 1.67338e-18 -0.8660252 -0.5000003 0 -0.5000003 -0.8660252 0 -0.5000003 -0.8660252 0 5.670853e-15 -1 0 6.841609e-15 -1 0 0.5000003 -0.8660252 0 0.5000003 -0.8660252 0 0.8660252 -0.5000003 0 0.8660252 -0.5000003 1.699139e-17 1 5.236392e-16 0 1 5.12206e-16 0 0.8660252 0.5000003 0 0.8660252 0.5000003 0 0.5000003 0.8660252 0 0.5000003 0.8660252 0 -6.585506e-15 1 0 -6.567213e-15 1 0 -0.5000003 0.8660252 0 -0.5000003 0.8660252 0 -0.8660252 0.5000003 0 -0.8660252 0.5000003 0 -1 -5.304991e-16 0 -1 -5.12206e-16 0 -0.8660252 -0.5000003 0 -0.8660252 -0.5000003 0 -0.5000003 -0.8660252 0 -0.5000003 -0.8660252 0 6.603799e-15 -1 0 6.585506e-15 -1 0 0.5000003 -0.8660252 0 0.5000003 -0.8660252 0 0.8660252 -0.5000003 0 0.8660252 -0.5000003 0 1 5.236392e-16 0 1 5.12206e-16 0 0.8660252 0.5000003 0 0.8660252 0.5000003 0 0.5000003 0.8660252 0 0.5000003 0.8660252 0 -6.585506e-15 1 0 -6.567213e-15 1 0 -0.5000003 0.8660252 0 -0.5000003 0.8660252 0 -0.8660252 0.5000003 0 -0.8660252 0.5000003 0 -1 -5.304991e-16 0 -1 -5.12206e-16 0 -0.8660252 -0.5000003 0 -0.8660252 -0.5000003 0 -0.5000003 -0.8660252 0 -0.5000003 -0.8660252 0 6.603799e-15 -1 0 6.585506e-15 -1 0 0.5000003 -0.8660252 0 0.5000003 -0.8660252 0 0.8660252 -0.5000003 0 0.8660252 -0.5000003 0 0.5865612 0.1665613 -0.7925928 0.5975718 0.1864129 -0.779845 0.5789213 0.1721497 -0.7970035 0.58867 0.06840125 -0.8054744 0.5935305 0.0574852 -0.8027559 0.6029542 0.1409264 -0.7852299 0.5957484 -0.1163124 -0.7947045 0.5845447 -0.02651973 -0.810928 0.5683086 -0.02873258 -0.8223137 0.9574983 -0.01562766 -0.2880152 0.9914555 -0.004823418 -0.130356 0.9555235 -0.02790382 -0.2935919 -0.6864593 0.007968204 0.7271246 -0.6740884 0.008900623 0.738597 -0.02848552 0.03573103 0.9989554 -0.4669246 0.0219709 0.8840241 -0.540946 0.01683016 0.8408889 0.211237 0.06030416 0.9755728 0.9809306 0.07329733 0.1800076 0.7389023 0.09365403 0.6672723 0.5618481 0.08920991 0.8224162 0.9942658 0.09539976 0.04831581 0.979375 0.1100335 0.1694616 0.9755028 0.09713589 -0.1973803 0.6762964 0.04622612 0.7351777 0.79014 0.03848545 0.6117169 0.7644437 0.03511588 0.6437334 0.3276559 -0.08002168 -0.9414022 0.600579 -0.04838229 -0.7981003 0.5759844 -0.115922 -0.8091996 0.6580886 0.004755181 -0.7529254 0.09606145 -0.1278373 -0.9871321 0.1846055 -0.1228832 -0.9751003 0.2343109 -0.08364155 -0.9685569 0.8644589 -0.05646705 -0.4995221 0.7033896 -0.07205172 -0.7071432 0.869523 -0.03128518 -0.4929005 0.2711202 -0.09682888 -0.9576628 0.4487122 -0.09205719 -0.8889223 0.2642856 -0.1156428 -0.9574862 0.5304533 -0.08788317 -0.8431464 0.9596386 -0.1647939 -0.2278964 0.9543756 -0.1616702 -0.2510579 0.9514643 -0.2708022 0.1462256 0.8931431 -0.1407625 -0.4271784 0.8002424 -0.09358169 -0.5923298 0.6629525 -0.08374411 -0.743963 0.9400733 -0.05609567 -0.3363264 0.969829 -0.1106482 -0.2172294 0.920579 -0.03522275 -0.3889648 0.884126 -0.06821775 -0.4622419 0.724259 0.06586437 -0.6863751 0.8643671 -0.04227564 -0.5010811 0.9469003 -0.150782 -0.28398 0.9423955 -0.1045189 -0.3177524 0.9743703 -0.1922167 -0.1168556 0.8614051 0.009153828 -0.5078361 -0.003412815 0.3787667 -0.9254859 0.2154962 0.3298207 -0.919119 0.380905 0.2707924 -0.8840717 0.3162893 0.3141277 -0.8951452 0.5831349 0.2044313 -0.7862325 0.5084038 0.2319051 -0.8293043 0.6594843 0.149825 -0.7366362 0.5283597 0.1971229 -0.8258199 0.7964009 0.0502682 -0.6026763 0.7791395 0.01925973 -0.6265547 0.6354738 0.1556345 -0.7562744 0.5817826 0.1712817 -0.7951047 0.1733788 -0.1274331 -0.976576 0.1721853 -0.1311785 -0.9762912 0.1973085 -0.1353613 -0.9709514 0.3393903 -0.08993662 -0.9363363 0.3472438 -0.0555752 -0.9361267 0.4357989 -0.01240582 -0.8999585 0.2425659 0.1493337 -0.9585725 0.2782191 0.09181043 -0.9561197 0.2579336 0.1127602 -0.95956 0.8601576 0.2140108 0.462956 0.9607494 0.1662953 -0.2220504 0.9017452 0.1563101 -0.403017 0.8095431 0.09607023 -0.5791463 0.09957819 0.004322933 -0.9950203 0.07931123 0.001761622 -0.9968483 0.07806502 0.022209 -0.9967009 -0.1150364 -0.03617915 -0.9927022 -0.2283829 -0.08140715 -0.9701619 -0.02151978 -0.03316176 -0.9992183 0.467593 0.03122716 -0.8833921 0.2827494 0.02569765 -0.9588495 0.2767452 0.02959159 -0.9604876 0.7418732 0.04363666 0.6691188 0.881169 0.05318417 0.4698007 0.8379689 0.05291698 0.5431463 0.7361134 0.03927967 0.6757175 0.5876238 0.03032725 0.8085657 0.5222327 0.03069442 0.8522505 0.2928139 0.02087184 0.9559416 0.1938097 0.02034063 0.9808282 0.6191234 0.02614217 0.7848585 0.9422393 0.04553204 -0.331831 0.8453871 0.03748893 -0.5328369 0.7720552 0.04115599 -0.6342216 0.4690616 0.01645818 0.8830121 0.4540876 0.01704935 0.8907939 0.5903049 0.01562535 0.8070291 0.9990426 0.03090582 -0.03096448 0.9857187 0.03409098 0.1649135 0.9317067 0.02730616 0.3621836 0.4534212 0.02648843 -0.8909027 0.3855791 0.03040078 -0.9221738 0.5837776 0.04242668 -0.8108044 -0.2359349 0.0308418 0.9712793 -0.2976677 0.02978103 0.9542049 0.9259787 0.02371673 0.3768302 -0.01761701 0.032317 0.9993224 -0.01986103 0.02837945 0.9993999 0.2226313 0.02801779 0.9745 -0.4164801 0.0263699 0.9087623 -0.2564008 0.026601 0.9662044 -0.9819573 -0.03107849 -0.1865313 -0.9822589 -0.03121816 -0.1849133 -0.9618318 0.0009089612 -0.2736399 -0.9144297 -0.1803617 -0.3623368 -0.9110808 -0.1892229 -0.3662329 -0.8404278 -0.2083631 -0.5002658 0.9605697 -0.09627448 -0.260839 0.9655132 -0.08838389 -0.244893 0.9478122 -0.07963964 -0.3087225 0.5325347 0.1188773 -0.8380185 0.5643999 0.09793112 -0.819672 0.5185943 0.1895321 -0.8337491 0.688645 0.09560507 -0.7187682 0.7445823 0.08100782 -0.6625972 0.8573222 0.008259885 -0.514714 0.7668429 0.04086579 -0.6405326 0.7677051 0.03083871 -0.6400608 0.6984593 0.03786013 -0.7146477 0.7757087 0.02072409 -0.6307508 0.7576388 0.02239325 -0.6522899 0.754759 0.02909867 -0.6553565 0.7054788 0.04332607 -0.7074055 0.9666308 -0.04731334 -0.2517664 0.9663174 -0.04707335 -0.2530114 0.9456366 -0.03496999 -0.3233396 0.963404 -0.04459407 -0.264318 0.9570779 -0.03760532 -0.2873809 0.9442447 -0.01746213 -0.3287812 0.913463 -0.005310342 -0.4068871 0.8437024 0.01234735 -0.5366692 0.8526315 0.01585152 -0.5222722 0.931269 -0.02830719 -0.3632311 0.9717738 -0.0597225 -0.2282301 0.9740678 -0.05029432 -0.2205957 0.9734188 -0.05092896 -0.2232984 0.9681393 -0.05358459 -0.2446121 0.9149558 -0.08958642 -0.3934846 0.9182948 -0.09287352 -0.3848495 0.9278265 -0.08101426 -0.364108 0.9310827 -0.1112986 -0.3474156 0.942382 -0.1083833 -0.3164951 -0.9047862 -0.1912195 -0.380522 -0.9049647 -0.1958933 -0.3777097 -0.9028768 -0.2046287 -0.3780749 -0.9029672 -0.2063354 -0.3769297 -0.8889732 -0.1263012 -0.4401984 -0.9114638 -0.1517261 -0.3823779 -0.8774049 -0.1407351 -0.458644 -0.831708 -0.03321217 -0.554219 -0.8555192 -0.06634478 -0.5135029 -0.6784463 -0.09152964 -0.7289259 -0.8516601 -0.06558056 -0.5199752 -0.8619993 -0.07298796 -0.5016272 -0.8322349 -0.1534238 -0.5327722 -0.8261467 0.004951003 -0.5634334 -0.7932137 -0.007262705 -0.6089 -0.7903872 0.03541832 -0.6115829 -0.8276612 0.001591568 -0.5612259 -0.8257326 0.003860958 -0.5640486 -0.8212246 0.003681387 -0.5705932 -0.8252984 -0.003037908 -0.5646887 -0.8284777 0.0001436301 -0.560022 -0.8312315 0.002483325 -0.5559208 -0.8345644 8.283778e-05 -0.5509104 -0.8488834 0.006748084 -0.5285371 -0.91018 -0.004620107 -0.4141873 -0.9348292 -0.007934305 -0.3550091 -0.9096477 0.04639187 -0.4127819 -0.8962346 0.02791723 -0.442701 -0.9374864 0.07030993 -0.3408456 -0.9283776 0.210112 -0.306542 -0.9688202 0.006948968 -0.2476674 -0.97608 -0.02471557 -0.2160023 -0.9784608 -0.02870458 -0.2044275 -0.9798705 -0.03002518 -0.1973636 -0.8395411 0.06789031 -0.5390377 -0.633979 0.1008823 -0.766742 -0.752401 0.09680158 -0.6515537 -0.4460279 0.1145127 -0.8876632 -0.5880889 0.1169572 -0.8002952 -0.1889859 0.1260839 -0.9738517 -0.3051274 0.106146 -0.9463775 -0.05408174 0.1197026 -0.9913357 0.2523493 0.1992715 -0.9468953 -0.1930305 0.2783229 -0.9408908 0.1955157 0.2879291 -0.9374809 0.319005 0.1925539 -0.9279864 0.6878045 0.0887538 -0.7204497 0.4745134 0.2595525 -0.8411121 0.4106583 0.1881333 -0.8921691 0.3978456 0.1419282 -0.9064079 0.1531148 0.2030121 -0.9671308 -0.004420808 0.2371781 -0.9714561 0.03431649 0.2941846 -0.9551323 0.2865976 0.0262063 -0.9576926 0.2784762 0.02981278 -0.9599803 0.2737448 0.0155755 -0.9616762 0.2785129 0.02860867 -0.9600063 0.2724801 0.02397847 -0.9618626 0.2639803 0.01034623 -0.9644726 0.2625543 0.02090384 -0.9646908 0.2543554 0.005894737 -0.9670929 0.2511929 0.01663226 -0.9677941 0.2426358 0.001512662 -0.9701163 0.2238952 0.009344422 -0.9745684 0.2178265 -0.01003714 -0.9759359 0.2117251 0.006066486 -0.9773104 0.1826073 -0.01186185 -0.9831144 0.1719929 0.005625585 -0.9850821 0.1555591 -0.01153902 -0.9877592 0.144626 0.003645669 -0.9894797 0.1265262 -0.006759056 -0.9919402 0.1067244 0.007888716 -0.9942573 0.09761408 -0.0001172917 -0.9952243 0.1009214 0.01536496 -0.9947757 0.08155676 0.01099333 -0.9966081 0.1495475 -0.04165539 -0.9878767 0.09406581 -0.05968105 -0.9937755 0.1860228 -0.03253378 -0.9820067 0.1036811 -0.06044563 -0.9927722 0.2124398 -0.02217915 -0.9769224 0.1145154 -0.04847764 -0.9922379 0.09190649 0.0183994 -0.9955976 0.07525225 0.03188354 -0.9966547 0.05515976 0.02447838 -0.9981774 0.05897592 0.02506936 -0.9979446 0.06459448 0.003485801 -0.9979055 0.06450928 0.0005157754 -0.997917 0.07565506 -0.01631437 -0.9970006 0.06500201 -0.02127221 -0.9976584 0.09488392 -0.03058083 -0.9950185 0.06089183 -0.04179981 -0.9972688 0.117217 -0.03984474 -0.9923067 -0.7541646 -0.05816922 -0.654104 -0.6339037 -0.05235285 -0.771638 -0.5947953 -0.03105063 -0.8032773 -0.7136854 0.01634415 -0.7002757 -0.7160638 0.03779843 -0.6970107 -0.851764 -0.01575689 -0.5236886 -0.615717 0.05392422 -0.7861201 -0.6642831 -0.01601992 -0.7473094 -0.4627515 -0.05923161 -0.884507 -0.5705791 -0.08019235 -0.817318 -0.7484443 -0.06994934 -0.6594984 -0.04472466 -0.05330353 -0.9975763 -0.4629734 -0.02222174 -0.8860936 -0.2351387 -0.0368347 -0.9712636 -0.6008901 -0.03186976 -0.7986961 -0.3633019 -0.0359562 -0.9309774 -0.3516466 -0.04167743 -0.9352046 -0.2058202 -0.03708137 -0.977887 -0.4682797 -0.1287806 -0.8741451 -0.2053849 -0.1081343 -0.9726891 -0.08374628 -0.02384817 -0.9962017 -0.278969 -0.0486459 -0.9590672 -0.4350598 -0.07971641 -0.8968658 -0.5129274 -0.1085614 -0.8515397 -0.6425558 -0.08530534 -0.7614756 0.9552698 0.02680221 -0.2945185 0.9981681 0.01826335 -0.05767933 0.9811197 0.02020406 -0.1923433 0.9946874 0.01014086 0.1024405 -0.2203253 0.02709774 0.97505 -0.2533221 0.02630802 0.9670242 0.01597213 0.03785025 0.9991558 -0.2433759 0.0282499 0.9695206 -0.401702 0.02796058 0.9153435 -0.2304465 0.0271395 0.9727065 -0.2654655 0.02683219 0.9637469 -0.199077 0.02580339 0.9796441 -0.3221646 0.02483169 0.9463579 -0.1564316 0.02388204 0.9874 0.01541087 -0.9992029 0.03682391 -0.8661546 0.005950765 0.4997407 -0.2179624 0.03598531 0.9752935 0.6741607 0.04215884 0.7373805 0.8464984 0.02940406 0.5315787 -0.281027 0.0295435 0.959245 0.9471852 0.01599514 0.3202881 0.9392638 0.01960885 0.3426352 -0.02154016 0.03267158 0.999234 0.8977782 0.02898188 0.4394933 -0.5255948 0.02271947 0.8504316 0.2374452 0.03327967 0.9708307 0.1506019 0.03174942 0.9880845 0.9502009 0.01321655 0.3113576 0.4407325 0.01777783 0.8974625 0.8786108 0.008599266 0.4774611 0.2026804 0.02253792 0.9789855 -0.1503844 0.03307657 0.9880741 0.8552605 0.01759716 0.5178994 -0.7536562 0.01341673 0.6571319 0.8267099 0.03588777 0.5614827 0.6792378 0.04707939 0.7324067 0.05671708 0.02989996 0.9979425 0.1861223 0.03044108 0.9820549 0.5728992 0.0283915 0.819134 0.8879149 0.007833685 0.4599411 0.9042607 0.01036003 0.4268551 0.1526225 0.02809654 0.9878851 0.1723988 0.02556695 0.9846954 0.2195105 0.02526646 0.9752829 -0.004283379 0.02611664 0.9996497 0.3028661 0.01918424 0.95284 0.228157 0.02233889 0.973368 0.1313564 0.02050517 0.9911231 0.2848099 0.01934942 0.9583887 0.02312959 0.02359025 0.9994541 -0.1384197 0.02201691 0.9901289 -0.3550826 0.02338343 0.9345424 -0.08301449 0.02139038 0.9963187 -0.006568779 0.02114251 0.9997549 0.7077154 0.03078791 0.7058265 0.7758823 0.02949735 0.6301878 0.4957298 0.03516938 0.8677644 0.5539336 0.03025505 0.8320109 0.3103801 0.03654173 0.9499099 0.3653728 0.02926387 0.9304012 0.09655693 0.03654045 0.9946565 0.9997494 0.01314575 -0.01811878 0.968313 0.007411736 -0.2496299 0.9358005 0.02096936 -0.351906 0.6026821 0.01317786 -0.7978725 0.4626581 0.01941544 -0.8863242 0.651675 0.02769044 -0.7579927 0.7120881 0.03489181 -0.7012225 0.7593733 0.04286652 -0.6492416 0.7423029 -0.00196428 -0.6700616 0.7929828 0.02085367 -0.608887 0.8343708 0.03030782 -0.5503697 0.8923529 0.03255929 -0.4501624 0.8638488 0.03689293 -0.5023984 0.9400886 0.03581088 0.3390444 0.8619782 0.03656488 0.5056249 0.743714 0.03584915 0.6675361 0.5735023 0.03280964 0.8185467 0.6598543 0.03543856 0.7505574 0.3186003 0.02784197 0.9474802 0.1156444 0.02345431 0.9930137 0.1353862 0.02634432 0.9904426 -0.07625633 0.02377072 0.9968049 -0.1547778 0.02286637 0.9876846 0.5152089 0.01579443 0.8569191 0.7430697 0.0117323 0.6691111 0.3474139 0.01793643 0.9375403 0.2053319 0.01884718 0.9785109 0.3371492 0.0178666 0.9412817 0.4541487 0.01666557 0.89077 0.7862934 0.01215377 0.6177338 0.441857 0.01860887 0.8968925 0.5440005 0.01791294 0.8388937 0.5531716 0.01690596 0.8328958 0.7272772 0.01613529 0.6861542 0.5645471 0.01668228 0.8252322 0.5467654 0.02076803 0.8370283 0.6155014 0.02041603 0.7878713 0.7076292 0.01815552 0.7063507 0.7867914 0.01925332 0.6169187 0.5990465 0.01881081 0.8004933 0.3314749 0.01917855 0.9432691 0.0465891 0.01939478 0.9987258 0.1560548 0.01926521 0.9875605 -0.04359529 0.01970696 0.9988549 0.05728972 0.01949622 0.9981672 -0.02690689 0.02035544 0.9994307 0.193514 0.02165886 0.9808584 0.02799674 0.02172092 0.999372 0.2393286 0.02436992 0.9706328 0.2108885 0.02381215 0.9772201 0.3530503 0.02771018 0.9351939 0.4850809 0.02617809 0.8740774 0.5105087 0.03037024 0.8593361 0.9221793 0.03306198 -0.385347 0.9648676 0.04215083 -0.2593334 0.971012 0.03483553 -0.2364787 0.9974201 0.03876116 -0.06042133 0.8218218 0.04543186 0.5679304 0.7609127 0.04072046 0.6475753 0.9353648 0.04875484 0.3503079 0.8702611 0.04218476 0.490781 0.9931804 0.04820588 0.1061552 0.9543065 0.04234517 0.295814 0.9930094 0.04118964 0.1106155 0.9355732 0.05211337 0.3492663 0.9840894 0.05228854 0.1698054 0.9965903 0.05117873 -0.06471796 0.7548791 0.03524862 -0.6549161 0.6349703 0.03684454 -0.7716574 0.7490705 0.04303936 -0.6610907 0.9745515 0.05562391 0.217153 0.8916744 0.04705944 0.4502246 0.9757328 0.05468485 0.2120263 0.9319828 0.05524017 -0.3582688 0.9775078 0.05606861 -0.2033095 0.8878938 0.04706767 -0.4576343 0.6984745 0.03692566 0.7146817 0.5653857 0.03412785 0.8241203 0.5896261 0.03337532 0.8069865 0.7018669 0.03830339 0.7112775 0.803952 0.03655025 0.5935699 0.4679514 0.02116851 0.8835007 0.829778 0.02501426 0.5575327 0.6967571 0.02535855 0.7168588 0.8221135 0.03240777 0.5684004 0.9327515 0.02141319 0.3598834 0.6920968 0.03128653 0.7211264 0.7450493 0.03114531 0.6662819 0.5627475 0.02477242 0.8262576 0.6506718 0.02514715 0.7589426 0.8152459 0.01470559 0.5789282 0.930214 0.01649167 0.3666468 0.6339498 0.02226219 0.7730538 0.8527663 0.02108085 0.521867 0.9161803 0.008343111 0.4006795 0.8532651 0.0533694 0.5187391 0.6960742 0.03985869 0.7168626 0.3552167 0.02616971 0.9344176 0.8242245 0.04080752 0.5647909 0.7603703 0.04111662 0.648187 0.9954336 0.05614379 0.07720023 0.9437765 0.05112883 0.3266065 0.9925022 0.05434767 0.109479 0.4865216 0.03667875 -0.8728983 0.6376805 0.03411021 -0.7695454 0.9483793 0.00453013 0.317106 0.9419142 0.01039472 0.3356927 -0.05015183 -0.06955527 -0.9963166 0.0679855 -0.01267089 -0.9976058 0.0435727 -0.03410259 -0.998468 0.08151722 -0.01675905 -0.996531 0.7574982 0.05646202 -0.6503911 0.8218974 0.0536453 -0.5671039 0.6163299 0.04198495 -0.786368 0.4994356 0.03591364 -0.8656063 0.8609968 0.08123221 -0.5020815 0.9909321 0.07610722 -0.1107306 0.9502944 0.0717147 -0.302981 0.9882256 0.06178474 -0.139974 0.9486713 0.06103112 -0.3103193 0.9933882 0.05980332 -0.09799693 0.918476 0.05446526 -0.3917083 0.9971479 0.05830599 -0.04792152 0.9955516 0.06066001 0.07209244 0.9893219 0.05414134 -0.1353175 0.3210572 0.02428634 -0.9467483 0.4435862 0.03725196 -0.8954572 0.5924493 0.05315254 -0.8038524 0.8787262 0.06782362 -0.4724831 0.9935867 0.0790631 0.08083581 0.9925834 0.1076225 -0.05652993 0.9948334 0.1014692 -0.003255772 0.5201478 0.02969831 0.8535597 0.8992094 0.0478823 0.4348905 0.8621467 0.04873191 0.5043097 0.9610743 0.05377669 0.2710059 0.8727232 0.06299768 0.4841338 0.9778861 0.07549545 0.1950364 0.9053417 0.05149036 0.4215509 0.6444382 0.1257929 -0.7542384 0.6032103 0.081059 -0.7934524 0.4243702 0.05289294 -0.9039426 0.7432824 0.07013043 -0.6652917 0.8676328 0.1314342 0.4795189 0.2055265 0.01592367 -0.978522 0.255073 0.02913765 -0.9664827 0.1401675 0.01130442 -0.9900633 0.1224134 0.02281281 -0.992217 0.2258325 0.04010765 -0.9733401 0.9385831 0.2466912 -0.2412575 0.888125 0.1899218 -0.4185255 0.7782064 0.1179068 -0.6168409 0.9412606 0.08939461 -0.3256333 0.1023233 0.02607723 -0.9944093 0.2305643 0.06501261 -0.9708828 0.3419738 0.09551156 -0.934843 0.5702045 0.1988952 -0.7970618 0.6699901 0.2072192 -0.7128629 0.8323376 0.3081093 -0.4607416 0.8527145 0.277704 -0.442446 0.906808 0.3451197 -0.2420574 0.9249464 0.3674358 -0.09728838 0.8457835 0.331118 -0.4183433 0.7259336 0.2751423 -0.6303309 0.4914496 0.1724349 -0.8536647 0.6967057 0.1769164 -0.6951991 0.4233786 0.09211344 -0.9012578 0.0565307 0.02864612 -0.9979898 0.9962868 0.06356923 0.0580651 0.9877182 0.08198803 -0.1330066 0.9795687 0.1568783 -0.1258348 0.05134513 0.0357789 -0.9980399 0.1213671 0.00639124 -0.9925871 0.09869495 0.006273526 -0.995098 0.04248837 -0.002386469 -0.9990941 0.4970213 0.03413741 0.8670666 0.9386844 0.03230064 0.3432613 0.9636427 0.01513276 0.2667652 0.9760617 0.02422214 0.2161408 0.9694952 0.03123443 0.243112 0.9450145 0.0499471 0.3231917 0.9734487 0.07135127 0.2175008 0.9572542 0.006533114 0.2891743 0.8586833 0.008504651 0.512436 0.7155234 0.01321059 0.6984638 0.8945161 0.02636218 0.4462578 0.3052361 0.1665394 -0.937601 0.1454405 0.2703727 -0.9517067 0.2679785 0.1680208 -0.9486604 0.2530423 0.02164554 -0.967213 0.2580713 0.03769317 -0.9653903 0.3167012 0.03954574 -0.9477006 0.4082 0.05473431 -0.9112502 0.2928705 -0.08605047 -0.9522721 0.2611801 -0.125922 -0.9570416 0.3564114 -0.1168569 -0.9269927 0.3021335 -0.1423768 -0.9425732 0.3816391 -0.1068909 -0.91811 0.3190889 -0.1322831 -0.9384474 0.4024022 -0.08583322 -0.9114303 0.3318088 -0.1125163 -0.9366125 0.4198804 -0.05516534 -0.9059013 -0.2659326 0.1196299 -0.9565399 -0.4780514 0.1109007 -0.8713024 -0.5273082 0.06605904 -0.8471023 -0.2412343 0.04716344 -0.9693202 -0.4675356 0.02119438 -0.8837201 -0.1619485 -0.01227042 -0.9867229 -0.3321628 -0.01234 -0.9431413 -0.04890359 -0.05316908 -0.9973873 0.184431 -0.09592983 -0.9781527 0.06262315 -0.08084885 -0.9947572 -0.1952607 -0.03503043 -0.9801256 -0.6115469 -0.006013892 -0.7911853 0.1490117 -0.1011949 -0.9836438 0.1744824 -0.05313609 -0.9832255 0.2470667 -0.03174901 -0.9684782 0.3477539 -0.01622974 -0.9374454 0.4587174 0.03423015 -0.8879227 0.3148561 -0.02740103 -0.9487438 0.4997225 0.02577943 -0.8658018 0.3327829 0.1014949 -0.9375256 0.348544 0.1928742 -0.9172331 0.2225915 0.1816346 -0.9578423 0.2160251 0.2351604 -0.9476459 0.203821 0.2138077 -0.955376 0.1988579 0.1250144 -0.9720221 0.1311551 0.2250585 -0.9654776 0.06304819 0.2982333 -0.9524084 0.1381695 0.3063296 -0.9418447 0.06159081 0.3230978 -0.9443593 0.2566945 0.2810905 -0.924714 0.1228082 0.3231445 -0.9383474 0.4194773 0.2395295 -0.8755938 0.219028 0.320199 -0.9216829 0.481266 0.243791 -0.8419911 0.3620075 0.2952479 -0.8841828 0.5981598 0.1984215 -0.7764237 0.6591121 0.1684877 -0.7329278 0.7395956 0.09621753 -0.6661385 0.680771 0.1055579 -0.7248506 0.9116849 -0.1202338 -0.3929052 0.9585675 -0.1848824 -0.2167182 0.8609232 -0.0007348873 -0.5087343 0.8564814 0.002146344 -0.5161735 0.866525 -0.00429471 -0.4991153 0.8660395 -0.003992222 -0.4999596 0.8716162 -0.0007844876 -0.4901883 0.8454094 0.04606411 -0.5321289 0.8860586 -0.005273568 -0.4635432 0.8899543 -0.007858698 -0.455982 0.817632 0.05759937 -0.5728527 0.8582266 0.01430376 -0.5130717 0.8986779 -0.04966258 -0.4357885 0.8656425 -0.003748536 -0.5006486 0.864459 -0.003003528 -0.5026943 0.8428748 -0.0019482 -0.5381062 0.8450609 -0.003772499 -0.5346567 0.8362468 0.01493846 -0.5481498 -0.6712466 0.3119005 -0.6724181 0.8389123 0.001156409 -0.5442654 0.85354 -0.002510768 -0.5210213 0.8552588 0.008448898 -0.5181323 0.8463651 0.007284245 -0.5325534 0.8472348 -0.005636234 -0.5311887 0.8563908 -0.0008822483 -0.5163275 0.8664012 0.003245877 -0.4993379 0.8737645 -0.00172875 -0.4863461 0.8724899 0.0003048037 -0.4886321 0.9417021 -0.05879707 -0.3312703 0.9454235 -0.07882726 -0.3161656 0.9650473 -0.1478365 -0.2163979 0.9710971 -0.2043742 -0.1232948 0.9668658 -0.254721 -0.01696211 0.8789777 0.01119967 -0.4767314 0.8027874 0.07191181 -0.5919131 0.9008131 -0.006502133 -0.4341583 0.7810324 0.03292043 -0.6236222 0.5939804 0.1627347 -0.7878481 0.8251483 -0.001160077 -0.564915 0.8410897 -0.003872826 -0.5408817 0.7529253 0.07934243 -0.6533056 0.9321903 -0.04921773 -0.3586068 0.780592 0.09089398 -0.6183966 0.734655 0.1196077 -0.6678144 0.6464508 0.1546478 -0.7471181 0.788244 0.05497312 -0.6129024 0.842054 0.02150497 -0.5389644 0.9522723 -0.08511517 -0.2931432 0.9611836 -0.2629935 0.08342986 0.9756782 -0.1989523 -0.09203259 0.9533448 -0.2891126 0.08687647 0.9704352 -0.2395397 -0.02960221 0.9407616 -0.30764 0.1425663 0.9650455 -0.25994 0.03344271 0.9456198 -0.09150909 -0.3121367 0.9736086 -0.1401415 -0.1801297 0.9712379 -0.2379262 -0.00937872 0.5563781 0.2177344 -0.8018947 0.4708104 0.262754 -0.8421983 0.3674587 0.3024754 -0.8794787 0.1998359 0.3591821 -0.9116215 0.1473924 0.3716012 -0.9166177 0.1267161 0.3701155 -0.920303 0.266285 0.3160675 -0.9106007 0.2494765 0.322829 -0.9129857 0.3962651 0.2808535 -0.8741254 0.8531415 0.02857762 -0.5208963 0.8331012 0.05248502 -0.5506248 0.7000206 0.1491784 -0.6983673 0.9145476 -0.02329137 -0.4038072 0.9809659 -0.1593531 -0.1109613 0.9534538 -0.07784519 -0.2913177 0.9772718 -0.1514791 -0.1483036 0.9413274 -0.3078286 0.1383629 0.9286528 -0.3246233 0.1795094 0.9144334 -0.3372326 0.2237986 0.9471187 -0.2998766 0.1141939 0.9479374 -0.2988052 0.1101369 0.9703654 -0.2324878 -0.06588183 0.9692268 -0.2439877 -0.03270273 0.9627566 -0.1660627 -0.2133609 0.9717981 -0.2108831 -0.1055306 0.9367887 -0.1030022 -0.3343912 0.9624603 -0.1514337 -0.225251 0.9005371 -0.04402896 -0.432544 0.9173647 -0.05669204 -0.39399 0.8025722 0.0614582 -0.5933807 0.8679462 0.0105042 -0.4965471 0.7486385 0.110385 -0.6537243 0.7659466 0.1024731 -0.634685 0.8563045 -0.01761105 -0.516171 0.5589846 0.1909407 -0.806894 0.7411798 0.08342442 -0.6661028 0.4285894 0.2592466 -0.865507 0.6230766 0.164726 -0.7646181 0.4820116 0.2441212 -0.8414688 0.9458927 -0.1313901 -0.2966879 0.8978311 -0.05478382 -0.4369189 0.8190782 0.03053786 -0.5728686 0.7417591 0.09842842 -0.6634043 0.6239139 0.1813265 -0.7601659 0.5925248 0.204685 -0.7791138 0.6198951 0.1923542 -0.760743 0.7726812 0.09829179 -0.6271383 0.6672725 0.1628854 -0.7267845 0.398377 0.2876746 -0.8709415 0.2087092 0.3468486 -0.914405 0.1246404 0.363633 -0.9231662 0.8454604 -0.01465018 -0.5338371 0.6998125 0.09442319 -0.7080584 0.5267692 0.1976997 -0.8266977 0.5334013 0.1861566 -0.8251235 0.4081254 0.2884798 -0.8661484 0.09515265 0.3846052 -0.9181638 0.07195038 0.3850036 -0.9201062 -0.009069301 0.3893608 -0.9210407 0.9021858 -0.3444314 0.2596685 0.9208219 -0.3297943 0.2081412 0.4674441 0.2263744 -0.854547 0.6416516 0.1432183 -0.7535063 0.5215713 0.2193351 -0.8245335 0.5566599 0.2011991 -0.8060079 0.349798 0.2696345 -0.8971837 0.3777698 0.2552936 -0.8900085 0.5642833 0.159762 -0.8099756 0.7471211 0.1101382 -0.6554995 0.8970277 -0.01525566 -0.4417109 0.9761532 -0.1796888 -0.1218068 0.9617472 -0.1121399 -0.2499339 0.708164 0.09711591 -0.699337 0.9365444 -0.1210757 -0.3289761 0.9651143 -0.1917472 -0.1782902 0.967985 -0.1997489 -0.1520048 0.956938 -0.282988 0.06471108 0.9693205 -0.2359207 -0.06898665 0.931647 -0.120424 -0.3428292 0.8663811 -0.03858387 -0.4978906 0.5025031 0.1934659 -0.8426515 0.963458 -0.2670446 0.02087607 0.9349076 -0.3152798 0.1629305 0.9303875 -0.3163714 0.1851709 0.9438817 -0.3019141 0.1339223 0.9473748 -0.2908312 0.1337843 0.9689666 -0.2245196 -0.1034152 0.9411104 -0.2976079 0.1604393 0.870732 -0.05509272 -0.488662 0.5587955 0.1705296 -0.8115832 0.7192976 0.08466909 -0.6895231 0.6770786 0.09266069 -0.7300539 0.804259 0.01553192 -0.5940759 0.6288609 0.1169558 -0.7686712 0.8950714 -0.01784118 -0.4455657 0.3966717 -0.05166377 -0.9165055 0.5754102 -0.03742412 -0.8170083 0.6472373 -0.03584707 -0.7614452 0.8568554 -0.08784927 -0.508017 0.9499672 -0.183325 -0.2528917 0.8429664 -0.06087137 -0.5345112 0.7343794 0.01687256 -0.6785294 0.5479077 0.1143694 -0.8286838 0.9648531 -0.2624642 0.01308182 0.9674489 -0.2530084 -0.005417806 0.8061881 -0.1363145 -0.5757422 0.9358619 -0.1751906 -0.3057298 0.7515436 -0.1112625 -0.6502329 0.4901915 -0.08877891 -0.8670817 0.208412 -0.1376121 -0.9683116 0.5898156 -0.1305109 -0.7969219 0.9691979 -0.2461952 0.006585886 0.9696239 -0.2424661 -0.03224395 0.9480058 -0.1579586 -0.2762862 0.7434417 0.04709688 -0.6671404 0.4741562 0.2057492 -0.8560626 0.9427939 -0.2037302 -0.263882 0.9107274 -0.07568884 -0.4060134 0.9186775 -0.09672286 -0.3829834 0.9719013 -0.2346718 -0.01835665 0.9658088 -0.2542366 0.05076424 0.9395751 -0.290388 0.1813103 0.9452328 -0.279673 0.1682797 0.6959881 0.1279523 -0.7065613 0.7970567 0.04501181 -0.6022246 0.8531382 -0.01198383 -0.5215472 0.9380488 -0.2626916 0.2259593 0.4456247 -0.140166 0.8841788 0.9015925 -0.2687536 0.3389727 0.9244286 -0.2489022 0.2889282 0.8733907 -0.2006147 0.4437821 0.8616342 -0.1995414 0.4666581 0.9771431 -0.2042053 0.0590891 0.4956114 -0.1339019 0.8581606 0.2462557 -0.06467188 0.9670448 0.9575952 -0.2332873 0.1690812 0.9689553 -0.2468766 -0.01332594 0.9524774 -0.2245684 -0.2058053 0.8922183 -0.1854731 -0.4117599 0.8286263 -0.1580484 -0.5370281 0.8199596 -0.1832223 -0.542306 0.6847168 -0.1540651 -0.712339 0.7988285 -0.1891978 -0.5710317 0.5527979 -0.1762013 -0.8144738 0.7323481 -0.1867529 -0.6548203 0.5324925 -0.1691652 -0.8293581 0.9824487 -0.1665439 -0.08400966 0.9466559 -0.1992875 0.2532334 0.9579604 -0.1678282 0.2326919 0.9783231 -0.1967573 -0.06457935 0.8302765 -0.1986387 0.520753 0.8870752 -0.2010548 0.4155412 0.8866343 -0.2021874 0.4159326 0.9155548 -0.204912 0.3460788 0.9472254 -0.1232863 -0.295913 0.9745077 -0.2002383 -0.1011895 0.9603008 -0.2640711 0.08993794 0.9505966 -0.278062 0.1380134 -0.0128402 -0.1115893 -0.9936715 0.02483337 -0.1258324 -0.9917407 0.1029626 -0.1296061 -0.9862053 0.1241995 -0.1005578 -0.9871487 0.2338199 -0.08412063 -0.9686341 0.2119252 -0.1430612 -0.9667581 0.2215874 -0.1215381 -0.9675368 0.1061747 -0.005839414 -0.9943303 0.08416214 -0.01686547 -0.9963093 0.05863116 -0.02716873 -0.9979099 0.05625969 -0.03721986 -0.9977222 0.09644934 -0.05006757 -0.9940778 0.1367875 -0.06796288 -0.9882663 0.7541131 0.3189837 0.5740756 0.9192842 0.3090286 -0.2437578 0.8726129 0.2347284 -0.4283099 0.2079924 0.01634905 -0.9779938 0.283628 0.00845708 -0.9588971 0.3612462 -4.212576e-05 -0.9324705 0.4612894 -0.01160764 -0.8871738 0.9223876 -0.01160586 -0.3860913 0.4506767 -0.05513717 -0.8909828 0.3314657 -0.07637623 -0.9403707 0.1768407 0.01031889 -0.9841854 0.01323978 -0.01277373 -0.9998308 0.06631092 -0.06789911 -0.9954861 0.1505831 -0.1037407 -0.9831392 0.7740728 -0.06665273 -0.6295782 0.3675694 -0.1561753 -0.916789 0.3043696 -0.1682912 -0.9375699 0.2989475 -0.1357759 -0.9445609 0.09017661 -0.1545178 -0.9838661 0.03272093 -0.1393534 -0.989702 0.06461977 -0.09937288 -0.9929498 0.1409146 -0.07550998 -0.9871379 0.4029185 -0.03565334 -0.9145411 0.596457 -0.004303966 -0.8026335 0.792921 0.04162077 -0.6079013 0.3975717 -0.04063234 -0.916671 0.9664743 -0.2172423 -0.1368693 0.9444395 -0.2048723 -0.2570242 0.9114038 -0.1973264 -0.3611169 0.8760052 -0.1842601 -0.4457165 0.7264404 -0.1614735 -0.66799 0.7687113 -0.01819582 -0.639337 0.664534 -0.03637542 -0.7463722 0.8324423 -0.02050586 -0.5537322 0.8113352 -0.0313146 -0.5837418 0.8969815 -0.008544774 -0.4419855 0.9681565 0.01078704 -0.2501132 0.9129558 -0.0008756823 -0.4080576 0.9775291 0.02103793 -0.209748 0.886009 0.004760029 -0.4636437 0.9556257 0.02937258 -0.2931156 0.6928932 -0.06024443 -0.7185191 0.5374299 -0.05768244 -0.8413334 0.5932724 -0.0529183 -0.8032605 0.7612849 -0.01189599 -0.6483084 0.9122196 -0.02227231 -0.4090958 0.8923028 0.03464634 -0.450106 0.8966752 0.06485414 -0.4379126 0.7836887 0.0379706 -0.6199921 0.6346972 3.643261e-05 -0.7727609 0.490034 -0.04386771 -0.8705988 0.3461734 -0.08904642 -0.9339351 0.3889547 -0.09435518 -0.9164122 0.5094222 -0.0946013 -0.8553009 0.6583443 -0.07507995 -0.7489632 0.980892 0.031363 0.1920087 0.9949717 0.01029237 -0.09962598 0.983958 0.02442008 0.1767213 0.9995315 0.01489126 0.02674035 0.9910108 0.005945679 -0.1336499 0.9875593 0.01529199 0.1565017 0.99979 0.00521521 -0.01981811 0.9595044 0.01599263 0.2812391 0.9193121 -0.002173648 -0.3935233 0.9913509 0.02351032 0.1291153 0.8488359 0.0239796 0.5281123 0.8737523 0.02330129 0.4858126 0.9415247 0.02305444 0.3361544 0.8179805 -0.05221217 -0.5728715 0.9051523 -0.03261579 -0.4238343 0.9882012 -0.006624698 -0.1530179 0.9997259 0.002811776 -0.02324177 0.875884 0.0288013 0.4816613 0.9601214 -0.002460712 -0.2795726 0.7467489 0.08586358 0.6595404 0.8937378 0.0807016 0.441271 0.7598496 0.07578225 0.6456668 0.9216639 0.06622475 0.3822957 0.8122637 0.06412607 0.5797547 0.892055 0.05083137 0.449059 0.810384 0.04922896 0.5838273 0.9287918 0.03669469 0.3687808 0.7012162 0.05923346 0.7104838 0.6159805 0.06757805 0.7848574 0.5352192 0.07187081 0.8416502 0.9995233 0.02989115 0.00773164 0.9990079 0.04407446 -0.006371808 0.9838486 0.05630504 -0.1699169 0.9946033 0.07646287 -0.07012647 0.9451168 0.06813089 -0.3195505 0.9515008 0.08201573 -0.2965124 0.8980778 0.07540313 -0.433325 0.9621721 -0.1711652 -0.2119605 0.8724672 -0.1472039 -0.4659742 0.9382217 -0.1329811 -0.3194622 0.7836804 -0.09097051 -0.6144668 0.9950217 -0.03446519 -0.09350958 0.7741615 -0.01945185 -0.6326891 0.8713144 0.004746567 -0.4907022 0.8049708 0.03644093 -0.5921942 0.8764964 0.05689068 -0.478035 0.9451819 0.09621141 -0.3120489 0.9905671 0.1118145 -0.07921103 0.9657797 0.1155336 0.2322103 0.7408093 0.1004498 0.6641622 0.4954827 0.08342767 0.8646021 0.7961979 0.1054461 0.5957769 0.4081204 0.0745841 0.9098763 0.7505436 0.09960175 0.6532716 0.7774343 0.09525075 0.6217099 0.9421433 0.02723063 -0.3341027 0.9662239 0.0494823 0.2529087 0.9909795 0.06402742 0.1177288 0.9791787 0.08104622 0.1861197 0.9544763 0.0945441 0.282907 0.9099379 0.1038318 0.4015369 0.9444726 0.1073523 0.3105591 0.9676876 0.1171101 0.2233067 0.5877252 0.04142103 0.8079996 0.4198516 0.04367528 0.9065413 0.5279739 0.05197981 0.8476684 0.2402968 0.04372191 0.9697143 0.3851585 0.05535425 0.9211888 0.1091722 0.04495377 0.9930058 0.432373 0.06360951 0.8994484 0.4331927 0.06231953 0.8991442 0.4444475 0.07192726 0.8929126 0.8395799 0.1095213 0.5320814 0.5432405 0.09325213 0.8343823 0.5039913 0.0866985 0.8593464 0.3976362 0.07323464 0.9146158 0.004212922 0.04847717 0.9988154 0.8357582 0.0938215 0.5410229 0.6856478 0.09598832 0.721577 0.8480651 0.09580825 0.5211587 0.9922794 0.06180878 -0.1075235 0.5054173 0.08191509 0.858978 0.9911412 0.06593609 0.1152893 0.8886113 0.07183077 0.4530015 0.9145819 0.1003831 0.3917437 0.8146529 0.1165659 0.5681136 0.1037734 0.04691886 0.9934937 0.2312938 0.04636831 0.9717783 0.004582201 0.04977429 0.99875 0.437736 0.0548797 0.8974271 0.8403787 0.05659607 0.5390367 -0.5430935 0.01724158 0.8394952 -0.4863433 0.0209948 0.8735156 -0.7044282 0.006517875 0.7097453 -0.7508795 0.003070855 0.6604321 0.7173905 0.05493803 0.6945018 -0.357915 0.0284494 0.9333207 -0.4261309 0.02405688 0.9043416 -0.3890189 0.0262784 0.9208549 -0.3768334 0.02699965 0.9258875 0.02481418 0.05929664 0.9979319 -0.7812625 0.0006904732 0.6242022 -0.4686957 0.008893695 0.8833149 0.9674253 0.08940831 0.2368425 0.9513078 0.1065753 0.2892321 0.6761771 0.1056635 0.7291226 0.7376995 0.08624891 0.6695973 0.9629987 0.09331857 0.2528341 0.9112507 0.108678 0.3972547 0.8503071 0.09002202 0.5185305 0.9927551 0.120067 -0.00460098 0.985189 0.1229405 -0.1195336 0.9757637 0.1137591 -0.1869331 0.9303356 0.09252171 -0.3548456 0.9721745 0.0905488 -0.2160502 0.9106341 0.0365808 -0.4115913 0.9043632 -0.2725788 0.3283718 0.8925477 0.001589406 -0.4509501 0.9809211 -0.1741415 -0.08642113 0.9496877 -0.1457436 -0.2772222 0.7823326 -0.05220445 -0.6206693 0.969896 0.1189581 0.212487 0.1551234 -0.0933512 -0.9834746 -0.7298583 -0.259126 -0.6325825 -0.5654149 -0.3313974 -0.7553024 -0.5199632 -0.3181596 -0.7927249 -0.3509818 -0.3504983 -0.8683102 -0.2756686 -0.3379086 -0.8999025 -0.9040511 -0.1965826 -0.3795352 -0.6912312 -0.2459271 -0.6794993 -0.4052066 -0.2852977 -0.8685694 -0.1362416 -0.3123269 -0.9401543 0.1985564 -0.3073226 -0.9306601 0.05192242 -0.2931249 -0.9546632 -0.05220903 -0.3465713 -0.9365696 -0.01594239 -0.2538147 -0.9671215 -0.3089171 -0.2286438 -0.9231967 -0.6412391 -0.1930822 -0.7426518 0.287842 -0.2463281 -0.9254563 0.4305125 -0.2402639 -0.8700185 0.4898528 -0.1643949 -0.856165 -0.3622839 -0.1222253 -0.9240191 -0.02671664 -0.1098308 -0.9935912 0.2977869 -0.172804 -0.9388619 -0.6401523 0.1133522 -0.7598397 -0.8288238 0.04655242 -0.5575698 -0.9274218 0.02388181 -0.373254 -0.6777763 0.01443119 -0.7351266 -0.571372 -0.01096632 -0.8206179 -0.4180903 0.07519711 -0.9052878 -0.31002 -0.02992566 -0.9502589 -0.1183815 0.07390755 -0.9902139 0.006636479 0.06640347 -0.9977708 0.2380704 -0.04175517 -0.9703499 0.4468248 -0.06692376 -0.8921148 -0.301672 -0.3589849 -0.8832462 -0.120829 -0.3770093 -0.9182942 0.1122896 -0.3501301 -0.9299462 0.3801293 -0.2647099 -0.8862451 0.4869878 -0.2118089 -0.8473369 0.5226993 -0.09731788 -0.8469443 0.5357946 -0.04966074 -0.8428867 0.5439933 -0.1604298 -0.8236101 0.5612989 0.02304551 -0.8272922 0.5338165 0.08914772 -0.840888 0.5700581 0.08731559 -0.8169515 0.5976348 0.1465677 -0.7882579 0.6025332 0.1867775 -0.7759303 -0.7660179 -0.05968672 -0.6400423 -0.4912118 0.09726235 -0.8655929 -0.2978672 0.133792 -0.9451851 0.07795005 0.1163567 -0.9901439 -0.7303096 0.08702424 -0.6775504 -0.4582843 0.1450337 -0.8768926 -0.04749088 0.2370648 -0.9703324 -0.02350866 0.2187575 -0.975496 0.01880212 0.2691831 -0.9629055 -0.01251303 0.2018706 -0.9793323 0.009145931 0.2550178 -0.9668931 -0.01661547 0.1907574 -0.9814966 0.00783078 0.2390517 -0.9709753 -0.03299986 0.1732771 -0.9843201 0.01828702 0.2051696 -0.9785556 0.02376133 0.1582148 -0.9871188 -0.0662163 0.1471343 -0.9868976 -0.2096532 0.1573862 -0.965026 0.4887369 0.112487 -0.8651491 0.2446671 0.02971252 -0.9691518 0.3899964 0.038675 -0.9200038 0.4917178 0.01728242 -0.8705831 0.4230252 0.09284254 -0.9013489 0.4627503 0.08827153 -0.882083 0.3530383 0.1174912 -0.9282024 0.4642847 -0.2587105 -0.8470588 0.5215222 0.05255896 -0.8516174 0.48211 0.08900845 -0.8715776 0.3806487 0.08212774 -0.9210655 0.4898137 0.08330003 -0.8678385 0.5354471 0.1096097 -0.8374259 0.5740606 0.1378008 -0.807134 0.5919538 0.1709901 -0.787625 0.5177623 0.09303676 -0.8504507 0.5668914 0.1507471 -0.8098824 0.5516654 0.1215905 -0.8251552 0.5651922 0.142058 -0.812636 0.5447053 0.1465414 -0.825725 0.5279885 0.10751 -0.842419 0.4945647 0.1218438 -0.8605578 0.4821868 0.06346249 -0.8737668 0.467751 0.1006659 -0.878109 0.4317579 0.05049623 -0.900575 0.3977456 0.06793742 -0.914977 0.3791602 0.03216993 -0.9247717 0.3478506 0.04765693 -0.936338 0.3322988 0.02499824 -0.9428428 0.3091737 0.02756723 -0.950606 0.3115166 0.02324763 -0.9499563 0.3217061 0.0313304 -0.9463211 0.3350386 0.04641572 -0.9410604 0.3013663 0.03275232 -0.9529458 0.2950163 0.02356689 -0.9552015 0.3029461 0.02182957 -0.9527576 0.2814989 0.01671752 -0.9594159 0.2872037 0.02095463 -0.9576403 0.2965749 0.02970109 -0.9545476 0.3013944 0.03237739 -0.9529497 0.320984 0.004901268 -0.9470719 0.3190893 -0.03828988 -0.9469509 0.3710786 -0.01120932 -0.9285338 0.3827984 -0.07415796 -0.9208507 0.4088595 -0.009157792 -0.9125514 0.4146072 -0.0666477 -0.9075566 0.4523009 0.01012907 -0.8918079 0.4440968 -0.04344955 -0.8949247 0.4952431 0.04587212 -0.8675425 0.4701315 -0.006182257 -0.8825747 0.5290496 0.08718155 -0.8441007 0.4902452 0.038619 -0.8707286 0.1998053 0.04433047 -0.9788323 0.2709399 0.03036797 -0.9621171 0.2157431 0.0312565 -0.9759498 0.2680818 0.02177458 -0.96315 0.1860972 0.02746533 -0.9821474 0.2590681 0.01615777 -0.9657239 0.1645033 0.01225084 -0.9863004 0.2506361 0.009132133 -0.9680383 0.1474847 -0.00526913 -0.9890503 0.2422134 0.001430695 -0.9702219 0.1336215 -0.02552987 -0.9907035 0.2328273 -0.00762754 -0.9724882 0.2120304 -0.01319467 -0.977174 0.2483455 0.02373604 -0.9683807 0.2903808 0.02090345 -0.9566828 -0.03722425 0.0924162 -0.9950244 0.05896215 0.0838646 -0.9947312 -0.1092357 0.1008794 -0.9888837 0.09894611 0.05655877 -0.9934842 -0.2625599 0.09987381 -0.9597331 0.01824352 0.05702646 -0.998206 -0.3665323 0.04698477 -0.9292182 -0.04207663 0.02622244 -0.9987702 -0.4141798 -0.01628328 -0.9100494 -0.0792212 -0.01196299 -0.9967853 -0.4130449 -0.08095979 -0.907105 -0.0950439 -0.05363271 -0.9940273 -0.3134546 -0.1278964 -0.940951 -0.07943234 -0.09212215 -0.9925744 -0.06090866 -0.09789211 -0.9933314 0.004865127 -0.07548558 -0.997135 0.06179557 0.01822838 -0.9979224 0.06074315 0.02466095 -0.9978487 0.103151 0.003146497 -0.9946607 0.1061889 -0.003239873 -0.9943407 0.9421336 0.3332682 0.03628383 0.9656848 0.2533233 -0.057272 0.9450009 0.3213045 -0.06112826 0.9661477 0.2339813 -0.1086799 0.923508 0.3662548 0.1139753 0.5193087 -0.07646571 -0.8511589 0.7127065 -0.04641172 -0.6999252 -0.4671255 0.004051884 0.8841818 -0.4494494 0.003290338 0.8932997 -0.4485553 0.003251986 0.8937492 -0.4306868 0.002488844 0.902498 0 -1 0 0 1 0 0 -1 0 0 1 0 0.5620563 0.1019581 0.8207906 0.4922246 0.1375645 0.8595295 0.1484828 0.1333837 0.9798784 0.8072085 0.150654 0.5707169 0.8443159 0.1565049 0.5124811 0.772062 0.1563665 0.6160112 0.06969516 -0.004922612 0.9975562 -0.1619037 0.0301525 0.9863458 -0.1295698 -0.1003797 0.9864763 0.3454102 -0.0647475 0.9362156 0.2384258 0.05887377 0.9693745 0.5552352 -0.01052291 0.8316268 0.590165 -0.1260835 0.7973759 0.6497881 -0.09800667 0.7537706 -0.4488107 -0.0405186 0.8927078 -0.455621 -0.07718398 0.8868214 -0.453552 -0.01685727 0.8910704 -0.492545 0.07008019 0.8674608 -0.443592 0.09791237 0.8908644 -0.4033701 0.1009225 0.9094543 -0.6551547 0.1308772 0.7440722 -0.6414884 0.1665283 0.7488397 -0.6666179 0.168724 0.7260529 -0.2503922 -0.02377314 0.9678526 -0.2601559 -0.01868629 0.9653858 -0.2693688 0.01340603 0.9629438 -0.1949916 0.005792896 0.9807878 -0.2288794 -0.0005119672 0.9734547 -0.2464031 0.003113158 0.9691624 -0.2819042 0.04168901 0.9585364 -0.102306 0.04540034 0.9937164 -0.09235663 0.02782577 0.9953371 -0.7842258 0.08663808 0.614397 -0.8080717 0.07582863 0.5841833 -0.6591272 0.08544784 0.7471613 -0.9946856 0.102901 0.003459372 -0.9582223 0.1013723 0.267458 -0.8905916 0.08247181 0.447264 -0.8087938 0.07884539 0.5827829 -0.744768 0.5429237 0.3880134 -0.6798931 0.09865079 0.7266453 -0.7698317 0.1138753 0.628006 -0.7670397 0.1181238 0.6306321 -0.7690098 0.1156313 0.6286917 -0.7068103 0.1332251 0.6947447 -0.777798 0.05370848 0.6262154 -0.7184981 0.130479 0.6831806 -0.804612 0.04035543 0.592428 -0.7368412 0.1281228 0.6638144 -0.7604852 0.1223445 0.6377257 -0.7698997 0.1138034 0.6279357 -0.7696564 0.114362 0.6281325 -0.7516138 0.1102679 0.6503213 0 1 0 -0.9533288 -0.1095741 0.2813499 -0.9492387 -0.1079831 0.2954412 -0.9518946 -0.1114144 0.2854532 -0.9587589 -0.1227471 0.2563484 -0.9656568 -0.1325781 0.2234503 -0.9334736 -0.01785314 0.3582015 -0.9639594 -0.07954411 0.25388 -0.9705003 0.003116099 0.2410797 -0.9690476 -0.005947963 0.2468023 -0.9723348 0.05507414 -0.2270063 -0.9007731 -0.04934776 -0.4314773 -0.9965724 0.07870676 0.02547013 -0.9680537 -0.01082942 0.250509 0.8286919 -0.2703021 0.4901086 0.8347989 -0.2497312 0.4906578 0.8356598 -0.2517939 0.4881317 0.8329676 -0.2495134 0.4938705 0.8205956 -0.2408895 0.5182617 0.8630856 -0.2007935 0.4634277 0.8691166 -0.1955223 0.4543208 0.4728491 -0.2731512 0.8377363 0.5987955 -0.2611123 0.7571422 0.7272798 -0.3055993 0.6145512 0.713743 -0.2823659 0.6409683 0.8041167 -0.265317 0.5319805 0.05597965 -0.2487029 0.9669608 0.1996735 -0.2619689 0.9441942 0.1567964 -0.2968811 0.9419535 0.3222511 -0.270525 0.9071772 -0.2531721 -0.008241032 0.9673862 -0.1694714 -0.04682026 0.9844223 -0.368329 -0.005900474 0.9296768 -0.3215518 -0.01589341 0.9467586 -0.3397726 -0.008459597 0.9404696 -0.3845477 0.008039515 0.9230701 -0.4070736 0.02895948 0.9129361 -0.3631024 0.0008732535 0.9317488 -0.3542299 -0.002049074 0.9351561 -0.3453747 -0.004871358 0.9384522 -0.3242424 -0.01108887 0.945909 -0.2752474 -0.02270693 0.9611052 -0.1990563 -0.03360108 0.9794118 -0.137689 -0.07729292 0.9874551 -0.162355 -0.106226 0.9809979 -0.0327333 -0.1506966 0.988038 -0.01097922 -0.1807194 0.9834734 -0.6602444 0.06829203 0.7479395 -0.5282982 0.04368917 0.8479341 -0.5459687 0.05422665 0.8360488 -0.3683529 0.0235847 0.9293868 -0.5214844 0.06261054 0.8509606 -0.5671809 0.1027699 0.8171562 -0.4595916 0.0548633 0.8864342 -0.4095299 0.01675767 0.9121428 -0.4473743 0.02179703 0.8940811 0.8711201 0.008944898 0.4909886 0.7670979 0.01864234 0.6412592 0.9449556 0.01585254 0.3268143 0.7954396 0.04445713 0.6044 0.9523021 0.01435242 0.3048191 0.8492651 0.01381369 0.5277859 0.7410666 0.0265436 0.6709066 0.6557888 0.04624559 0.7535267 0.6965951 0.02239391 0.7171149 0.7345901 0.02798256 0.6779339 0.7812713 0.04708947 0.6224128 0.7136738 0.06878888 0.6970924 0.5192861 0.0733866 0.8514437 0.7356643 0.07393314 0.6732993 0.7747434 0.09295223 0.6254059 0.7136353 0.1611368 0.6817328 0.8005997 0.1524116 0.5794918 0.8335576 0.2374998 0.498774 0.9048456 0.3633985 0.2218018 0.8764785 0.3560988 0.3240047 0.7637726 0.2934003 0.5749502 0.8130636 0.336774 0.4748798 0.7788719 0.2401614 0.5793799 0.5294489 0.2321876 0.815949 0.6357816 0.2067225 0.7436717 0.393288 0.1561114 0.906065 0.7093696 0.3016216 0.6370394 0.5332528 0.245102 0.8096706 0.3469121 0.1796079 0.9205395 0.1607048 0.1151793 0.980259 0.0104044 0.07953548 0.9967777 0.4629973 0.1211936 0.8780351 0.169716 0.08037526 0.9822099 0.1151894 0.09699279 0.9885969 -0.05740971 0.05957424 0.9965716 -0.2157528 0.001976819 0.976446 -0.1764457 0.008831532 0.9842708 -0.03912749 0.02209619 0.9989899 -0.03711327 0.01608353 0.9991816 -0.2968945 0.03247962 0.9543577 -0.2519165 0.02069654 0.9675276 -0.2204183 0.009519254 0.975359 -0.0502708 0.01816822 0.9985704 -0.2324425 -0.01550052 0.9724866 -0.2393244 -0.01523917 0.9708201 -0.1873005 0.01560735 0.9821787 -0.1994817 0.005073664 0.9798884 -0.189603 0.02006602 0.9816558 -0.1993104 0.0006749978 0.9799362 -0.2263828 -0.01043108 0.9739826 -0.2193663 -0.007158994 0.9756163 -0.214035 -0.00269784 0.9768223 -0.5559408 0.1017694 0.8249684 -0.2612741 -0.08349263 0.9616469 -0.3832975 -0.04766843 0.922394 -0.03735567 -0.2007268 0.9789348 -0.205992 -0.195426 0.9588409 -0.4115378 -0.0807299 0.9078102 -0.5410064 0.07087921 0.8380264 -0.6196266 0.1419957 0.7719457 -0.6429491 0.1587164 0.7492833 -0.5308877 0.07216296 0.8443641 -0.6196759 0.1552591 0.769348 -0.6230295 0.1202966 0.7728926 -0.8228211 -0.04075655 -0.5668371 -0.8976799 -0.009225001 -0.4405516 -0.9941749 0.02484986 -0.1048748 -0.9599129 0.06872137 0.2717438 -0.8869293 0.09358836 0.4523247 -0.7341953 0.09354095 0.6724636 -0.4886382 0.0764156 0.8691337 -0.5338417 0.02680497 0.8451594 -0.5422249 0.03699549 0.8394185 -0.5816923 -0.01765878 0.8132172 -0.5938274 0.01715449 0.8044095 -0.6195658 -0.01683551 0.7847641 -0.6165816 0.02034621 0.7870281 -0.6402606 0.02356441 0.7677963 -0.5753254 0.0200092 0.8176799 -0.6353904 0.09654269 0.7661322 -0.4884314 -0.009288973 0.8725528 -0.6509084 0.001894283 0.7591539 -0.6226568 -0.06293892 0.7799597 -0.5864046 -0.0677388 0.807181 -0.5474843 -0.04616951 0.8355414 -0.674175 0.1712533 0.7184431 -0.6592441 0.1638797 0.7338533 -0.669909 0.1588799 0.7252442 -0.678233 0.1208393 0.7248433 -0.6866849 0.1521352 0.7108578 -0.6862988 0.137555 0.7141936 -0.6834742 0.1268839 0.7188627 -0.6511105 0.1017861 0.7521268 -0.6606228 0.09906222 0.7441533 -0.6611058 0.003345422 0.7502852 -0.6712687 0.07039862 0.7378634 -0.4890428 -0.09908619 0.8666136 -0.4984024 -0.1375233 0.8559687 -0.5237634 -0.1415916 0.8400141 -0.4461688 0.03789577 0.8941461 -0.3799348 0.03954861 0.9241674 -0.3748759 -0.01006993 0.9270203 -0.3213431 0.02393992 0.9466602 -0.3178653 -0.03090623 0.947632 -0.3374944 -0.01108424 0.9412623 -0.3755348 -0.02321492 0.9265175 -0.3855333 -0.0130661 0.9226014 -0.4359438 -0.02544543 0.8996141 -0.5445369 -0.1794251 0.8193206 -0.5668473 -0.172742 0.8055087 -0.5957013 -0.1739831 0.7841364 -0.6326283 -0.1350646 0.7625871 -0.6525552 -0.07351853 0.7541663 -0.2774757 -0.02878163 0.9603014 -0.2833798 -0.005882862 0.9589897 -0.3266527 0.05964647 0.9432605 -0.3530882 0.09173814 0.9310815 0.8325473 -0.3285086 0.4460348 0.8141802 -0.3525782 0.4613017 0.7245235 -0.3727023 0.5797919 0.8415802 -0.3133416 0.4399543 0.7726267 -0.3927773 0.4987724 0.69938 -0.3966605 0.5945822 0.8047678 -0.3702431 0.4639708 0.8111501 -0.3661208 0.4560603 0.7704338 -0.3901049 0.504232 0.729261 -0.3806201 0.5686007 0.6505841 -0.3528915 0.6724641 0.6796062 -0.3979053 0.6162847 0.7042676 -0.3821192 0.5983243 0.5049852 -0.3443556 0.7914602 0.3501954 -0.4033686 0.8453739 0.5258788 -0.4034431 0.7487891 0.2391392 -0.3788172 0.8940414 0.4821786 -0.3886448 0.7851491 0.4489577 -0.3201143 0.8342445 0.7128432 -0.3723025 0.5943446 0.7177106 -0.3579773 0.5972802 0.6175026 -0.3057884 0.7246958 0.5716539 -0.2325696 0.7868438 0.6485536 -0.2708394 0.7113538 0.6577067 -0.2133718 0.7224226 0.002413434 -0.2527367 0.9675321 0.01397602 -0.2923617 0.9562057 0.0780541 -0.369602 0.925906 0.1682509 -0.3939076 0.9036196 0.2678633 -0.3317988 0.9045213 0.3665846 -0.2044484 0.9076434 0.1154664 -0.1600666 0.9803296 -0.04243114 -0.2622988 0.9640534 0.1859141 0.1114672 0.9762228 -0.002799256 -0.2608725 0.9653692 -0.004756901 -0.2973674 0.9547513 -0.01079897 -0.3553599 0.9346672 -0.02096558 -0.352487 0.9355818 0.6956423 0.0297754 0.717771 0.6852041 0.1257713 0.7174099 0.7925625 0.1166198 0.5985353 0.7283553 0.1211662 0.6744014 0.6752555 -0.03657588 0.7366765 0.5426973 0.05939298 0.8378258 0.1557083 0.1347867 0.978564 -0.1295521 0.1113941 0.9852957 -0.1413063 0.1398694 0.9800352 -0.1552046 0.1270591 0.9796772 0.8605369 0.1158758 0.4960333 0.876379 0.1160919 0.4674212 0.7401107 0.09348166 0.6659559 0.8516346 0.09680142 0.5151193 0.6023082 0.1364765 0.7865106 0.8791856 0.1360972 0.4566291 -0.1801565 0.01620002 0.9835046 -0.1691452 0.03247082 0.9850561 -0.136698 0.04367399 0.9896496 -0.1489276 0.03125048 0.9883542 -0.04402288 0.048936 0.9978313 0.2049172 0.05762092 0.9770818 0.4178816 0.04155237 0.9075507 0.5304066 0.02839289 0.8472678 0.5454771 0.04687258 0.836814 0.4799672 0.08704973 0.8729569 0.3932026 0.1170094 0.9119761 0.860377 0.07966539 0.5033934 0.9116858 0.05864929 0.4066807 0.8963638 0.04368853 0.4411612 0.123075 0.1093064 0.9863593 0.1812871 0.07818934 0.980317 0.2329651 0.04784372 0.9713075 0.2490536 0.0261891 0.9681356 0.1910234 0.03474853 0.9809702 -0.04061698 0.03313422 0.9986252 -0.1622392 0.01821419 0.9865833 -0.2043138 0.009759907 0.9788568 -0.2058099 0.002436662 0.978589 -0.01129867 -0.2372318 0.9713874 -0.02607832 -0.2629399 0.9644597 -0.1243933 -0.2785206 0.9523406 -0.2564358 -0.2221264 0.9406915 -0.3692515 -0.1250023 0.9208842 -0.420274 -0.03092006 0.9068703 -0.4179195 0.04179529 0.9075221 -0.3871877 0.09367403 0.91723 -0.3513271 0.1262206 0.9277056 -0.3267591 0.1357075 0.9353138 -0.1320939 0.06799263 0.9889025 -0.299907 0.06573293 0.9517011 -0.1509788 0.09732105 0.9837347 -0.3034336 0.09763363 0.9478374 -0.3100254 0.12393 0.9426164 -0.1297306 0.04747023 0.9904123 -0.1430258 0.04088842 0.988874 -0.1714714 0.02745731 0.9848064 -0.07345955 0.06475258 0.9951938 -0.1095253 0.05663567 0.9923692 -0.1314287 0.04876659 0.9901254 -0.1366 0.04519808 0.9895947 -0.2771956 -0.02969058 0.9603547 -0.288198 -0.01985861 0.9573649 -0.3176859 -0.03042219 0.9477078 0.4795005 -0.000529664 0.8775415 0.3434076 -0.0006438597 0.9391862 0.564535 0.0004046553 0.825409 0.8345663 -0.1346487 -0.5341992 0.8432585 -0.05722694 -0.5344531 0.8531373 0.08402899 -0.5148747 0.5401045 -0.7582992 -0.3650608 0.552373 -0.7456852 -0.3726093 0.7937798 -0.3212061 -0.516469 0.8457324 -0.02682057 -0.5329328 0.8484262 -0.009271354 -0.5292325 0.8572251 0.05319345 -0.5121871 0.8684032 0.02506454 -0.4952248 0.8581954 0.05092851 -0.5107906 0.9166907 0.002030747 -0.3995924 0.9289451 0.02831082 -0.3691334 0.9047282 0.006941818 -0.4259327 0.8197599 0.2322841 -0.5234862 0.8545937 0.1070505 -0.5081435 0.91946 0.008394017 -0.3930938 0.925006 0.01418621 -0.3796877 0.9304128 0.01866795 -0.3660376 0.8436621 -0.0002056764 -0.5368744 0.8648358 0.0007276811 -0.5020542 0.7182506 0.000142589 -0.6957845 0.6889391 -0.0002552758 -0.7248192 0.5230591 9.997257e-05 -0.8522964 0.4246452 -0.0008898014 -0.9053594 0.2931939 9.261523e-05 -0.956053 0.227954 -0.001220966 -0.9736711 0.1674988 1.256494e-15 -0.9858723 0.9040579 -0.001144406 -0.4274085 0.9458487 -0.002902132 -0.3245949 0.9615043 -0.00391738 -0.2747618 0.9667132 -0.004327755 -0.255826 0.9687477 -0.004502986 -0.2480073 0.9703487 -0.006493877 -0.2416222 0.975281 -0.001401223 -0.220964 0.9790511 -0.005735251 -0.203534 0.9762394 -0.003130777 -0.216672 0.9961696 -0.00281135 -0.08739694 0.970552 -0.0102389 -0.2406739 0.9717949 -0.00747258 -0.2357092 0.9720829 0.004992329 0.2345847 0.9736989 0.005175739 0.2277797 0.9752491 0.005017663 0.2210519 0.987013 0.004411091 0.1605799 0.9790342 0.004817056 0.2036388 0.9769252 0.004844184 0.2135267 0.9942758 0.003298585 0.1067926 0.9976696 0.002580051 0.06818095 0.9997358 0.001243287 -0.02295327 0.9896918 0.0002260562 -0.1432137 0.9090935 -0.02212653 0.4160041 0.8247999 -0.2785039 0.4920779 0.8409773 -0.01479889 0.540868 0.7681431 0.0008758752 0.6402776 0.9547555 -0.005010311 0.2973497 0.9749594 -0.005172695 0.2223229 0.9157505 0.000822857 0.4017465 0.9551404 0.001088538 0.2961514 0.9509405 -0.001054116 0.3093721 0.9644974 0.002582483 0.2640796 0.9699828 0.005690451 0.2431069 0.3755778 0.0004993056 0.9267907 0.3441124 0.008419916 0.9388907 0.340332 0.01034622 0.9402484 0.3258365 0.005081255 0.9454125 0.3522673 0.005923464 0.9358807 0.3411931 0.01614548 0.9398546 0.3384021 0.03128606 0.9404814 0.7449127 -0.0001662651 0.6671619 0.6304876 -1.828743e-05 0.7761993 0.2712808 -1.891263e-05 0.9625003 0.2076384 0.0001454196 0.9782056 0.1967649 0.0002526564 0.9804507 0.1249516 0.0002481512 0.9921628 0.1060609 0.0002733713 0.9943596 0.05612952 3.461614e-16 0.9984235 -5.299185e-15 -4.721302e-16 -1 -3.457341e-15 -4.734016e-17 -1 -1.453747e-15 5.56034e-16 -1 -3.51301e-15 -3.496233e-16 -1 -4.395958e-15 8.008431e-16 -1 -4.432156e-15 3.008389e-16 -1 -3.462308e-15 3.618276e-17 -1 -1.708479e-15 -1.431282e-29 -1 -4.432156e-15 -3.008389e-16 -1 -4.395958e-15 -8.008431e-16 -1 8.964729e-15 1.016866e-14 -1 8.789865e-15 2.170863e-15 -1 1.630874e-13 4.418088e-14 -1 -2.672238e-14 -1.680063e-14 -1 -2.710077e-15 -6.107136e-17 -1 -3.46427e-15 -3.015766e-17 -1 -3.774312e-15 6.18088e-17 -1 -5.857364e-15 -1.351661e-15 -1 -5.792839e-15 -6.983055e-16 -1 -8.95863e-15 -1.121039e-15 -1 -2.686946e-15 -8.222113e-16 -1 0 0 -1 -6.873267e-15 -5.597738e-16 -1 -6.913177e-15 -4.79697e-16 -1 2.193256e-16 2.152581e-15 -1 -6.175048e-15 7.557746e-17 -1 -3.801456e-15 -6.024181e-17 -1 -2.710077e-15 -6.107136e-17 -1 -3.462308e-15 3.618276e-17 -1 -4.395958e-15 8.008431e-16 -1 -4.395958e-15 -8.008431e-16 -1 -2.589519e-15 2.917712e-16 -1 -4.432156e-15 3.008389e-16 -1 -1.708479e-15 -1.334428e-29 -1 -4.432156e-15 -3.008389e-16 -1 -4.600337e-15 1.764007e-16 -1 -5.988699e-15 9.351104e-16 -1 -3.509158e-15 3.888773e-16 -1 -5.287168e-15 -5.281674e-16 -1 -1.981789e-15 -1.634551e-16 -1 5.456765e-15 8.197138e-16 1 4.509879e-15 -3.310119e-16 1 2.704816e-15 -4.019073e-17 1 3.688494e-15 1.884649e-17 1 4.211986e-15 4.962348e-16 1 5.420323e-15 1.540858e-15 1 4.714089e-15 4.959102e-16 1 3.342779e-15 -2.473101e-16 1 2.453801e-15 -2.728654e-16 1 6.365089e-15 -6.561692e-16 1 2.288076e-15 2.139107e-16 1 4.504957e-15 -3.467741e-16 1 -8.738104e-15 2.235457e-15 1 1.983367e-14 -9.978704e-15 1 -1.433271e-15 2.895774e-15 1 -4.121646e-16 2.523257e-15 1 -1.631546e-13 4.409327e-14 1 6.175048e-15 7.557746e-17 1 3.707917e-15 -7.587177e-17 1 2.704816e-15 -4.019073e-17 1 5.456765e-15 8.197138e-16 1 2.994642e-15 1.981695e-16 1 1.951455e-16 8.640794e-16 1 3.64185e-15 -2.827413e-17 1 5.101837e-15 -8.122709e-16 1 4.211986e-15 -4.962348e-16 1 4.211986e-15 4.962348e-16 1 5.300208e-15 1.307551e-15 1 4.714089e-15 4.959102e-16 1 2.345879e-15 -3.685137e-16 1 4.631796e-15 1.60891e-16 1 3.445922e-15 -4.877842e-17 1 6.351567e-15 -6.708041e-16 1 1.989188e-15 -1.446761e-16 1 6.791606e-15 -5.535016e-16 1 6.740327e-15 -4.677031e-16 1 0 0 1 2.686946e-15 -8.222113e-16 1 8.95863e-15 -1.121039e-15 1 2.823934e-15 -7.3658e-16 1 0 0 1 3.126872e-15 -4.072848e-16 1 4.61056e-16 4.268995e-16 1 4.391358e-15 -3.553291e-16 1 5.101837e-15 -8.122709e-16 1 4.600337e-15 1.764007e-16 1 -1.779857e-15 1.728571e-15 1 4.211986e-15 -4.962348e-16 1 2.648737e-15 -1 1.445962e-15 2.339247e-15 -1 1.741316e-15 4.724668e-15 -1 1.42945e-15 3.925191e-15 -1 2.819773e-15 2.375194e-15 -1 9.508999e-16 5.26216e-15 -1 2.106686e-15 5.008436e-15 -1 -3.597133e-15 4.644468e-15 -1 -5.005808e-15 4.645267e-15 -1 -2.959234e-15 4.286438e-15 -1 -9.25922e-16 3.451036e-15 -1 5.856931e-16 0 1 0 -1.473507e-14 1 -6.027982e-15 -1.262226e-14 1 -5.163653e-15 -2.73134e-14 1 -1.117366e-14 0.5170355 0 -0.855964 0.4879089 0 -0.8728946 0.4879089 0 -0.8728946 0.4582285 0 -0.8888344 0 1 0 0 1 0 0 1 0 0 1 0 0.7208911 0.001082809 -0.6930475 0.6992165 -0.0006102932 -0.7149097 0.697611 -0.0007336558 -0.7164764 0.6752157 -0.00242669 -0.7376163 0 1 0 0 1 0 0 1 0 0 1 0 0 1 0 0 1 0 0 1 0 0 1 0 4.447822e-14 1 -5.168856e-13 4.375259e-14 1 -5.08453e-13 2.89635e-16 1 -3.365875e-15 0 1 0 -8.322811e-15 1 5.417697e-15 -2.041659e-14 1 1.624133e-14 -2.263938e-14 1 5.570584e-14 -2.023697e-15 1 5.186985e-15 0 1 0 0 1 0 0 1 0 0 1 0 0 1 0 0 1 0 0 1 0 0 1 0</float_array>
          <technique_common>
            <accessor count="3600" source="#normals-array-array" stride="3">
              <param type="float" name="X"/>
              <param type="float" name="Y"/>
              <param type="float" name="Z"/>
            </accessor>
          </technique_common>
        </source>
        <source id="texcoords-array">
          <float_array count="7200" id="texcoords-array-array">4.07207 7.36206 4.07207 7.24383 4.10256 7.24383 4.13305 7.71674 4.16354 7.71674 4.16354 7.83497 4.10256 7.71674 4.10256 7.59851 4.07207 7.59851 4.07207 7.71674 4.04158 7.6832 4.04158 7.9569 4.04158 7.89772 4.05683 7.95319 4.06445 8.07142 4.07207 8.07142 4.07207 8.18965 4.06445 8.18965 4.07207 8.30788 4.06445 8.30788 4.05683 8.30788 4.05683 8.18965 4.5294 7.42428 4.5294 7.48029 4.40744 7.48029 4.34647 7.36206 4.28549 7.36206 4.28549 7.24383 4.3922 8.30788 4.3922 8.18965 4.40744 8.18965 4.5294 5.11628 4.5294 5.15415 4.28549 5.11575 4.22451 6.53447 4.16354 6.53447 4.16354 6.29802 4.04158 6.06315 4.04158 6.06157 4.07207 6.06157 4.3922 8.39654 4.38817 8.40269 4.38458 8.36699 4.06675 8.3373 4.06396 8.33724 4.43793 8.39654 4.40744 8.39654 4.40744 8.36699 4.41167 8.33712 4.41169 8.33724 4.40211 8.33724 4.41165 8.33701 4.41116 8.33357 4.41142 8.3354 4.5294 8.28238 4.5294 8.30788 4.40744 8.30788 4.5294 8.31197 4.40956 8.32256 4.41063 8.3299 4.41162 8.33678 4.41155 8.33632 4.40999 8.33724 4.42119 8.33724 4.5294 8.37115 4.5294 8.37827 4.52556 8.37733 4.52299 8.377 4.52129 8.37691 4.5294 8.36699 4.51912 8.37694 4.51713 8.37711 4.51292 8.37792 4.45318 8.39654 4.46842 8.39654 4.49729 8.38716 4.50752 8.37987 4.05777 8.33727 4.05481 8.33725 4.04158 8.31167 4.05239 8.33759 4.05102 8.33909 4.04952 8.34253 4.04921 8.34349 4.04158 8.37115 4.04158 8.37827 4.05985 8.33724 4.0757 8.33724 4.06869 8.33724 4.32623 8.40354 4.34125 8.34708 4.34647 8.35558 4.34365 8.33975 4.34394 8.33793 4.34647 8.30788 4.3437 8.33757 4.34324 8.33737 4.34244 8.33724 4.34056 8.33724 4.33485 8.33724 4.32726 8.33724 4.32045 8.33724 4.31598 8.30788 4.31395 8.33724 4.28549 8.33724 4.35542 8.33727 4.36053 8.33724 4.37696 8.40285 4.37255 8.40291 4.37695 8.36699 4.35027 8.40323 4.34646 8.40328 4.35052 8.33724 4.35546 8.33724 4.37695 8.30788 4.04158 6.29987 4.07207 6.53447 4.04158 6.37681 4.04158 5.70808 4.04158 5.58972 4.07207 5.58866 4.04158 5.94479 4.04158 5.82644 4.04158 5.76489 4.04158 5.58866 4.04158 5.47136 4.07207 5.35221 4.04158 5.38586 4.05683 5.35221 4.05683 5.11575 4.04158 5.11979 4.04158 4.88011 4.04158 4.64285 4.04539 4.64285 4.04158 4.76107 4.04695 4.64285 4.0492 4.8793 4.05683 4.76107 4.05683 4.8793 4.07207 4.8793 4.0492 4.64285 4.05516 4.64285 4.06183 4.64285 4.07207 4.64285 4.09309 4.64285 4.07207 5.11575 4.10256 5.11575 4.10256 4.8793 4.16354 4.8793 4.22451 6.06157 4.16354 5.82511 4.22451 5.82511 4.16354 5.58866 4.22451 5.58866 4.28549 6.29802 4.28549 6.06157 4.28549 5.82511 4.28549 5.58866 4.5294 6.18151 4.5294 6.29987 4.5294 6.41823 4.5294 4.90453 4.5294 5.43939 4.5294 5.58866 4.5294 5.82567 4.5294 5.82644 4.5294 6.06157 4.5294 6.06315 4.34647 8.18965 4.31598 8.24876 4.31598 8.18965 4.28549 8.30788 4.28549 8.18965 4.28549 8.07142 4.31598 8.07142 4.34647 8.07142 4.37695 8.07142 4.34647 8.24876 4.37695 8.18965 4.38458 8.30788 4.48734 8.4026 4.45791 8.40238 4.44129 8.40235 4.40651 8.40249 4.39982 8.39654 4.3922 8.36699 4.28549 7.48029 4.34647 7.48029 4.28549 7.59851 4.34647 7.59851 4.28549 7.71674 4.34647 7.71674 4.28549 7.83497 4.34647 7.83497 4.28549 7.95319 4.34647 7.95319 4.40744 7.36206 4.40744 7.83497 4.40744 7.71674 4.40744 7.59851 4.5294 8.13444 4.40744 8.07142 4.5294 8.07526 4.5294 8.03103 4.5294 8.19361 4.5294 8.2232 4.5294 8.24406 4.5294 8.25279 4.37695 7.95319 4.40744 7.95319 4.5294 7.8868 4.5294 7.95319 4.5294 7.35693 4.5294 7.3651 4.40744 7.24383 4.40744 7.00738 4.46842 7.24383 4.46842 7.00738 4.5294 7.01003 4.5294 7.12838 4.5294 7.1561 4.5294 7.24383 4.5294 7.48346 4.5294 7.54264 4.5294 7.54756 4.5294 7.73482 4.5294 7.83497 4.28549 7.00738 4.40744 6.77093 4.28549 6.77093 4.40744 6.53447 4.28549 6.53447 4.22451 6.29802 4.16354 6.06157 4.04158 8.2232 4.04158 8.25279 4.04158 8.07526 4.04158 8.04567 4.05683 8.07142 4.04158 8.19361 4.04158 8.17479 4.04158 8.13444 4.04158 8.01608 4.04158 7.98649 4.04158 7.96876 4.04158 7.83854 4.04158 7.82933 4.07207 7.83497 4.07207 7.95319 4.10256 8.33724 4.10256 8.30788 4.10256 8.18965 4.10256 8.07142 4.10256 7.95319 4.10256 7.83497 4.13305 7.83497 4.16354 7.95319 4.10256 7.48029 4.16354 8.33724 4.16354 8.30788 4.16354 8.18965 4.16354 8.07142 4.04158 7.48492 4.04158 7.29483 4.04158 7.24383 4.05683 7.24383 4.04158 7.09748 4.04158 7.01003 4.05683 7.00738 4.04158 7.60182 4.07207 7.48029 4.10256 7.36206 4.16354 7.59851 4.16354 7.48029 4.16354 7.24383 4.04158 7.00738 4.04158 6.95085 4.07207 7.00738 4.04158 6.89167 4.07207 6.77093 4.04158 6.83249 4.04158 6.77331 4.5294 4.8793 4.28549 4.8793 4.22451 4.8793 4.22451 5.11575 4.16354 5.11575 4.10256 5.35221 4.08731 5.58866 4.08731 6.06157 4.08731 6.53447 4.08731 6.77093 4.08731 7.00738 4.04158 6.74684 4.04158 6.65495 4.04158 6.53659 4.10256 7.00738 4.10256 6.77093 4.10256 6.53447 4.10256 6.06157 4.10256 5.58866 4.16354 5.35221 4.22451 5.35221 4.28549 5.35221 4.5294 5.23464 4.22451 8.33724 4.22451 8.30788 4.22451 8.18965 4.22451 8.07142 4.22451 7.95319 4.22451 7.83497 4.22451 7.71674 4.22451 7.59851 4.22451 7.48029 4.22451 7.36206 4.16354 6.77093 4.22451 6.77093 4.16354 7.00738 4.22451 7.00738 4.22451 7.24383 4.35813 4.64285 4.5294 4.64285 4.5294 4.67684 4.13096 4.64285 4.16354 4.64285 4.22451 4.64285 4.26128 4.64285 4.5294 6.65495 4.5294 6.53659 4.5294 6.53447 4.5294 6.42733 4.5294 6.77331 4.5294 6.80483 4.5294 6.89167 4.5294 7.00738 4.0591 4.79745 4.05395 4.79739 4.06522 4.10457 4.12135 4.04174 4.12123 4.04179 4.11854 4.04158 4.12374 4.04158 4.12194 4.04165 4.12156 4.04169 4.12116 4.04187 4.12109 4.04201 4.11819 4.04166 4.12102 4.04254 4.11774 4.04192 4.12098 4.05311 4.10783 4.05293 4.12097 4.04465 4.11058 4.04975 4.11705 4.04251 4.12143 4.07428 4.12218 4.09113 4.12291 4.1031 4.12651 4.73026 4.11925 4.73026 4.12331 4.10877 4.11829 4.73581 4.11271 4.75539 4.10982 4.76063 4.10897 4.76162 4.10859 4.76185 4.10835 4.76191 4.12651 4.10877 4.14006 4.10877 4.13801 4.73026 4.15701 4.10877 4.15701 4.73026 4.10726 4.76126 4.10645 4.75996 4.10708 4.76015 4.10581 4.7584 4.1081 4.76189 4.10783 4.76177 4.09042 4.07963 4.09076 4.07945 4.09114 4.0794 4.09279 4.08063 4.09196 4.07977 4.09146 4.07948 4.09529 4.07401 4.09537 4.07384 4.09824 4.06761 4.10299 4.05944 4.08582 4.79569 4.08258 4.79711 4.078 4.79743 4.07209 4.10457 4.08973 4.79244 4.09055 4.79152 4.08558 4.10457 4.088 4.0921 4.08723 4.08949 4.0889 4.08236 4.08974 4.08044 4.05706 4.05089 4.0553 4.04224 4.05574 4.04396 4.05395 4.04158 4.05511 4.04189 4.0549 4.04171 4.05459 4.04158 4.07209 4.79742 4.0677 4.79745 4.05192 4.04158 4.0508 4.79745 4.04892 4.04158 4.04158 4.79745 4.04571 4.04158 4.04158 4.04158 4.19525 4.04619 4.19476 4.04199 4.19492 4.0418 4.19431 4.05143 4.19422 4.05135 4.19457 4.05096 4.19437 4.05146 4.19445 4.05146 4.19453 4.05144 4.1941 4.05116 4.1939 4.05037 4.19461 4.04235 4.19592 4.0422 4.19614 4.04389 4.19504 4.05075 4.19467 4.05134 4.19514 4.04168 4.19545 4.04162 4.19549 4.04162 4.19575 4.04179 4.19565 4.04168 4.19558 4.04163 4.17968 -21.3326 4.16199 -21.3326 4.16199 -21.331 4.18924 -21.3326 4.17968 -21.331 4.19211 -21.3311 4.17968 -21.3293 4.1946 -21.3295 4.19618 -21.3282 4.17968 -21.3277 4.19658 -21.3277 4.19381 -21.326 4.19715 -21.326 4.19709 -21.3267 4.16199 -21.3304 4.16199 -21.3277 4.16199 -21.3282 4.16199 -21.3293 4.16199 -21.326 4.17968 -21.326 4.19685 -21.3273 4.24506 4.04158 3.9931 4.04158 4.24506 4.04323 3.9931 4.04323 4.24506 4.04378 3.9931 4.04378 4.24506 4.04488 3.9931 4.04488 4.24506 4.04598 3.9931 4.04598 4.24506 4.04653 3.9931 4.04653 4.24506 4.04818 3.9931 4.04818 4.12536 -21.3286 4.12366 -21.3278 4.14216 -21.3277 4.12261 -21.3265 4.1226 -21.326 4.12278 -21.3269 4.13017 -21.326 4.12317 -21.3274 4.12859 -21.3294 4.14216 -21.3293 4.13568 -21.3306 4.14216 -21.331 4.14113 -21.3321 4.14218 -21.3325 4.14259 -21.3326 4.16199 -21.331 4.16199 -21.3326 4.16199 -21.3277 4.16199 -21.3282 4.16199 -21.3293 4.16199 -21.3304 4.16199 -21.326 4.14216 -21.326 7.48718 4.41854 7.48718 4.4724 7.4265 4.4724 7.60855 4.41854 7.60855 4.4724 7.54786 4.4724 7.91197 4.41854 7.90831 4.4724 7.80561 4.4724 8.02954 4.4724 7.96146 4.4724 7.97265 4.41854 6.57693 4.1089 6.57693 4.09543 6.69829 4.09543 6.61675 4.042 6.61865 4.042 6.57693 4.04158 6.63192 4.042 6.63382 4.042 6.69829 4.04158 6.78932 4.04263 6.81966 4.04263 6.81966 4.04284 6.75898 4.0786 6.75898 4.08197 6.69829 4.08197 7.30513 4.07524 7.30513 4.06851 7.4265 4.06851 7.18376 4.06851 7.30513 4.12236 7.0624 4.12236 7.0624 4.09543 6.69829 4.1089 6.69829 4.12236 6.57693 4.12236 6.81966 4.13582 6.81966 4.12236 6.94103 4.12236 6.75898 4.12236 8.03333 4.04495 8.03333 4.04831 7.97265 4.04158 7.91197 4.0786 7.91197 4.08197 7.85128 4.08197 8.27607 4.042 8.27607 4.04158 8.30641 4.04158 8.0485 4.04831 8.07885 4.05589 8.07885 4.05673 8.06367 4.05673 8.09402 4.04663 8.09402 4.04158 8.12436 4.04663 8.10919 4.05589 8.12436 4.05589 8.12436 4.05673 8.24573 4.05757 8.27607 4.05757 8.27607 4.05799 8.33675 4.05673 8.33675 4.05504 8.39744 4.05504 8.09402 4.08197 8.1547 4.08197 8.1547 4.0887 7.0624 4.17621 7.0624 4.14928 7.18376 4.14928 7.48718 4.20314 7.54786 4.20314 7.54786 4.25699 7.97265 4.20314 7.91197 4.20314 7.91197 4.14928 4.99915 4.04831 5.12108 4.05218 5.12052 4.05504 5.24189 4.05504 5.12052 4.20314 5.12052 4.25699 4.87779 4.25699 5.84872 4.17621 5.84872 4.20314 5.60599 4.20314 5.72736 4.1089 5.72736 4.12236 5.60599 4.12236 5.66667 4.05504 5.60599 4.05504 5.60599 4.04831 5.66667 4.04495 5.72736 4.04495 5.72736 4.04831 5.84872 4.04411 5.84872 4.04495 5.78804 4.04495 5.72736 4.08365 5.72736 4.08534 5.66667 4.08534 6.08983 4.04158 6.09146 4.04158 6.09146 4.04179 6.00043 4.042 5.97009 4.042 5.97009 4.0419 5.97009 4.08449 5.97009 4.08365 6.09146 4.08365 5.97009 4.12236 5.84872 4.12236 5.84872 4.1089 6.4859 4.042 6.45556 4.042 6.45556 4.0419 6.39488 4.04263 6.33419 4.04263 6.33419 4.04242 6.39488 4.04326 6.33419 4.04495 6.45556 4.41854 6.45556 4.4724 6.33419 4.4724 8.49372 4.38919 8.4944 4.38937 8.48846 4.39016 8.44254 4.45081 8.45137 4.46278 8.42778 4.45893 8.45828 4.46852 8.46542 4.4724 8.45812 4.4724 8.46171 4.04779 8.46169 4.04825 8.45812 4.04831 8.42338 4.07277 8.42334 4.07183 8.45812 4.06851 8.42334 4.07367 8.49169 4.06471 8.49126 4.06852 8.49123 4.06921 8.49123 4.06947 8.49564 4.05539 8.49513 4.05546 8.48971 4.05527 8.49469 4.05565 8.49422 4.05602 8.49385 4.05645 8.49311 4.05782 8.49244 4.06013 8.45812 4.06178 8.45812 4.05504 8.46176 4.04865 8.46202 4.04923 8.46309 4.05029 8.46873 4.05288 8.46542 4.04158 8.46375 4.04374 8.45812 4.04158 8.46237 4.04595 8.46183 4.04725 8.43209 4.4277 8.43551 4.43645 8.42778 4.44547 8.42334 4.40419 8.42342 4.40511 8.39744 4.41854 8.4237 4.40627 8.42433 4.40809 8.42778 4.41854 8.42389 4.3964 8.42342 4.39524 8.42778 4.39162 8.42357 4.3971 8.4235 4.39679 8.42345 4.39624 8.42365 4.39729 8.42379 4.39744 8.42436 4.39757 8.42662 4.39743 8.43565 4.39651 8.45812 4.39162 8.45812 4.39397 8.48846 4.36469 8.49014 4.36469 8.49013 4.36645 8.49036 4.37521 8.49119 4.3824 8.49226 4.38673 8.4927 4.38781 8.49311 4.38853 8.49022 4.35796 8.45812 4.35123 8.4903 4.35123 8.45812 4.33777 8.49043 4.34096 8.45812 4.3243 8.49061 4.3262 8.49076 4.30654 8.42334 4.07986 8.42334 4.08093 8.39744 4.08197 8.42334 4.07926 8.42334 4.07551 8.42334 4.07646 8.42334 4.07741 8.49139 4.07524 8.49141 4.07587 8.49156 4.08197 8.49157 4.08362 8.39744 4.09543 6.33419 4.41854 6.21282 4.4724 6.21282 4.41854 6.09146 4.4724 6.09146 4.41854 6.08983 4.4724 5.84872 4.41854 5.84872 4.4724 5.84794 4.4724 5.60599 4.41854 5.6049 4.4724 5.48462 4.41854 5.45184 4.4724 5.36325 4.41854 5.24189 4.4724 5.24189 4.41854 5.15935 4.4724 5.12052 4.4724 5.60599 4.36469 5.60599 4.33777 5.84872 4.36469 5.84872 4.33777 6.09146 4.36469 6.09146 4.33777 4.63505 4.36469 4.63505 4.31084 4.87779 4.36469 4.87779 4.31084 5.12052 4.36469 5.12052 4.31084 5.24189 4.36469 5.24189 4.31084 5.36325 4.36469 5.36325 4.31084 5.48462 4.36469 6.33419 4.17621 6.33419 4.16275 6.45556 4.16275 6.57693 4.17621 6.57693 4.20314 6.45556 4.20314 6.57693 4.25699 6.45556 4.25699 6.21282 4.16275 6.21282 4.17621 6.33419 4.20314 6.69829 4.14928 6.57693 4.15602 6.57693 4.14928 6.45556 4.15602 6.45556 4.14928 6.33419 4.14928 6.21282 4.14928 6.09146 4.25699 5.84872 4.25699 6.09146 4.14928 6.09146 4.16275 6.09146 4.17621 6.09146 4.20314 6.33419 4.25699 5.97009 4.08534 6.09146 4.08534 6.09146 4.0887 6.57693 4.08534 6.33419 4.05504 6.33419 4.04831 6.45556 4.04831 6.39488 4.04284 6.42522 4.04284 6.33419 4.04284 6.33419 4.04326 6.27351 4.04284 6.27351 4.04326 6.21282 4.04284 6.45556 4.04284 6.51624 4.04326 6.51624 4.04284 6.51624 4.04263 6.4859 4.04263 6.4859 4.04284 6.39488 4.0419 6.42522 4.0419 6.42522 4.042 6.4859 4.0419 6.51624 4.042 6.39488 4.04242 6.39488 4.042 6.36453 4.0419 6.09146 4.0419 6.21282 4.0419 6.21282 4.042 6.41309 4.04158 6.33419 4.04179 6.54658 4.042 6.51624 4.0419 6.54658 4.0419 6.36453 4.042 6.33419 4.0419 6.33419 4.04184 6.27351 4.0419 6.33419 4.042 6.27351 4.042 6.27351 4.04242 6.27351 4.04263 6.09146 4.042 6.21282 4.04242 6.09146 4.04263 6.09146 4.04242 6.21282 4.04263 6.09146 4.04495 6.21282 4.04326 6.09146 4.04326 6.09146 4.04284 6.57693 4.08197 6.09146 4.08197 6.57693 4.0786 6.09146 4.0786 6.57693 4.07524 6.09146 4.07524 6.57693 4.06851 6.33419 4.09543 6.33419 4.1089 6.21282 4.1089 6.21282 4.12909 6.09146 4.12909 6.09146 4.12236 5.97009 4.1089 5.84872 4.09543 6.33419 4.12909 6.21282 4.12236 6.09146 4.1089 5.97009 4.09543 5.84872 4.0887 5.97009 4.08281 5.97009 4.08197 5.97009 4.08029 5.97009 4.0786 5.84872 4.07524 5.97009 4.06851 5.97009 4.06178 6.09146 4.06851 6.09146 4.05504 6.09146 4.04831 6.03077 4.0419 6.03077 4.04184 5.97009 4.04242 5.97009 4.04326 6.03077 4.042 6.00043 4.0419 5.97009 4.04184 5.90941 4.04242 5.90941 4.042 5.93975 4.042 5.90941 4.0419 5.93975 4.0419 5.84872 4.04242 5.84872 4.042 5.87906 4.042 5.84872 4.0419 5.87906 4.0419 5.90941 4.04326 5.97009 4.04411 5.90941 4.04411 5.97009 4.04495 5.90941 4.04495 5.97009 4.04831 5.84872 4.04831 5.97009 4.05504 5.84872 4.05504 5.90941 4.06178 5.84872 4.06178 5.90941 4.06851 5.84872 4.06851 5.84872 4.08534 5.78804 4.08365 5.84872 4.08449 5.84872 4.08365 5.78804 4.0786 5.84872 4.0786 5.78804 4.08029 5.84872 4.08029 5.78804 4.08197 5.84872 4.08197 5.84872 4.08281 5.72736 4.0786 5.72736 4.08029 5.72736 4.08197 5.72736 4.0887 5.60599 4.0887 5.60599 4.08534 5.66667 4.07524 5.72736 4.07524 5.69701 4.0786 5.63633 4.08197 5.66667 4.08197 5.66667 4.08365 5.78804 4.06851 5.72736 4.05504 5.7577 4.06178 5.72736 4.06178 5.7577 4.06851 5.84872 4.04326 5.78804 4.0419 5.78804 4.042 5.72736 4.042 5.78804 4.04179 5.72736 4.04326 5.72736 4.04242 5.78804 4.04326 5.78804 4.04242 5.90941 4.04179 5.84872 4.04179 5.81838 4.0419 5.81838 4.042 5.97009 4.04179 5.60599 4.04495 5.66667 4.04831 5.78804 4.05504 5.72736 4.06851 5.69701 4.06178 5.60599 4.06851 5.66667 4.06851 5.63633 4.07524 5.60599 4.09543 5.72736 4.09543 6.33419 4.04158 5.60599 4.25699 5.36325 4.20314 5.36325 4.25699 5.24189 4.25699 5.48462 4.08197 5.5453 4.08197 5.48462 4.08534 5.48462 4.0887 5.36325 4.06851 5.48462 4.06178 5.48462 4.06851 5.5453 4.06851 5.5453 4.07524 5.60599 4.07524 5.60599 4.08197 5.63633 4.0786 5.66667 4.0786 5.69701 4.08197 5.36325 4.09543 5.36325 4.0887 5.36325 4.08197 5.48462 4.07524 5.48462 4.05504 5.36325 4.05504 5.36393 4.05465 5.6049 4.04158 5.60599 4.04326 5.48462 4.04158 5.48462 4.04831 5.39695 4.04158 5.78804 4.06178 5.69701 4.06851 5.66667 4.06178 5.60599 4.06178 5.5453 4.05504 4.99915 4.06851 5.12052 4.07524 5.12052 4.08197 5.36325 4.07524 5.24189 4.04831 5.36325 4.12236 5.12052 4.09543 5.12052 4.14928 4.87779 4.14928 4.87779 4.09543 4.87774 4.04837 4.99915 4.05504 5.12052 4.06851 5.36325 4.06178 4.63505 4.11028 4.63505 4.08197 4.75642 4.08197 4.69573 4.06851 4.75642 4.06851 4.69573 4.05504 4.75642 4.05504 4.69573 4.04831 4.63505 4.04474 4.63505 4.05325 4.63505 4.05504 4.63505 4.06851 4.87779 4.06851 4.87779 4.08197 4.63505 4.16229 5.5453 4.06178 5.12411 4.04158 4.63505 4.25699 5.36325 4.14928 5.60599 4.14928 5.84872 4.14928 5.66667 4.04326 5.72736 4.04179 5.84872 4.04158 5.78561 4.04158 5.72736 4.04158 5.60599 4.04158 5.97009 4.04158 6.03077 4.04179 6.09146 4.04184 6.42522 4.04263 8.03333 4.23006 8.1547 4.20314 8.1547 4.25699 7.7906 4.12236 7.7906 4.14928 7.7906 4.20314 7.7906 4.23006 7.18376 4.25699 7.18376 4.20314 7.30513 4.25699 7.30513 4.20314 7.36581 4.25699 7.36581 4.20314 7.4265 4.25699 7.4265 4.20314 7.48718 4.25699 6.81966 4.25699 6.69829 4.25699 6.69829 4.20314 6.81966 4.20314 6.69829 4.17621 6.81966 4.17621 6.69829 4.16275 6.81966 4.16275 7.0624 4.20314 6.81966 4.14928 6.69829 4.15602 6.57693 4.16275 7.66923 4.09543 7.66923 4.12236 7.66923 4.14928 7.66923 4.20314 7.66923 4.25699 7.7906 4.09543 7.91197 4.09543 7.91197 4.12236 8.03333 4.12236 7.97265 4.14928 8.03333 4.14928 8.03333 4.20314 8.27607 4.31084 8.27607 4.25699 8.27607 4.20314 8.1547 4.14928 8.27607 4.14928 8.1547 4.12236 8.27607 4.12236 8.1547 4.09543 8.27607 4.09543 8.21538 4.08197 8.27607 4.08197 8.39744 4.07187 8.39744 4.07524 8.27607 4.07524 8.21538 4.07524 8.1547 4.07524 8.09402 4.07524 8.03333 4.07524 8.03333 4.07187 8.43391 4.06618 8.4337 4.06631 8.43285 4.06664 8.434 4.06593 8.43403 4.06598 8.43402 4.06604 8.43399 4.0661 8.43389 4.06585 8.43325 4.06572 8.42581 4.06658 8.42397 4.06716 8.42341 4.06749 8.42336 4.06756 8.39744 4.06851 8.42353 4.06739 8.39744 4.05841 8.39744 4.06178 8.33675 4.06851 8.27607 4.07187 8.21538 4.07187 8.1547 4.07187 8.42334 4.06762 8.42334 4.06765 8.4234 4.06786 8.42354 4.06799 8.42375 4.06805 8.42413 4.06807 8.42334 4.07277 8.33675 4.06178 8.27607 4.06851 8.21538 4.06851 8.1547 4.06851 8.09402 4.06851 8.27607 4.05925 8.33675 4.05841 8.33675 4.06009 8.39744 4.04831 8.33675 4.04831 8.39744 4.04495 8.39712 4.04158 8.33675 4.04495 8.21538 4.04326 8.27607 4.04326 8.27607 4.04495 8.30641 4.04326 8.33675 4.04326 8.33675 4.04242 8.27607 4.05673 8.27607 4.05504 8.27607 4.05168 8.27607 4.04831 8.27607 4.06009 8.24573 4.05925 8.21538 4.06009 8.13953 4.05925 8.1547 4.05925 8.1547 4.06009 8.18504 4.05925 8.21538 4.05925 8.27607 4.06178 8.21538 4.06178 8.24573 4.05673 8.21538 4.05673 8.21538 4.05504 8.30641 4.04242 8.27607 4.04242 8.24573 4.04242 8.21538 4.04242 8.25676 4.04158 8.24573 4.042 8.21538 4.04158 8.1547 4.06178 8.12436 4.06178 8.12436 4.06009 8.12436 4.05925 8.10919 4.05925 8.10919 4.05841 8.12436 4.05883 8.12436 4.05841 8.13953 4.05883 8.13953 4.05841 8.1547 4.05883 8.1547 4.05841 8.18504 4.05883 8.18504 4.05841 8.21538 4.05883 8.21538 4.05841 8.24573 4.05841 8.10919 4.05757 8.12436 4.05715 8.12436 4.05757 8.13953 4.05715 8.13953 4.05757 8.1547 4.05757 8.10919 4.05799 8.12436 4.05799 8.13953 4.05799 8.1547 4.05799 8.18504 4.05799 8.21538 4.05799 8.18504 4.05757 8.1547 4.05673 8.13953 4.05673 8.09402 4.05715 8.09402 4.05673 8.10919 4.05673 8.09402 4.05589 8.24573 4.05799 8.21538 4.05757 8.18504 4.05673 8.1547 4.05504 8.12436 4.05504 8.27607 4.05841 8.09402 4.06009 8.09402 4.06178 8.1547 4.05 8.1547 4.05168 8.12436 4.05 8.09402 4.05168 8.09402 4.05504 8.07885 4.05504 8.1547 4.04663 8.1547 4.04495 8.12436 4.04158 8.1547 4.04158 8.10919 4.05715 8.09402 4.05757 8.07885 4.05757 8.09402 4.05799 8.07885 4.05841 8.06367 4.05757 8.07885 4.05715 8.08643 4.05673 8.08643 4.05589 8.09402 4.05841 8.09402 4.05925 8.06367 4.06178 8.06367 4.05841 8.03333 4.05841 8.0485 4.05673 8.03333 4.06178 8.06367 4.05589 8.07885 4.05168 8.07885 4.05 8.09402 4.05 8.06367 4.05168 8.06367 4.05 8.1547 4.04831 8.12436 4.04915 8.12436 4.04831 8.09402 4.04915 8.09402 4.04831 8.07885 4.04915 8.07885 4.04831 8.06367 4.04915 8.06367 4.04831 8.0485 4.05504 8.03333 4.05504 8.33675 4.04158 7.7906 4.0887 7.85128 4.0887 7.91197 4.0887 7.97265 4.08197 7.97265 4.07524 8.03333 4.08197 8.03333 4.0887 8.03333 4.09543 8.06367 4.06851 8.03333 4.06851 7.85128 4.07524 7.91197 4.07524 7.85128 4.0786 7.7906 4.08197 7.66923 4.08197 7.7906 4.07524 7.97265 4.06851 8.03333 4.05673 8.0485 4.05589 8.06367 4.05504 7.91197 4.06851 8.0485 4.04495 8.03333 4.04158 7.91197 4.05504 7.85128 4.04831 7.91197 4.04831 7.90252 4.04158 7.81525 4.04831 7.8162 4.04831 7.7906 4.05504 7.81715 4.04831 7.82094 4.04831 7.85128 4.05504 7.91197 4.05841 7.91197 4.06178 7.85128 4.06178 7.85128 4.06851 7.7906 4.06178 7.7906 4.06851 7.72992 4.06178 7.66923 4.06851 7.66923 4.06178 7.54786 4.06851 7.66923 4.04831 7.7906 4.04831 7.72992 4.05504 7.75268 4.04158 7.81691 4.04831 7.81667 4.04831 7.81335 4.04831 7.80577 4.04831 8.07885 4.04663 8.06367 4.04495 8.06367 4.04158 8.0455 4.04158 7.30513 4.09543 7.54786 4.09543 7.4265 4.12236 7.54786 4.12236 7.54786 4.14928 7.30513 4.14928 7.4265 4.14928 6.09146 4.14255 6.21282 4.14255 6.33419 4.14255 6.45556 4.14255 6.57693 4.14255 6.69829 4.14255 4.69573 4.04495 4.75642 4.04831 4.87779 4.05504 5.84872 4.13582 6.09146 4.13582 6.21282 4.13582 6.33419 4.13582 6.45556 4.13582 6.57693 4.13582 6.69829 4.13582 7.0624 4.25699 6.94103 4.20314 6.94103 4.17621 6.94103 4.14928 6.75898 4.1089 7.66923 4.07524 7.54786 4.07524 7.4265 4.07524 7.54786 4.08197 7.4265 4.08197 7.30513 4.08197 7.18376 4.08197 7.18376 4.07524 7.0624 4.07524 7.0624 4.06851 7.0624 4.08197 7.85128 4.05841 7.7906 4.05841 7.72992 4.05841 7.66923 4.05841 7.54786 4.06178 7.66923 4.05504 7.54786 4.05504 7.54786 4.04831 7.4265 4.05504 7.4265 4.04831 7.30513 4.05504 7.30513 4.04831 7.18376 4.05504 7.18376 4.04831 7.0624 4.05504 7.0624 4.04831 6.94103 4.08534 6.94103 4.0887 6.91069 4.08534 6.88034 4.0887 6.88034 4.08534 6.88034 4.08365 6.91069 4.08365 6.91069 4.08197 6.94103 4.08197 6.94103 4.0786 6.88034 4.09543 6.94103 4.09543 6.97137 4.0887 6.97137 4.08197 6.81966 4.0887 6.97137 4.07524 7.00171 4.06851 7.00171 4.07524 7.00171 4.08197 7.00171 4.0887 7.00171 4.09543 6.94103 4.1089 6.88034 4.1089 6.81966 4.1089 6.94103 4.06178 6.97137 4.06851 6.94103 4.06851 6.94103 4.07524 6.91069 4.0786 6.88034 4.08197 6.85 4.08197 6.85 4.08365 6.81966 4.08281 6.81966 4.08365 6.81966 4.08449 6.69829 4.08449 6.69829 4.08534 6.57693 4.08449 6.33419 4.08449 6.09146 4.08449 6.33419 4.08365 6.57693 4.08365 6.69829 4.08365 6.81966 4.09543 6.75898 4.09543 6.69829 4.0887 6.57693 4.0887 6.69829 4.08281 6.81966 4.08534 6.85 4.06178 6.88034 4.06851 6.85 4.06851 6.88034 4.07524 6.85 4.07524 6.85 4.0786 6.81966 4.0786 6.81966 4.08197 6.81966 4.07524 6.81966 4.06851 6.81966 4.06178 6.94103 4.04831 7.00171 4.04831 6.94103 4.05504 7.00171 4.05504 7.00171 4.06178 7.00171 4.04158 7.05968 4.04158 6.85 4.04284 6.81966 4.04495 6.88034 4.04495 6.81966 4.04831 6.88034 4.04831 6.88034 4.05504 6.09146 4.09543 6.88034 4.0786 6.91069 4.07524 6.91069 4.06851 6.91069 4.06178 6.91069 4.05504 6.91069 4.04831 6.94103 4.04495 6.69829 4.0786 6.69829 4.07524 6.75898 4.07524 6.69829 4.06851 6.75898 4.06851 6.69829 4.06178 6.75898 4.06178 6.69829 4.05504 6.81966 4.05504 6.88034 4.04326 6.85 4.04326 6.81966 4.04326 6.78932 4.04284 6.75898 4.04242 6.75898 4.04221 6.78932 4.04221 6.81963 4.04184 6.75897 4.04163 6.63761 4.04284 6.62434 4.042 6.78932 4.04326 6.62623 4.042 6.63761 4.0419 6.63761 4.042 6.63571 4.042 6.61485 4.042 6.61106 4.042 6.60727 4.0419 6.63002 4.042 6.62813 4.042 6.62244 4.042 6.62054 4.042 6.66795 4.042 6.60727 4.042 6.60348 4.042 6.85 4.04242 6.88034 4.04158 6.88034 4.04242 6.94103 4.04158 6.81965 4.042 6.81966 4.04221 6.81966 4.04242 6.79252 4.04158 6.81964 4.04179 6.81965 4.04189 6.78932 4.042 6.81966 4.04158 6.88034 4.06178 7.30215 4.04158 7.18376 4.04495 7.15207 4.04158 7.0624 4.04495 7.0624 4.04158 7.91197 4.04158 6.33419 4.12236 7.66923 4.04158 7.54936 4.04158 7.35444 4.04158 6.81966 4.14255 8.36709 4.4724 8.33675 4.4724 8.36709 4.46566 8.33675 4.46566 8.39323 4.4724 8.39744 4.45893 8.39744 4.4724 8.45385 4.4724 8.45809 4.46838 8.36709 4.45893 8.33675 4.45893 8.27607 4.45893 8.30641 4.45893 8.30641 4.46566 8.33675 4.44547 8.36709 4.44547 8.39744 4.44547 8.27607 4.44547 8.21538 4.44547 8.1547 4.41854 8.36709 4.41854 8.33675 4.41854 8.27607 4.41854 8.42778 4.36469 8.45812 4.36469 8.47589 4.39178 8.41261 4.39162 8.39744 4.39162 8.39744 4.36469 8.36709 4.39162 8.36709 4.36469 8.33675 4.36469 8.27607 4.36469 8.1547 4.36469 8.32779 4.4724 8.30641 4.4724 8.27607 4.4724 8.21538 4.4724 8.1547 4.44547 8.03333 4.41854 8.03333 4.36469 8.10935 4.4724 7.97265 4.36469 7.91197 4.31084 7.91197 4.36469 7.7906 4.41854 7.61359 4.4724 8.42334 4.39046 8.41261 4.36469 8.39744 4.35123 8.33675 4.33777 8.45812 4.35796 8.42778 4.35123 8.49152 4.09543 8.49143 4.12236 8.39744 4.12236 8.49138 4.14928 8.39744 4.14928 8.49128 4.20312 8.39744 4.20314 8.49106 4.25698 8.39744 4.25699 8.39744 4.31084 8.39744 4.3243 8.39744 4.33777 8.42337 4.07646 8.27607 4.33777 8.1547 4.31084 8.03333 4.31084 8.03333 4.25699 7.97265 4.25699 7.97265 4.23006 8.1547 4.4724 7.97265 4.31084 7.91197 4.25699 7.91197 4.23006 7.7906 4.25699 7.7906 4.31084 7.7906 4.36469 7.66923 4.41854 7.66923 4.31084 7.66923 4.36469 7.60855 4.36469 7.54786 4.41854 7.54461 4.4724 7.4265 4.41854 7.41811 4.4724 7.36581 4.41854 7.30215 4.4724 7.30513 4.41854 7.21219 4.4724 7.18376 4.41854 7.18376 4.4724 7.0624 4.4724 7.0624 4.41854 7.05968 4.4724 6.94103 4.41854 6.94103 4.4724 6.81966 4.41854 6.85199 4.4724 6.81966 4.4724 6.69829 4.4724 6.69829 4.41854 6.57693 4.4724 6.57693 4.41854 6.57476 4.4724 6.46489 4.4724 7.18376 4.36469 7.18376 4.31084 7.30513 4.36469 7.30513 4.31084 7.36581 4.36469 7.36581 4.31084 7.4265 4.36469 7.4265 4.31084 7.48718 4.36469 7.48718 4.31084 7.54786 4.36469 7.54786 4.31084 6.94103 4.31084 6.94103 4.36469 6.81966 4.33777 6.81966 4.36469 6.69829 4.33777 6.69829 4.36469 6.57693 4.33777 6.57693 4.36469 6.45556 4.33777 6.45556 4.36469 6.33419 4.33777 6.33419 4.36469 6.21282 4.36469 7.0624 4.31084 7.0624 4.36469 6.94103 4.25699 6.94103 4.28391 6.81966 4.28391 6.81966 4.31084 6.69829 4.28391 6.69829 4.31084 6.57693 4.28391 6.57693 4.31084 6.45556 4.28391 6.45556 4.31084 6.33419 4.28391 6.33419 4.31084 6.09146 4.28391 6.09146 4.31084 5.84872 4.31084 5.60599 4.31084 4.90338 4.4724 4.87751 4.4724 4.66991 4.4724 4.63505 4.4724 4.75628 4.04158 4.87834 4.04158 4.75642 4.04495 4.87772 4.04568 4.63505 4.04158 6.69829 4.12909 6.57693 4.12909 4.19192 4.04158 4.18896 4.04158 4.18941 4.04158 4.1869 4.04158 4.05927 -21.3326 4.04158 -21.3326 4.04158 -21.331 4.06883 -21.3326 4.05927 -21.331 4.0717 -21.3311 4.05927 -21.3293 4.07419 -21.3295 4.07577 -21.3282 4.05927 -21.3277 4.07617 -21.3277 4.0734 -21.326 4.07674 -21.326 4.07668 -21.3267 4.04158 -21.3304 4.04158 -21.3277 4.04158 -21.3282 4.04158 -21.3293 4.04158 -21.326 4.05927 -21.326 4.07644 -21.3273 4.02016 4.06137 4.27211 4.06137 4.02016 4.05972 4.27211 4.05972 4.02016 4.05917 4.27211 4.05917 4.02016 4.05807 4.27211 4.05807 4.02016 4.05697 4.27211 4.05697 4.02016 4.05642 4.27211 4.05642 4.02016 4.05477 4.27211 4.05477 4.24577 -21.3286 4.24407 -21.3278 4.26257 -21.3277 4.24302 -21.3265 4.24301 -21.326 4.24319 -21.3269 4.25057 -21.326 4.24358 -21.3274 4.24899 -21.3294 4.26259 -21.3325 4.26154 -21.3321 4.26257 -21.331 4.25609 -21.3306 4.26257 -21.3293 4.26299 -21.3326 4.28239 -21.331 4.28239 -21.3326 4.28239 -21.3277 4.28239 -21.3282 4.28239 -21.3293 4.28239 -21.3304 4.26257 -21.326 4.26949 -21.326 4.28239 -21.326 4.02425 4.07428 4.01362 4.06491 4.03347 4.07004 4.02572 4.07514 4.0892 4.07793 4.05761 4.07919 4.31215 4.06012 4.31187 4.06073 4.30366 4.06576 4.31067 4.06296 4.30919 4.06502 4.04335 4.08005 4.04049 4.0799 4.28501 4.07268 4.28543 4.07004 4.30045 4.07098 4.30638 4.06783 4.23795 4.07506 4.18143 4.07654 4.12059 4.07722 4.14442 4.03005 4.14575 4.02934 4.14574 4.02935 4.1471 4.0287 4.0382 4.05344 4.03608 4.05473 4.03608 4.05472 4.03388 4.05586 4.06279 4.04158 4.06031 4.04161 4.06031 4.04158 4.05783 4.04158 4.19505 4.03997 4.1968 4.04049 4.18715 4.04476 4.19846 4.0417 4.19853 4.04184 4.19864 4.04227 4.19697 4.04334 4.19865 4.0424 4.03131 4.05691 4.05937 4.05337 4.08566 4.05111 4.09433 4.04854 4.11108 4.04876 4.11289 4.04598 4.13251 4.04736 4.1466 4.04187 4.1682 4.04603 4.16489 4.04013 4.18517 4.03919 4.1986 4.04254 4.19859 4.04257 4.19835 4.04279 4.19774 4.04097 4.19833 4.04151 4.14442 4.03005 4.14575 4.02934 4.14574 4.02935 4.1471 4.0287 4.03444 4.05107 4.03282 4.05276 4.03282 4.05275 4.03109 4.05434 4.07234 4.04158 4.06999 4.04162 4.06999 4.04158 4.06764 4.04158 4.07981 4.04619 4.07933 4.04199 4.07949 4.0418 4.07887 4.05143 4.07879 4.05135 4.07914 4.05096 4.07894 4.05146 4.07902 4.05146 4.07909 4.05144 4.07867 4.05116 4.07847 4.05037 4.07918 4.04235 4.08049 4.0422 4.0807 4.04389 4.07961 4.05075 4.07924 4.05134 4.0797 4.04168 4.08002 4.04162 4.08006 4.04162 4.08032 4.04179 4.08022 4.04168 4.08014 4.04163 4.17563 4.04158 4.17413 4.04161 4.17413 4.04158 4.17262 4.04158 3.99451 4.02973 3.98388 4.02036 4.00373 4.02549 3.99598 4.03059 4.05946 4.03337 4.02787 4.03464 4.2824 4.01557 4.28213 4.01618 4.27392 4.02121 4.28093 4.01841 4.27945 4.02047 4.01361 4.0355 4.01075 4.03535 4.25526 4.02813 4.25568 4.02549 4.27071 4.02643 4.27663 4.02328 4.20821 4.0305 4.15168 4.03199 4.09084 4.03267 3.99304 4.05405 3.99138 4.05627 3.98429 4.04488 3.98661 4.04165 3.9857 4.04137 3.97921 4.04028 3.99063 4.04358 3.99118 4.044 3.99226 4.04509 3.99326 4.04707 3.99361 4.05218 4.04158 4.01329 4.04158 4.08678 4.06357 4.01329 4.06357 4.08678 4.08556 4.01329 4.08556 4.08678 4.10754 4.01329 4.10754 4.08678 4.12953 4.01329 4.12953 4.08678 4.15152 4.01329 4.15152 4.08678 4.1735 4.01329 4.1735 4.08678 4.19549 4.01329 4.19549 4.08678 4.21748 4.01329 4.21748 4.08678 4.23947 4.01329 4.23947 4.08678 4.26145 4.01329 4.26145 4.08678 4.28344 4.01329 4.28344 4.08678 4.04158 4.01329 4.04158 4.08678 4.05917 4.01329 4.05917 4.08678 4.07676 4.01329 4.07676 4.08678 4.09435 4.01329 4.09435 4.08678 4.11194 4.01329 4.11194 4.08678 4.12953 4.01329 4.12953 4.08678 4.14712 4.01329 4.14712 4.08678 4.16471 4.01329 4.16471 4.08678 4.1823 4.01329 4.1823 4.08678 4.19989 4.01329 4.19989 4.08678 4.21748 4.01329 4.21748 4.08678 4.23507 4.01329 4.23507 4.08678 4.25266 4.01329 4.25266 4.08678 4.05917 4.01329 4.05917 4.08678 4.07676 4.01329 4.07676 4.08678 4.09435 4.01329 4.09435 4.08678 4.11194 4.01329 4.11194 4.08678 4.12953 4.01329 4.12953 4.08678 4.14712 4.01329 4.14712 4.08678 4.16471 4.01329 4.16471 4.08678 4.1823 4.01329 4.1823 4.08678 4.19989 4.01329 4.19989 4.08678 4.21748 4.01329 4.21748 4.08678 4.23507 4.01329 4.23507 4.08678 7.60855 4.41854 7.60855 4.4724 7.54786 4.4724 7.91197 4.41854 7.91197 4.4724 7.80561 4.4724 8.02954 4.4724 7.96146 4.4724 7.97265 4.41854 6.57693 4.1089 6.57693 4.09543 6.69829 4.09543 6.61675 4.042 6.61865 4.042 6.57693 4.04158 6.63192 4.042 6.63382 4.042 6.69829 4.04158 6.78932 4.04263 6.81966 4.04263 6.81966 4.04284 6.94103 4.06178 6.94103 4.05504 7.00171 4.05504 6.75898 4.0786 6.75898 4.08197 6.69829 4.08197 7.30513 4.07524 7.30513 4.06851 7.4265 4.06851 7.18376 4.06851 7.30513 4.12236 7.0624 4.12236 7.0624 4.09543 6.69829 4.1089 6.69829 4.12236 6.57693 4.12236 6.81966 4.13582 6.81966 4.12236 6.94103 4.12236 6.75898 4.12236 8.03333 4.04831 8.03333 4.05504 7.97265 4.04158 7.91197 4.0786 7.91197 4.08197 7.85128 4.08197 8.27607 4.042 8.27607 4.04158 8.30641 4.04158 8.0485 4.05504 8.07885 4.05589 8.07885 4.05673 8.06367 4.05673 8.09402 4.04663 8.09402 4.04158 8.12436 4.04663 8.10919 4.05589 8.12436 4.05589 8.12436 4.05673 8.1547 4.05 8.1547 4.04831 8.27607 4.04831 8.33675 4.05673 8.33675 4.05504 8.39744 4.05504 8.09402 4.08197 8.1547 4.08197 8.1547 4.0887 7.0624 4.17621 7.0624 4.14928 7.18376 4.14928 7.48718 4.20314 7.54786 4.20314 7.54786 4.25699 7.97265 4.20314 7.91197 4.20314 7.91197 4.14928 4.99915 4.04831 5.12108 4.05218 5.12052 4.05504 5.24189 4.05504 5.12052 4.20314 5.12052 4.25699 4.87779 4.25699 5.84872 4.17621 5.84872 4.20314 5.60599 4.20314 5.72736 4.1089 5.72736 4.12236 5.60599 4.12236 5.66667 4.05504 5.60599 4.05504 5.60599 4.04831 5.66667 4.04495 5.72736 4.04495 5.72736 4.04831 5.84872 4.04411 5.84872 4.04495 5.78804 4.04495 5.72736 4.08365 5.72736 4.08534 5.66667 4.08534 6.00043 4.042 5.97009 4.042 5.97009 4.0419 5.97009 4.08449 5.97009 4.08365 6.09146 4.08365 5.97009 4.12236 5.84872 4.12236 5.84872 4.1089 6.4859 4.042 6.45556 4.042 6.45556 4.0419 6.39488 4.04263 6.33419 4.04263 6.33419 4.04242 6.39488 4.04326 6.33419 4.04495 8.49372 4.38919 8.4944 4.38937 8.48846 4.39016 8.44254 4.45081 8.45137 4.46278 8.42778 4.45893 8.46171 4.04779 8.46169 4.04825 8.45812 4.04831 8.42334 4.07367 8.49139 4.07524 8.39744 4.07524 8.42334 4.07277 8.39744 4.07187 8.39744 4.06851 8.42334 4.07183 8.45812 4.06851 8.42338 4.07277 8.49169 4.06471 8.49126 4.06852 8.49123 4.06921 8.49123 4.06947 8.49564 4.05539 8.49513 4.05546 8.48971 4.05527 8.49469 4.05565 8.49422 4.05602 8.49385 4.05645 8.49311 4.05782 8.49244 4.06013 8.45812 4.06178 8.45812 4.05504 8.46176 4.04865 8.46202 4.04923 8.46309 4.05029 8.46873 4.05288 8.46542 4.04158 8.46375 4.04374 8.45812 4.04158 8.46237 4.04595 8.46183 4.04725 8.46542 4.4724 8.45812 4.4724 8.45828 4.46852 8.45809 4.46838 8.43209 4.4277 8.43551 4.43645 8.42778 4.44547 8.42334 4.40419 8.42342 4.40511 8.39744 4.41854 8.4237 4.40627 8.42433 4.40809 8.42778 4.41854 8.42389 4.3964 8.42342 4.39524 8.42778 4.39162 8.42357 4.3971 8.4235 4.39679 8.42345 4.39624 8.42365 4.39729 8.42379 4.39744 8.42436 4.39757 8.42662 4.39743 8.43565 4.39651 8.45812 4.39162 8.45812 4.39397 8.48846 4.36469 8.49014 4.36469 8.49013 4.36645 8.49036 4.37521 8.49119 4.3824 8.49226 4.38673 8.4927 4.38781 8.49311 4.38853 8.49022 4.35796 8.45812 4.35123 8.4903 4.35123 8.45812 4.33777 8.49043 4.34096 8.45812 4.3243 8.49061 4.3262 8.49076 4.30654 8.42334 4.07986 8.42334 4.08093 8.39744 4.08197 8.42334 4.07926 8.42334 4.07551 8.42334 4.07646 8.42334 4.07741 8.49141 4.07587 8.49156 4.08197 8.49157 4.08362 8.39744 4.09543 6.57693 4.4724 6.46489 4.4724 6.45556 4.41854 6.45556 4.4724 6.33419 4.4724 6.33419 4.41854 6.21282 4.4724 6.21282 4.41854 6.09146 4.4724 6.09146 4.41854 5.84872 4.4724 5.84872 4.41854 5.84794 4.4724 5.60599 4.41854 5.6049 4.4724 5.48462 4.41854 5.45184 4.4724 5.36325 4.41854 5.24189 4.4724 5.24189 4.41854 5.15935 4.4724 5.12052 4.4724 5.60599 4.36469 5.60599 4.33777 5.84872 4.36469 5.84872 4.33777 6.09146 4.36469 6.09146 4.33777 4.63505 4.36469 4.63505 4.31084 4.87779 4.36469 4.87779 4.31084 5.12052 4.36469 5.12052 4.31084 5.24189 4.36469 5.24189 4.31084 5.36325 4.36469 5.36325 4.31084 5.48462 4.36469 6.33419 4.17621 6.33419 4.16275 6.45556 4.16275 6.57693 4.17621 6.57693 4.20314 6.45556 4.20314 6.57693 4.25699 6.45556 4.25699 6.21282 4.16275 6.21282 4.17621 6.33419 4.20314 6.69829 4.14928 6.57693 4.15602 6.57693 4.14928 6.45556 4.15602 6.45556 4.14928 6.33419 4.14928 6.21282 4.14928 6.09146 4.25699 5.84872 4.25699 6.09146 4.14928 6.09146 4.16275 6.09146 4.17621 6.09146 4.20314 6.33419 4.25699 5.97009 4.08534 6.09146 4.08534 6.09146 4.0887 6.57693 4.08534 6.33419 4.05504 6.33419 4.04831 6.45556 4.04831 6.39488 4.04284 6.42522 4.04284 6.33419 4.04284 6.33419 4.04326 6.27351 4.04284 6.27351 4.04326 6.21282 4.04284 6.45556 4.04284 6.51624 4.04326 6.51624 4.04284 6.51624 4.04263 6.4859 4.04263 6.4859 4.04284 6.39488 4.0419 6.42522 4.0419 6.42522 4.042 6.4859 4.0419 6.51624 4.042 6.39488 4.04242 6.39488 4.042 6.36453 4.0419 6.09146 4.0419 6.21282 4.0419 6.21282 4.042 6.41309 4.04158 6.33419 4.04179 6.54658 4.042 6.51624 4.0419 6.54658 4.0419 6.36453 4.042 6.33419 4.0419 6.33419 4.04184 6.09146 4.04179 6.27351 4.0419 6.33419 4.042 6.27351 4.042 6.27351 4.04242 6.27351 4.04263 6.09146 4.042 6.21282 4.04242 6.09146 4.04263 6.09146 4.04242 6.21282 4.04263 6.09146 4.04495 6.21282 4.04326 6.09146 4.04326 6.09146 4.04284 6.57693 4.08197 6.09146 4.08197 6.57693 4.0786 6.09146 4.0786 6.57693 4.07524 6.09146 4.07524 6.57693 4.06851 6.33419 4.09543 6.33419 4.1089 6.21282 4.1089 6.21282 4.12909 6.09146 4.12909 6.09146 4.12236 5.97009 4.1089 5.84872 4.09543 6.33419 4.12909 6.21282 4.12236 6.09146 4.1089 5.97009 4.09543 5.84872 4.0887 5.97009 4.08281 5.97009 4.08197 5.97009 4.08029 5.97009 4.0786 5.84872 4.07524 5.97009 4.06851 5.97009 4.06178 6.09146 4.06851 6.09146 4.05504 6.09146 4.04831 6.03077 4.0419 6.03077 4.04184 5.97009 4.04242 5.97009 4.04326 6.03077 4.042 6.00043 4.0419 5.97009 4.04184 5.90941 4.04242 5.90941 4.042 5.93975 4.042 5.90941 4.0419 5.93975 4.0419 5.84872 4.04242 5.84872 4.042 5.87906 4.042 5.84872 4.0419 5.87906 4.0419 5.90941 4.04326 5.97009 4.04411 5.90941 4.04411 5.97009 4.04495 5.90941 4.04495 5.97009 4.04831 5.84872 4.04831 5.97009 4.05504 5.84872 4.05504 5.90941 4.06178 5.84872 4.06178 5.90941 4.06851 5.84872 4.06851 5.84872 4.08534 5.78804 4.08365 5.84872 4.08449 5.84872 4.08365 5.78804 4.0786 5.84872 4.0786 5.78804 4.08029 5.84872 4.08029 5.78804 4.08197 5.84872 4.08197 5.84872 4.08281 5.72736 4.0786 5.72736 4.08029 5.72736 4.08197 5.72736 4.0887 5.60599 4.0887 5.60599 4.08534 5.66667 4.07524 5.72736 4.07524 5.69701 4.0786 5.63633 4.08197 5.66667 4.08197 5.66667 4.08365 5.78804 4.06851 5.72736 4.05504 5.7577 4.06178 5.72736 4.06178 5.7577 4.06851 5.84872 4.04326 5.78804 4.0419 5.78804 4.042 5.72736 4.042 5.78804 4.04179 5.72736 4.04326 5.72736 4.04242 5.78804 4.04326 5.78804 4.04242 5.90941 4.04179 5.84872 4.04179 5.81838 4.0419 5.81838 4.042 5.97009 4.04179 5.60599 4.04495 5.66667 4.04831 5.78804 4.05504 5.72736 4.06851 5.69701 4.06178 5.60599 4.06851 5.66667 4.06851 5.63633 4.07524 5.60599 4.09543 5.72736 4.09543 6.09146 4.04158 6.33419 4.04158 5.60599 4.25699 5.36325 4.20314 5.36325 4.25699 5.24189 4.25699 5.48462 4.08197 5.5453 4.08197 5.48462 4.08534 5.48462 4.0887 5.36325 4.06851 5.48462 4.06178 5.48462 4.06851 5.5453 4.06851 5.5453 4.07524 5.60599 4.07524 5.60599 4.08197 5.63633 4.0786 5.66667 4.0786 5.69701 4.08197 5.36325 4.09543 5.36325 4.0887 5.36325 4.08197 5.48462 4.07524 5.48462 4.05504 5.36325 4.05504 5.36393 4.05465 5.78804 4.06178 5.69701 4.06851 5.66667 4.06178 5.60599 4.06178 5.5453 4.05504 5.48462 4.04831 5.60599 4.04326 4.99915 4.06851 5.12052 4.07524 5.12052 4.08197 5.36325 4.07524 5.24189 4.04831 5.36325 4.12236 5.12052 4.09543 5.12052 4.14928 4.87779 4.14928 4.87779 4.09543 4.87774 4.04837 4.99915 4.05504 5.12052 4.06851 5.36325 4.06178 4.63505 4.11028 4.63505 4.08197 4.75642 4.08197 4.69573 4.06851 4.75642 4.06851 4.69573 4.05504 4.75642 4.05504 4.69573 4.04831 4.63505 4.04474 4.63505 4.05325 4.63505 4.05504 4.63505 4.06851 4.87779 4.06851 4.87779 4.08197 4.63505 4.16229 5.5453 4.06178 5.39695 4.04158 5.12411 4.04158 4.63505 4.25699 5.36325 4.14928 5.60599 4.14928 5.84872 4.14928 5.66667 4.04326 5.72736 4.04179 5.84872 4.04158 5.78561 4.04158 5.72736 4.04158 5.60599 4.04158 5.48462 4.04158 5.97009 4.04158 6.03077 4.04179 6.09146 4.04184 6.42522 4.04263 8.03333 4.23006 8.1547 4.20314 8.1547 4.25699 7.7906 4.12236 7.7906 4.14928 7.7906 4.20314 7.7906 4.23006 7.18376 4.25699 7.18376 4.20314 7.30513 4.25699 7.30513 4.20314 7.36581 4.25699 7.36581 4.20314 7.4265 4.25699 7.4265 4.20314 7.48718 4.25699 6.81966 4.25699 6.69829 4.25699 6.69829 4.20314 6.81966 4.20314 6.69829 4.17621 6.81966 4.17621 6.69829 4.16275 6.81966 4.16275 7.0624 4.20314 6.81966 4.14928 6.69829 4.15602 6.57693 4.16275 7.66923 4.09543 7.66923 4.12236 7.66923 4.14928 7.66923 4.20314 7.66923 4.25699 7.7906 4.09543 7.91197 4.09543 7.91197 4.12236 8.03333 4.12236 7.97265 4.14928 8.03333 4.14928 8.03333 4.20314 8.27607 4.31084 8.27607 4.25699 8.27607 4.20314 8.1547 4.14928 8.27607 4.14928 8.1547 4.12236 8.27607 4.12236 8.1547 4.09543 8.27607 4.09543 8.21538 4.08197 8.27607 4.08197 8.27607 4.07524 8.21538 4.07524 8.1547 4.07524 8.09402 4.07524 8.03333 4.07524 8.03333 4.07187 8.4234 4.06786 8.42354 4.06799 8.42341 4.06749 8.42336 4.06756 8.42353 4.06739 8.39744 4.05841 8.39744 4.06178 8.33675 4.06851 8.27607 4.07187 8.21538 4.07187 8.1547 4.07187 8.42334 4.06762 8.42334 4.06765 8.4337 4.06631 8.43391 4.06618 8.42375 4.06805 8.42413 4.06807 8.43285 4.06664 8.434 4.06593 8.43403 4.06598 8.43402 4.06604 8.43399 4.0661 8.43389 4.06585 8.43325 4.06572 8.42581 4.06658 8.42397 4.06716 8.33675 4.06178 8.27607 4.06851 8.21538 4.06851 8.1547 4.06851 8.09402 4.06851 8.27607 4.05925 8.33675 4.05841 8.33675 4.06009 8.39744 4.04831 8.33675 4.04831 8.39744 4.04495 8.39712 4.04158 8.33675 4.04495 8.21538 4.04326 8.27607 4.04326 8.27607 4.04495 8.30641 4.04326 8.33675 4.04326 8.33675 4.04242 8.27607 4.06009 8.24573 4.05925 8.21538 4.06009 8.13953 4.05925 8.1547 4.05925 8.1547 4.06009 8.18504 4.05925 8.21538 4.05925 8.27607 4.06178 8.21538 4.06178 8.27607 4.05757 8.24573 4.05757 8.24573 4.05673 8.21538 4.05673 8.21538 4.05504 8.1547 4.05168 8.27607 4.05168 8.27607 4.05504 8.27607 4.05673 8.30641 4.04242 8.27607 4.04242 8.24573 4.04242 8.21538 4.04242 8.25676 4.04158 8.24573 4.042 8.21538 4.04158 8.1547 4.06178 8.12436 4.06178 8.12436 4.06009 8.12436 4.05925 8.10919 4.05925 8.10919 4.05841 8.12436 4.05883 8.12436 4.05841 8.13953 4.05883 8.13953 4.05841 8.1547 4.05883 8.1547 4.05841 8.18504 4.05883 8.18504 4.05841 8.21538 4.05883 8.21538 4.05841 8.24573 4.05841 8.10919 4.05757 8.12436 4.05715 8.12436 4.05757 8.13953 4.05715 8.13953 4.05757 8.1547 4.05757 8.10919 4.05799 8.12436 4.05799 8.13953 4.05799 8.1547 4.05799 8.18504 4.05799 8.21538 4.05799 8.24573 4.05799 8.27607 4.05841 8.27607 4.05799 8.18504 4.05757 8.1547 4.05673 8.13953 4.05673 8.09402 4.05715 8.09402 4.05673 8.10919 4.05673 8.09402 4.05589 8.21538 4.05757 8.18504 4.05673 8.1547 4.05504 8.12436 4.05504 8.09402 4.06009 8.09402 4.06178 8.09402 4.05 8.09402 4.04915 8.12436 4.04915 8.12436 4.05 8.09402 4.05168 8.09402 4.05504 8.07885 4.05504 8.1547 4.04663 8.1547 4.04495 8.12436 4.04158 8.1547 4.04158 8.10919 4.05715 8.09402 4.05757 8.07885 4.05757 8.09402 4.05799 8.07885 4.05841 8.06367 4.05757 8.07885 4.05715 8.08643 4.05673 8.08643 4.05589 8.09402 4.05841 8.09402 4.05925 8.06367 4.06178 8.06367 4.05841 8.03333 4.05841 8.0485 4.05673 8.03333 4.06178 8.06367 4.05589 8.07885 4.05 8.07885 4.04915 8.06367 4.05 8.06367 4.04915 8.06367 4.05168 8.33675 4.04158 7.7906 4.0887 7.85128 4.0887 7.91197 4.0887 7.97265 4.08197 7.97265 4.07524 8.03333 4.08197 8.03333 4.0887 8.03333 4.09543 8.06367 4.06851 8.03333 4.06851 7.85128 4.07524 7.91197 4.07524 7.85128 4.0786 7.7906 4.08197 7.66923 4.08197 7.7906 4.07524 7.97265 4.06851 8.03333 4.05673 8.0485 4.05589 8.06367 4.05504 8.07885 4.05168 7.91197 4.06851 8.06367 4.04831 8.0485 4.04831 8.0485 4.04495 8.03333 4.04495 8.03333 4.04158 8.02954 4.04158 8.12436 4.04831 8.09402 4.04831 8.07885 4.04831 7.91197 4.05504 7.85128 4.04831 7.91197 4.04831 7.90252 4.04158 7.81525 4.04831 7.8162 4.04831 7.7906 4.05504 7.81715 4.04831 7.82094 4.04831 7.85128 4.05504 7.91197 4.05841 7.91197 4.06178 7.85128 4.06178 7.85128 4.06851 7.7906 4.06178 7.7906 4.06851 7.72992 4.06178 7.66923 4.06851 7.66923 4.06178 7.54786 4.06851 7.66923 4.04831 7.7906 4.04831 7.72992 4.05504 7.75268 4.04158 7.81691 4.04831 7.81667 4.04831 7.81335 4.04831 7.80577 4.04831 8.07885 4.04663 8.06367 4.04495 8.06367 4.04158 8.0455 4.04158 7.30513 4.09543 7.54786 4.09543 7.4265 4.12236 7.54786 4.12236 7.54786 4.14928 7.30513 4.14928 7.4265 4.14928 6.09146 4.14255 6.21282 4.14255 6.33419 4.14255 6.45556 4.14255 6.57693 4.14255 6.69829 4.14255 4.69573 4.04495 4.75642 4.04831 4.87779 4.05504 5.84872 4.13582 6.09146 4.13582 6.21282 4.13582 6.33419 4.13582 6.45556 4.13582 6.57693 4.13582 6.69829 4.13582 7.0624 4.25699 6.94103 4.20314 6.94103 4.17621 6.94103 4.14928 6.75898 4.1089 7.66923 4.07524 7.54786 4.07524 7.4265 4.07524 7.54786 4.08197 7.4265 4.08197 7.30513 4.08197 7.18376 4.08197 7.18376 4.07524 7.0624 4.07524 7.0624 4.06851 7.0624 4.08197 7.85128 4.05841 7.7906 4.05841 7.72992 4.05841 7.66923 4.05841 7.54786 4.06178 6.94103 4.08534 6.94103 4.0887 6.91069 4.08534 6.88034 4.0887 6.88034 4.08534 6.88034 4.08365 6.91069 4.08365 6.91069 4.08197 6.94103 4.08197 6.94103 4.0786 6.88034 4.09543 6.94103 4.09543 6.97137 4.0887 6.97137 4.08197 6.81966 4.0887 6.97137 4.07524 7.00171 4.06851 7.00171 4.07524 7.00171 4.08197 7.00171 4.0887 7.00171 4.09543 6.94103 4.1089 6.88034 4.1089 6.81966 4.1089 6.85 4.08197 6.85 4.08365 6.81966 4.08281 6.81966 4.08365 6.81966 4.08449 6.69829 4.08449 6.69829 4.08534 6.57693 4.08449 6.33419 4.08449 6.09146 4.08449 6.33419 4.08365 6.57693 4.08365 6.69829 4.08365 6.81966 4.09543 6.75898 4.09543 6.69829 4.0887 6.57693 4.0887 6.69829 4.08281 6.81966 4.08534 6.85 4.06178 6.88034 4.06851 6.85 4.06851 6.88034 4.07524 6.85 4.07524 6.85 4.0786 6.81966 4.0786 6.81966 4.08197 6.81966 4.07524 6.81966 4.06851 6.81966 4.06178 6.88034 4.08197 6.91069 4.0786 6.94103 4.07524 6.94103 4.06851 6.97137 4.06851 7.00171 4.06178 7.0624 4.05504 7.66923 4.05504 7.54786 4.05504 7.54786 4.04831 7.4265 4.05504 7.4265 4.04831 7.30513 4.05504 7.30513 4.04831 7.18376 4.05504 7.18376 4.04831 7.0624 4.04831 7.00171 4.04831 6.94103 4.04831 6.85 4.04284 6.81966 4.04495 6.88034 4.04495 6.81966 4.04831 6.88034 4.04831 6.88034 4.05504 6.09146 4.09543 6.88034 4.0786 6.91069 4.07524 6.91069 4.06851 6.91069 4.06178 6.91069 4.05504 6.91069 4.04831 6.94103 4.04495 6.69829 4.0786 6.69829 4.07524 6.75898 4.07524 6.69829 4.06851 6.75898 4.06851 6.69829 4.06178 6.75898 4.06178 6.69829 4.05504 6.81966 4.05504 6.88034 4.04326 6.85 4.04326 6.81966 4.04326 6.78932 4.04284 6.75898 4.04242 6.81966 4.04242 6.81965 4.042 6.81966 4.04221 6.78932 4.042 6.78932 4.04221 6.75898 4.04221 6.75897 4.04163 6.81964 4.04179 6.81963 4.04184 6.63761 4.04284 6.62434 4.042 6.78932 4.04326 6.62623 4.042 6.63761 4.0419 6.63761 4.042 6.63571 4.042 6.61485 4.042 6.61106 4.042 6.60727 4.0419 6.63002 4.042 6.62813 4.042 6.62244 4.042 6.62054 4.042 6.66795 4.042 6.60727 4.042 6.60348 4.042 6.81966 4.04158 6.88034 4.04158 6.81965 4.04189 6.79252 4.04158 6.85 4.04242 6.88034 4.04242 6.88034 4.06178 7.00171 4.04158 7.0624 4.04158 7.0624 4.04495 7.15207 4.04158 7.18376 4.04495 7.30215 4.04158 7.91197 4.04158 6.33419 4.12236 7.66923 4.04158 7.54936 4.04158 7.35444 4.04158 6.94103 4.04158 6.81966 4.14255 8.39744 4.4724 8.36709 4.4724 8.36709 4.46566 8.33675 4.4724 8.33675 4.46566 8.45385 4.4724 8.39744 4.45893 8.36709 4.45893 8.33675 4.45893 8.27607 4.45893 8.30641 4.45893 8.30641 4.46566 8.33675 4.44547 8.36709 4.44547 8.39744 4.44547 8.27607 4.44547 8.21538 4.44547 8.1547 4.41854 8.36709 4.41854 8.33675 4.41854 8.27607 4.41854 8.42778 4.36469 8.45812 4.36469 8.47589 4.39178 8.41261 4.39162 8.39744 4.39162 8.39744 4.36469 8.36709 4.39162 8.36709 4.36469 8.33675 4.36469 8.27607 4.36469 8.1547 4.36469 8.32779 4.4724 8.30641 4.4724 8.27607 4.4724 8.21538 4.4724 8.1547 4.44547 8.03333 4.41854 8.03333 4.36469 8.10935 4.4724 7.97265 4.36469 7.91197 4.31084 7.91197 4.36469 7.7906 4.41854 7.61359 4.4724 8.42334 4.39046 8.41261 4.36469 8.39744 4.35123 8.33675 4.33777 8.45812 4.35796 8.42778 4.35123 8.49152 4.09543 8.49143 4.12236 8.39744 4.12236 8.49138 4.14928 8.39744 4.14928 8.49128 4.20312 8.39744 4.20314 8.49106 4.25698 8.39744 4.25699 8.39744 4.31084 8.39744 4.3243 8.39744 4.33777 8.42337 4.07646 8.27607 4.33777 8.1547 4.31084 8.03333 4.31084 8.03333 4.25699 7.97265 4.25699 7.97265 4.23006 8.1547 4.4724 7.97265 4.31084 7.91197 4.25699 7.91197 4.23006 7.7906 4.25699 7.7906 4.31084 7.7906 4.36469 7.66923 4.41854 7.66923 4.31084 7.66923 4.36469 7.60855 4.36469 7.54786 4.41854 7.48718 4.4724 7.48718 4.41854 7.4265 4.4724 7.4265 4.41854 7.41811 4.4724 7.36581 4.41854 7.30513 4.4724 7.30513 4.41854 7.21219 4.4724 7.18376 4.41854 6.94103 4.4724 7.0624 4.41854 7.0624 4.4724 7.18376 4.4724 6.85199 4.4724 6.81966 4.41854 6.94103 4.41854 6.57693 4.41854 6.69829 4.41854 6.69829 4.4724 6.81966 4.4724 7.18376 4.36469 7.18376 4.31084 7.30513 4.36469 7.30513 4.31084 7.36581 4.36469 7.36581 4.31084 7.4265 4.36469 7.4265 4.31084 7.48718 4.36469 7.48718 4.31084 7.54786 4.36469 7.54786 4.31084 6.94103 4.31084 6.94103 4.36469 6.81966 4.33777 6.81966 4.36469 6.69829 4.33777 6.69829 4.36469 6.57693 4.33777 6.57693 4.36469 6.45556 4.33777 6.45556 4.36469 6.33419 4.33777 6.33419 4.36469 6.21282 4.36469 7.0624 4.31084 7.0624 4.36469 6.94103 4.25699 6.94103 4.28391 6.81966 4.28391 6.81966 4.31084 6.69829 4.28391 6.69829 4.31084 6.57693 4.28391 6.57693 4.31084 6.45556 4.28391 6.45556 4.31084 6.33419 4.28391 6.33419 4.31084 6.09146 4.28391 6.09146 4.31084 5.84872 4.31084 5.60599 4.31084 4.90338 4.4724 4.87779 4.4724 4.66991 4.4724 4.63505 4.4724 4.75628 4.04158 4.87834 4.04158 4.75642 4.04495 4.87772 4.04568 4.63505 4.04158 6.69829 4.12909 6.57693 4.12909 4.06019 4.04158 4.05869 4.04161 4.05869 4.04158 4.05719 4.04158 4.07648 4.04158 4.07353 4.04158 4.07397 4.04158 4.07146 4.04158 4.49891 5.68432 4.49891 5.80255 4.46842 5.80255 4.5294 5.9489 4.5294 6.03636 4.51415 6.039 4.43793 5.32964 4.40744 5.32964 4.40744 5.21141 4.46842 5.32964 4.46842 5.44787 4.49891 5.44787 4.49891 5.32964 4.5294 5.36318 4.04158 5.89028 4.04158 5.79964 4.10256 5.80255 4.22451 5.68432 4.28549 5.68432 4.28549 5.80255 4.17878 4.73851 4.17878 4.85673 4.16354 4.85673 4.04158 6.86487 4.04158 6.74651 4.28549 6.74836 4.34647 7.22127 4.28549 7.22127 4.28549 6.98482 4.34647 6.51191 4.40744 6.51191 4.40744 6.74836 4.17878 4.64984 4.18281 4.64369 4.1864 4.67939 4.13305 4.64984 4.16354 4.64984 4.16354 4.67939 4.15931 4.70926 4.15929 4.70915 4.16887 4.70915 4.15933 4.70938 4.15982 4.71282 4.15956 4.71098 4.04158 4.79359 4.04158 4.764 4.16354 4.73851 4.04158 4.73441 4.16141 4.72383 4.16035 4.71649 4.15936 4.70961 4.15943 4.71006 4.16099 4.70915 4.14979 4.70915 4.04158 4.67523 4.04158 4.66811 4.04542 4.66905 4.04798 4.66938 4.04969 4.66947 4.04158 4.67939 4.05185 4.66944 4.05385 4.66927 4.05806 4.66846 4.1178 4.64984 4.10256 4.64984 4.07369 4.65922 4.06346 4.66651 4.5294 4.73471 4.51859 4.70879 4.51995 4.70729 4.52146 4.70386 4.52177 4.70289 4.5294 4.67523 4.5294 4.66811 4.50702 4.70915 4.51113 4.70915 4.51415 4.73851 4.51321 4.70911 4.51617 4.70913 4.49528 4.70915 4.50229 4.70915 4.49891 4.73851 4.50423 4.70909 4.22451 4.6431 4.24474 4.64285 4.22451 4.6908 4.22973 4.6993 4.22732 4.70663 4.22703 4.70845 4.22451 4.73851 4.22728 4.70882 4.22774 4.70901 4.22854 4.70915 4.23042 4.70915 4.23613 4.70915 4.24372 4.70915 4.25053 4.70915 4.255 4.73851 4.25703 4.70915 4.28549 4.70915 4.19402 4.64353 4.19842 4.64347 4.19402 4.67939 4.22071 4.64315 4.21045 4.70915 4.19402 4.73851 4.21552 4.70915 4.22046 4.70915 4.21556 4.70912 4.5294 6.98323 4.49891 6.98482 4.5294 6.74651 4.49891 6.51191 4.5294 6.66957 4.5294 7.10159 4.5294 7.21995 4.49891 7.45772 4.5294 7.28149 4.5294 7.33831 4.5294 7.45667 4.5294 7.57502 4.49891 7.69418 4.5294 7.66053 4.51415 7.69418 4.51415 7.93063 4.5294 7.9266 4.5294 8.16628 4.5294 8.40354 4.52559 8.40354 4.5294 8.28531 4.52403 8.40354 4.52178 8.16708 4.51415 8.28531 4.51415 8.16708 4.49891 8.16708 4.52178 8.40354 4.51582 8.40354 4.50914 8.40354 4.49891 8.40354 4.47789 8.40354 4.49891 7.93063 4.46842 7.93063 4.46842 8.16708 4.40744 8.16708 4.28549 7.45772 4.34647 7.45772 4.40744 7.45772 4.40744 7.22127 4.28549 6.51191 4.34647 6.74836 4.34647 6.98482 4.40744 6.98482 4.04158 7.21995 4.04158 6.98323 4.04158 8.14186 4.04158 7.9301 4.28549 7.93063 4.04158 7.89224 4.04158 7.22071 4.04158 7.45772 4.04158 7.607 4.22451 4.85673 4.255 4.79762 4.255 4.85673 4.28549 4.73851 4.28549 4.85673 4.28549 4.97496 4.255 4.97496 4.22451 4.97496 4.19402 4.97496 4.22451 4.79762 4.19402 4.85673 4.1864 4.73851 4.08364 4.64378 4.11307 4.644 4.12969 4.64403 4.16447 4.64389 4.17116 4.64984 4.17878 4.67939 4.28549 5.5661 4.22451 5.5661 4.28549 5.44787 4.22451 5.44787 4.28549 5.32964 4.22451 5.32964 4.28549 5.21141 4.22451 5.21141 4.28549 5.09319 4.22451 5.09319 4.16354 5.68432 4.16354 5.21141 4.16354 5.32964 4.16354 5.44787 4.16354 5.5661 4.04158 4.91195 4.16354 4.97496 4.04158 4.97113 4.04158 5.01536 4.04158 4.85277 4.04158 4.82318 4.04158 4.80232 4.19402 5.09319 4.16354 5.09319 4.04158 5.15958 4.04158 5.09319 4.04158 5.68946 4.04158 5.68128 4.04158 5.6221 4.16354 5.80255 4.16354 6.039 4.10256 6.039 4.16354 6.27546 4.04158 6.27308 4.04158 6.24155 4.04158 6.15472 4.04158 6.03636 4.04158 5.918 4.04158 5.56292 4.04158 5.50374 4.04158 5.49883 4.04158 5.31156 4.04158 5.20784 4.04158 6.62815 4.16354 6.51191 4.28549 6.27546 4.28549 6.039 4.5294 4.82318 4.5294 4.85277 4.51415 4.85673 4.5294 4.79359 4.5294 4.97113 4.51415 4.97496 4.5294 4.91195 4.5294 4.87159 4.5294 5.00072 4.5294 5.03031 4.51415 5.09319 4.5294 5.0599 4.5294 5.07762 4.49891 5.09319 4.49891 4.97496 4.50653 4.97496 4.49891 4.85673 4.50653 4.85673 4.50653 4.73851 4.5294 5.08949 4.5294 5.09319 4.5294 5.14866 4.49891 5.21141 4.5294 5.20784 4.5294 5.21705 4.46842 4.70915 4.46842 4.73851 4.46842 4.85673 4.46842 4.97496 4.46842 5.09319 4.46842 5.21141 4.43793 5.21141 4.40744 5.09319 4.46842 5.5661 4.40744 4.70915 4.40744 4.73851 4.40744 4.85673 4.40744 4.97496 4.5294 5.56147 4.5294 5.75155 4.5294 5.80255 4.51415 5.80255 4.5294 5.44456 4.49891 5.5661 4.46842 5.68432 4.40744 5.44787 4.40744 5.5661 4.40744 5.80255 4.5294 6.15472 4.5294 6.2139 4.49891 6.27546 4.5294 6.27308 4.49891 6.039 4.5294 6.09554 4.04158 8.16682 4.28549 8.16708 4.34647 8.16708 4.34647 7.93063 4.40744 7.93063 4.46842 7.69418 4.48366 7.45772 4.48366 6.98482 4.48366 6.51191 4.48366 6.27546 4.48366 6.039 4.5294 6.29954 4.5294 6.39143 4.5294 6.50979 4.46842 6.039 4.46842 6.27546 4.46842 6.51191 4.46842 6.98482 4.46842 7.45772 4.40744 7.69418 4.34647 7.69418 4.28549 7.69418 4.04158 7.81174 4.34647 4.70915 4.34647 4.73851 4.34647 4.85673 4.34647 4.97496 4.34647 5.09319 4.34647 5.21141 4.34647 5.32964 4.34647 5.44787 4.34647 5.5661 4.34647 5.68432 4.40744 6.27546 4.34647 6.27546 4.40744 6.039 4.34647 6.039 4.34647 5.80255 4.21285 8.40354 4.04158 8.40354 4.04158 8.36954 4.44002 8.40354 4.40744 8.40354 4.34647 8.40354 4.3097 8.40354 4.04158 6.61905 4.04158 6.50979 4.04158 6.39143 4.25492 4.0444 4.26008 4.04445 4.24881 4.73727 4.19268 4.80011 4.19279 4.80005 4.19549 4.80026 4.19029 4.80026 4.19209 4.80019 4.19247 4.80016 4.19287 4.79997 4.19293 4.79984 4.19584 4.80019 4.19301 4.79931 4.19629 4.79993 4.19305 4.78874 4.2062 4.78892 4.19306 4.79719 4.20345 4.7921 4.19697 4.79934 4.1926 4.76757 4.19185 4.75072 4.19112 4.73874 4.19478 4.11158 4.19072 4.73307 4.18752 4.11158 4.18752 4.73307 4.17602 4.11158 4.17397 4.73307 4.16938 4.11158 4.15701 4.73307 4.15701 4.11158 4.19574 4.10603 4.20132 4.08645 4.20421 4.08122 4.20506 4.08023 4.20544 4.07999 4.20568 4.07993 4.20677 4.08058 4.20758 4.08188 4.20695 4.08169 4.20822 4.08345 4.20593 4.07995 4.2062 4.08007 4.22361 4.76222 4.22327 4.7624 4.22289 4.76244 4.22124 4.76121 4.22207 4.76207 4.22257 4.76237 4.21874 4.76783 4.21866 4.76801 4.21579 4.77424 4.21104 4.7824 4.22821 4.04615 4.23145 4.04474 4.23603 4.04441 4.24194 4.73727 4.2243 4.04941 4.22347 4.05032 4.22845 4.73727 4.22603 4.74974 4.2268 4.75235 4.22513 4.75948 4.22429 4.7614 4.25697 4.79096 4.25873 4.79961 4.25829 4.79789 4.26008 4.80026 4.25892 4.79995 4.25913 4.80013 4.25944 4.80026 4.24194 4.04443 4.24633 4.0444 4.26211 4.80026 4.26323 4.0444 4.26511 4.80026 4.27245 4.0444 4.26832 4.80026 4.27245 4.80026 4.20955 4.37819 4.29354 4.06745 4.20393 4.3572 4.18856 4.34183 4.13847 4.23542 4.15076 4.22312 4.04158 4.06745 4.16756 4.21862 4.18436 4.22312 4.19665 4.23542 4.18856 4.41456 4.13847 4.48737 4.20393 4.39919 4.15076 4.47508 4.13397 4.25221 4.04158 4.68894 4.13847 4.26901 4.20115 4.25221 4.19665 4.26901 4.18436 4.28131 4.16756 4.3362 4.16756 4.28581 4.14656 4.34183 4.15076 4.28131 4.16756 4.47058 4.18436 4.47508 4.19665 4.48737 4.20115 4.50417 4.29354 4.68894 4.19665 4.52097 4.13847 4.52097 4.13397 4.50417 4.18436 4.53326 4.16756 4.53776 4.15076 4.53326 4.16756 4.42018 4.14656 4.41456 4.13119 4.39919 4.12557 4.37819 4.13119 4.3572 4.19654 4.79745 4.19654 4.04158 4.10416 4.54549 4.09965 4.52869 4.09965 4.56229 4.08736 4.57459 4.17261 4.79745 4.11445 4.79745 4.04147 4.52869 4.02857 4.41951 4.03697 4.54549 3.94458 4.79745 4.09965 4.31033 4.08736 4.32263 4.04956 4.38315 4.07056 4.32713 4.03419 4.39852 4.05376 4.32263 4.04147 4.31033 4.03697 4.29354 3.94458 4.04158 4.04701 4.79745 4.07056 4.57909 3.97528 4.79745 4.05376 4.57459 4.04147 4.56229 4.04147 4.27674 4.05376 4.26444 3.96851 4.04158 4.02667 4.04158 4.09156 4.38315 4.10693 4.39852 4.11255 4.41951 4.10693 4.44051 4.08736 4.5164 4.09156 4.45588 4.07056 4.5119 4.07056 4.46151 4.05376 4.5164 4.04956 4.45588 4.03419 4.44051 4.09411 4.04158 4.07056 4.25994 4.16584 4.04158 4.08736 4.26444 4.07056 4.37752 4.10416 4.29354 4.09965 4.27674 4.13952 4.05062 4.13787 4.05285 4.13078 4.04146 4.1331 4.03822 4.13218 4.03794 4.1257 4.03685 4.13711 4.04016 4.13766 4.04057 4.13875 4.04166 4.13975 4.04365 4.14009 4.04875 4.0382 4.05344 4.03608 4.05473 4.03608 4.05472 4.03388 4.05586 4.17822 4.04158 4.17574 4.04161 4.17574 4.04158 4.17326 4.04158 4.03444 4.05107 4.03282 4.05276 4.03282 4.05275 4.03109 4.05434 4.18777 4.04158 4.18542 4.04162 4.18542 4.04158 4.18308 4.04158 4.19505 4.03997 4.1968 4.04049 4.18715 4.04476 4.19846 4.0417 4.19853 4.04184 4.19864 4.04227 4.19697 4.04334 4.19865 4.0424 4.03131 4.05691 4.05937 4.05337 4.08566 4.05111 4.09433 4.04854 4.11108 4.04876 4.11289 4.04598 4.13251 4.04736 4.1466 4.04187 4.1682 4.04603 4.16489 4.04013 4.18517 4.03919 4.1986 4.04254 4.19859 4.04257 4.19835 4.04279 4.19774 4.04097 4.19833 4.04151</float_array>
          <technique_common>
            <accessor count="3600" source="#texcoords-array-array" stride="2">
              <param type="float" name="S"/>
              <param type="float" name="T"/>
            </accessor>
          </technique_common>
        </source>
        <vertices id="verts-array-vertices">
          <input semantic="POSITION" source="#verts-array"/>
        </vertices>
        <triangles count="5812" material="material0">
          <input offset="0" semantic="VERTEX" source="#verts-array-vertices"/>
          <input offset="1" semantic="NORMAL" source="#normals-array"/>
          <input offset="2" semantic="TEXCOORD" source="#texcoords-array"/>
          <p>0 0 0 1 1 1 2 2 2 3 3 3 4 4 4 5 5 5 3 3 3 6 6 6 7 7 7 8 8 8 9 9 9 10 10 10 11 11 11 12 12 12 13 13 13 14 14 14 15 15 15 16 16 16 17 17 17 16 16 16 18 18 18 19 19 19 20 20 20 21 21 21 22 22 22 23 23 23 24 24 24 25 25 25 26 26 26 27 27 27 28 28 28 29 29 29 30 30 30 31 31 31 32 32 32 33 33 33 34 34 34 35 35 35 36 36 36 37 37 37 38 38 38 39 39 39 40 40 40 41 41 41 42 42 42 43 43 43 44 44 44 19 19 19 45 45 45 46 46 46 47 47 47 48 48 48 49 49 49 50 50 50 48 48 48 50 50 50 51 51 51 52 52 52 53 53 53 50 50 50 54 54 54 55 55 55 56 56 56 57 57 57 56 56 56 55 55 55 56 56 56 57 57 57 58 58 58 59 59 59 58 58 58 57 57 57 60 60 60 61 61 61 57 57 57 62 62 62 63 63 63 49 49 49 64 64 64 65 65 65 66 66 66 66 66 66 67 67 67 64 64 64 68 68 68 64 64 64 67 67 67 64 64 64 68 68 68 69 69 69 70 70 70 69 69 69 68 68 68 69 69 69 70 70 70 47 47 47 71 71 71 47 47 47 70 70 70 47 47 47 71 71 71 72 72 72 45 45 45 47 47 47 73 73 73 74 74 74 73 73 73 75 75 75 47 47 47 75 75 75 73 73 73 75 75 75 47 47 47 76 76 76 72 72 72 76 76 76 47 47 47 20 20 20 77 77 77 78 78 78 79 79 79 80 80 80 81 81 81 81 81 81 82 82 82 79 79 79 83 83 83 79 79 79 82 82 82 79 79 79 83 83 83 84 84 84 85 85 85 84 84 84 83 83 83 19 19 19 44 44 44 20 20 20 86 86 86 20 20 20 44 44 44 20 20 20 86 86 86 77 77 77 18 18 18 87 87 87 88 88 88 89 89 89 90 90 90 91 91 91 90 90 90 92 92 92 91 91 91 93 93 93 91 91 91 92 92 92 91 91 91 93 93 93 94 94 94 95 95 95 94 94 94 93 93 93 94 94 94 95 95 95 96 96 96 96 96 96 97 97 97 94 94 94 98 98 98 94 94 94 97 97 97 94 94 94 98 98 98 99 99 99 99 99 99 100 100 100 94 94 94 101 101 101 94 94 94 100 100 100 94 94 94 101 101 101 102 102 102 103 103 103 102 102 102 101 101 101 102 102 102 103 103 103 104 104 104 91 91 91 105 105 105 106 106 106 107 107 107 108 108 108 109 109 109 110 110 110 109 109 109 108 108 108 109 109 109 110 110 110 111 111 111 105 105 105 91 91 91 112 112 112 94 94 94 112 112 112 91 91 91 112 112 112 94 94 94 113 113 113 114 114 114 113 113 113 94 94 94 113 113 113 114 114 114 106 106 106 109 109 109 106 106 106 114 114 114 106 106 106 109 109 109 91 91 91 111 111 111 91 91 91 109 109 109 91 91 91 111 111 111 89 89 89 37 37 37 39 39 39 115 115 115 116 116 116 115 115 115 39 39 39 115 115 115 116 116 116 117 117 117 118 118 118 119 119 119 120 120 120 38 38 38 121 121 121 39 39 39 122 122 122 39 39 39 121 121 121 39 39 39 122 122 122 120 120 120 123 123 123 120 120 120 122 122 122 120 120 120 123 123 123 118 118 118 119 119 119 124 124 124 120 120 120 125 125 125 120 120 120 124 124 124 120 120 120 125 125 125 126 126 126 127 127 127 126 126 126 125 125 125 126 126 126 127 127 127 128 128 128 129 129 129 130 130 130 131 131 131 132 132 132 133 133 133 134 134 134 135 135 135 134 134 134 133 133 133 131 131 131 134 134 134 136 136 136 137 137 137 136 136 136 134 134 134 136 136 136 137 137 137 138 138 138 139 139 139 138 138 138 137 137 137 135 135 135 140 140 140 134 134 134 141 141 141 134 134 134 140 140 140 134 134 134 141 141 141 137 137 137 142 142 142 137 137 137 141 141 141 137 137 137 142 142 142 139 139 139 143 143 143 139 139 139 142 142 142 139 139 139 143 143 143 144 144 144 127 127 127 130 130 130 128 128 128 129 129 129 128 128 128 130 130 130 128 128 128 129 129 129 126 126 126 145 145 145 126 126 126 129 129 129 126 126 126 145 145 145 146 146 146 147 147 147 146 146 146 145 145 145 146 146 146 147 147 147 148 148 148 149 149 149 150 150 150 151 151 151 152 152 152 151 151 151 150 150 150 151 151 151 152 152 152 153 153 153 154 154 154 149 149 149 155 155 155 151 151 151 155 155 155 149 149 149 155 155 155 151 151 151 156 156 156 153 153 153 156 156 156 151 151 151 156 156 156 153 153 153 157 157 157 131 131 131 136 136 136 129 129 129 138 138 138 129 129 129 136 136 136 129 129 129 138 138 138 145 145 145 139 139 139 145 145 145 138 138 138 145 145 145 139 139 139 147 147 147 144 144 144 147 147 147 139 139 139 147 147 147 144 144 144 148 148 148 158 158 158 159 159 159 154 154 154 160 160 160 154 154 154 159 159 159 31 31 31 33 33 33 161 161 161 162 162 162 163 163 163 157 157 157 164 164 164 157 157 157 163 163 163 157 157 157 164 164 164 156 156 156 165 165 165 156 156 156 164 164 164 156 156 156 165 165 165 155 155 155 166 166 166 155 155 155 165 165 165 155 155 155 166 166 166 154 154 154 167 167 167 154 154 154 166 166 166 154 154 154 167 167 167 158 158 158 168 168 168 169 169 169 170 170 170 171 171 171 170 170 170 169 169 169 170 170 170 171 171 171 172 172 172 172 172 172 173 173 173 170 170 170 174 174 174 170 170 170 173 173 173 170 170 170 174 174 174 168 168 168 175 175 175 168 168 168 174 174 174 168 168 168 175 175 175 176 176 176 102 102 102 177 177 177 94 94 94 178 178 178 94 94 94 177 177 177 94 94 94 178 178 178 114 114 114 179 179 179 114 114 114 178 178 178 114 114 114 179 179 179 109 109 109 42 42 42 109 109 109 179 179 179 109 109 109 42 42 42 107 107 107 41 41 41 107 107 107 42 42 42 75 75 75 180 180 180 74 74 74 181 181 181 74 74 74 180 180 180 74 74 74 181 181 181 73 73 73 182 182 182 73 73 73 181 181 181 73 73 73 182 182 182 45 45 45 183 183 183 45 45 45 182 182 182 45 45 45 183 183 183 46 46 46 184 184 184 46 46 46 183 183 183 46 46 46 184 184 184 47 47 47 185 185 185 47 47 47 184 184 184 47 47 47 185 185 185 50 50 50 28 28 28 50 50 50 185 185 185 183 183 183 41 41 41 184 184 184 40 40 40 184 184 184 41 41 41 184 184 184 40 40 40 185 185 185 42 42 42 185 185 185 40 40 40 185 185 185 42 42 42 28 28 28 179 179 179 28 28 28 42 42 42 28 28 28 179 179 179 29 29 29 178 178 178 29 29 29 179 179 179 186 186 186 187 187 187 188 188 188 189 189 189 188 188 188 187 187 187 188 188 188 189 189 189 190 190 190 191 191 191 190 190 190 189 189 189 190 190 190 191 191 191 192 192 192 193 193 193 192 192 192 191 191 191 192 192 192 193 193 193 194 194 194 195 195 195 194 194 194 193 193 193 25 25 25 27 27 27 196 196 196 197 197 197 193 193 193 198 198 198 191 191 191 198 198 198 193 193 193 198 198 198 191 191 191 199 199 199 189 189 189 199 199 199 191 191 191 199 199 199 189 189 189 24 24 24 187 187 187 24 24 24 189 189 189 200 200 200 201 201 201 202 202 202 203 203 203 202 202 202 201 201 201 104 104 104 171 171 171 102 102 102 169 169 169 102 102 102 171 171 171 102 102 102 169 169 169 177 177 177 168 168 168 177 177 177 169 169 169 177 177 177 168 168 168 178 178 178 176 176 176 178 178 178 168 168 168 178 178 178 176 176 176 29 29 29 201 201 201 29 29 29 176 176 176 29 29 29 201 201 201 30 30 30 200 200 200 30 30 30 201 201 201 30 30 30 200 200 200 204 204 204 204 204 204 205 205 205 30 30 30 206 206 206 30 30 30 205 205 205 30 30 30 206 206 206 207 207 207 207 207 207 54 54 54 30 30 30 56 56 56 30 30 30 54 54 54 30 30 30 56 56 56 28 28 28 58 58 58 28 28 28 56 56 56 28 28 28 58 58 58 50 50 50 59 59 59 50 50 50 58 58 58 50 50 50 59 59 59 52 52 52 57 57 57 52 52 52 59 59 59 52 52 52 57 57 57 53 53 53 61 61 61 53 53 53 57 57 57 53 53 53 61 61 61 50 50 50 60 60 60 50 50 50 61 61 61 50 50 50 60 60 60 51 51 51 57 57 57 51 51 51 60 60 60 51 51 51 57 57 57 48 48 48 69 69 69 48 48 48 57 57 57 48 48 48 69 69 69 49 49 49 47 47 47 49 49 49 69 69 69 49 49 49 47 47 47 62 62 62 50 50 50 62 62 62 47 47 47 195 195 195 193 193 193 208 208 208 197 197 197 208 208 208 193 193 193 208 208 208 197 197 197 209 209 209 210 210 210 209 209 209 197 197 197 209 209 209 210 210 210 211 211 211 173 173 173 194 194 194 174 174 174 195 195 195 174 174 174 194 194 194 174 174 174 195 195 195 175 175 175 208 208 208 175 175 175 195 195 195 175 175 175 208 208 208 176 176 176 209 209 209 176 176 176 208 208 208 176 176 176 209 209 209 201 201 201 211 211 211 201 201 201 209 209 209 201 201 201 211 211 211 203 203 203 196 196 196 212 212 212 213 213 213 213 213 213 22 22 22 196 196 196 24 24 24 196 196 196 22 22 22 196 196 196 24 24 24 25 25 25 187 187 187 25 25 25 24 24 24 25 25 25 187 187 187 26 26 26 186 186 186 26 26 26 187 187 187 214 214 214 215 215 215 216 216 216 217 217 217 216 216 216 215 215 215 216 216 216 217 217 217 218 218 218 218 218 218 219 219 219 216 216 216 220 220 220 216 216 216 219 219 219 216 216 216 220 220 220 221 221 221 23 23 23 222 222 222 24 24 24 223 223 223 24 24 24 222 222 222 24 24 24 223 223 223 199 199 199 224 224 224 199 199 199 223 223 223 199 199 199 224 224 224 198 198 198 225 225 225 198 198 198 224 224 224 198 198 198 225 225 225 197 197 197 226 226 226 197 197 197 225 225 225 197 197 197 226 226 226 210 210 210 221 221 221 212 212 212 216 216 216 196 196 196 216 216 216 212 212 212 216 216 216 196 196 196 214 214 214 27 27 27 214 214 214 196 196 196 214 214 214 27 27 27 215 215 215 227 227 227 215 215 215 27 27 27 215 215 215 227 227 227 228 228 228 229 229 229 228 228 228 227 227 227 228 228 228 229 229 229 230 230 230 231 231 231 230 230 230 229 229 229 230 230 230 231 231 231 154 154 154 232 232 232 154 154 154 231 231 231 154 154 154 232 232 232 149 149 149 233 233 233 149 149 149 232 232 232 149 149 149 233 233 233 150 150 150 234 234 234 21 21 21 235 235 235 20 20 20 235 235 235 21 21 21 235 235 235 20 20 20 79 79 79 78 78 78 79 79 79 20 20 20 79 79 79 78 78 78 80 80 80 236 236 236 237 237 237 238 238 238 234 234 234 239 239 239 21 21 21 240 240 240 21 21 21 239 239 239 21 21 21 240 240 240 241 241 241 88 88 88 43 43 43 18 18 18 19 19 19 18 18 18 43 43 43 18 18 18 19 19 19 17 17 17 21 21 21 17 17 17 19 19 19 17 17 17 21 21 21 238 238 238 241 241 241 238 238 238 21 21 21 238 238 238 241 241 241 236 236 236 237 237 237 242 242 242 238 238 238 243 243 243 238 238 238 242 242 242 238 238 238 243 243 243 244 244 244 245 245 245 246 246 246 247 247 247 15 15 15 14 14 14 248 248 248 13 13 13 248 248 248 14 14 14 248 248 248 13 13 13 247 247 247 12 12 12 247 247 247 13 13 13 247 247 247 12 12 12 245 245 245 16 16 16 17 17 17 14 14 14 238 238 238 14 14 14 17 17 17 14 14 14 238 238 238 13 13 13 244 244 244 13 13 13 238 238 238 13 13 13 244 244 244 11 11 11 249 249 249 87 87 87 250 250 250 18 18 18 250 250 250 87 87 87 250 250 250 18 18 18 251 251 251 16 16 16 251 251 251 18 18 18 251 251 251 16 16 16 252 252 252 15 15 15 252 252 252 16 16 16 252 252 252 15 15 15 253 253 253 248 248 248 253 253 253 15 15 15 253 253 253 248 248 248 254 254 254 247 247 247 254 254 254 248 248 248 6 6 6 3 3 3 255 255 255 5 5 5 255 255 255 3 3 3 255 255 255 5 5 5 256 256 256 6 6 6 9 9 9 7 7 7 8 8 8 7 7 7 9 9 9 7 7 7 8 8 8 257 257 257 258 258 258 249 249 249 259 259 259 250 250 250 259 259 259 249 249 249 259 259 259 250 250 250 260 260 260 251 251 251 260 260 260 250 250 250 260 260 260 251 251 251 261 261 261 252 252 252 261 261 261 251 251 251 261 261 261 252 252 252 256 256 256 253 253 253 256 256 256 252 252 252 256 256 256 253 253 253 255 255 255 254 254 254 255 255 255 253 253 253 255 255 255 254 254 254 6 6 6 247 247 247 6 6 6 254 254 254 6 6 6 247 247 247 9 9 9 246 246 246 9 9 9 247 247 247 9 9 9 246 246 246 10 10 10 262 262 262 263 263 263 0 0 0 263 263 263 264 264 264 0 0 0 265 265 265 0 0 0 264 264 264 0 0 0 265 265 265 1 1 1 266 266 266 267 267 267 268 268 268 269 269 269 262 262 262 270 270 270 0 0 0 270 270 270 262 262 262 270 270 270 0 0 0 271 271 271 2 2 2 271 271 271 0 0 0 4 4 4 3 3 3 272 272 272 7 7 7 272 272 272 3 3 3 272 272 272 7 7 7 273 273 273 257 257 257 273 273 273 7 7 7 273 273 273 257 257 257 274 274 274 267 267 267 275 275 275 268 268 268 276 276 276 268 268 268 275 275 275 268 268 268 276 276 276 277 277 277 278 278 278 277 277 277 276 276 276 277 277 277 278 278 278 279 279 279 280 280 280 279 279 279 278 278 278 279 279 279 280 280 280 281 281 281 282 282 282 161 161 161 283 283 283 33 33 33 283 283 283 161 161 161 283 283 283 33 33 33 284 284 284 285 285 285 284 284 284 33 33 33 284 284 284 285 285 285 148 148 148 286 286 286 148 148 148 285 285 285 148 148 148 286 286 286 146 146 146 287 287 287 146 146 146 286 286 286 146 146 146 287 287 287 126 126 126 288 288 288 126 126 126 287 287 287 126 126 126 288 288 288 120 120 120 289 289 289 120 120 120 288 288 288 120 120 120 289 289 289 39 39 39 290 290 290 39 39 39 289 289 289 39 39 39 290 290 290 116 116 116 291 291 291 116 116 116 290 290 290 116 116 116 291 291 291 279 279 279 292 292 292 279 279 279 291 291 291 279 279 279 292 292 292 277 277 277 281 281 281 293 293 293 279 279 279 294 294 294 279 279 279 293 293 293 279 279 279 294 294 294 116 116 116 295 295 295 116 116 116 294 294 294 116 116 116 295 295 295 117 117 117 264 264 264 266 266 266 265 265 265 268 268 268 265 265 265 266 266 266 265 265 265 268 268 268 1 1 1 277 277 277 1 1 1 268 268 268 1 1 1 277 277 277 2 2 2 292 292 292 2 2 2 277 277 277 2 2 2 292 292 292 296 296 296 291 291 291 296 296 296 292 292 292 296 296 296 291 291 291 297 297 297 290 290 290 297 297 297 291 291 291 297 297 297 290 290 290 298 298 298 289 289 289 298 298 298 290 290 290 298 298 298 289 289 289 299 299 299 288 288 288 299 299 299 289 289 289 299 299 299 288 288 288 300 300 300 287 287 287 300 300 300 288 288 288 300 300 300 287 287 287 301 301 301 286 286 286 301 301 301 287 287 287 301 301 301 286 286 286 302 302 302 285 285 285 302 302 302 286 286 286 302 302 302 285 285 285 303 303 303 33 33 33 303 303 303 285 285 285 303 303 303 33 33 33 304 304 304 32 32 32 304 304 304 33 33 33 305 305 305 258 258 258 306 306 306 259 259 259 306 306 306 258 258 258 306 306 306 259 259 259 307 307 307 260 260 260 307 307 307 259 259 259 307 307 307 260 260 260 308 308 308 261 261 261 308 308 308 260 260 260 308 308 308 261 261 261 309 309 309 256 256 256 309 309 309 261 261 261 309 309 309 256 256 256 310 310 310 5 5 5 310 310 310 256 256 256 310 310 310 5 5 5 311 311 311 4 4 4 311 311 311 5 5 5 311 311 311 4 4 4 312 312 312 272 272 272 312 312 312 4 4 4 312 312 312 272 272 272 313 313 313 273 273 273 313 313 313 272 272 272 313 313 313 273 273 273 314 314 314 274 274 274 314 314 314 273 273 273 35 35 35 34 34 34 315 315 315 316 316 316 315 315 315 34 34 34 315 315 315 316 316 316 317 317 317 318 318 318 317 317 317 316 316 316 317 317 317 318 318 318 274 274 274 319 319 319 274 274 274 318 318 318 274 274 274 319 319 319 314 314 314 299 299 299 36 36 36 298 298 298 35 35 35 298 298 298 36 36 36 298 298 298 35 35 35 297 297 297 315 315 315 297 297 297 35 35 35 297 297 297 315 315 315 296 296 296 317 317 317 296 296 296 315 315 315 296 296 296 317 317 317 2 2 2 274 274 274 2 2 2 317 317 317 2 2 2 274 274 274 271 271 271 257 257 257 271 271 271 274 274 274 271 271 271 257 257 257 270 270 270 8 8 8 270 270 270 257 257 257 270 270 270 8 8 8 269 269 269 10 10 10 269 269 269 8 8 8 320 320 320 321 321 321 283 283 283 322 322 322 283 283 283 321 321 321 283 283 283 322 322 322 282 282 282 144 144 144 323 323 323 148 148 148 324 324 324 148 148 148 323 323 323 148 148 148 324 324 324 284 284 284 325 325 325 284 284 284 324 324 324 284 284 284 325 325 325 283 283 283 326 326 326 283 283 283 325 325 325 283 283 283 326 326 326 320 320 320 327 327 327 228 228 228 328 328 328 230 230 230 328 328 328 228 228 228 328 328 328 230 230 230 329 329 329 154 154 154 329 329 329 230 230 230 329 329 329 154 154 154 330 330 330 160 160 160 330 330 330 154 154 154 327 327 327 331 331 331 228 228 228 332 332 332 228 228 228 331 331 331 228 228 228 332 332 332 215 215 215 333 333 333 215 215 215 332 332 332 215 215 215 333 333 333 217 217 217 334 334 334 217 217 217 333 333 333 217 217 217 334 334 334 218 218 218 304 304 304 162 162 162 303 303 303 157 157 157 303 303 303 162 162 162 303 303 303 157 157 157 302 302 302 153 153 153 302 302 302 157 157 157 302 302 302 153 153 153 301 301 301 152 152 152 301 301 301 153 153 153 301 301 301 152 152 152 300 300 300 150 150 150 300 300 300 152 152 152 300 300 300 150 150 150 299 299 299 233 233 233 299 299 299 150 150 150 299 299 299 233 233 233 36 36 36 232 232 232 36 36 36 233 233 233 36 36 36 232 232 232 34 34 34 231 231 231 34 34 34 232 232 232 34 34 34 231 231 231 316 316 316 229 229 229 316 316 316 231 231 231 316 316 316 229 229 229 318 318 318 227 227 227 318 318 318 229 229 229 318 318 318 227 227 227 319 319 319 27 27 27 319 319 319 227 227 227 319 319 319 27 27 27 314 314 314 26 26 26 314 314 314 27 27 27 314 314 314 26 26 26 313 313 313 186 186 186 313 313 313 26 26 26 313 313 313 186 186 186 312 312 312 188 188 188 312 312 312 186 186 186 312 312 312 188 188 188 311 311 311 190 190 190 311 311 311 188 188 188 311 311 311 190 190 190 310 310 310 192 192 192 310 310 310 190 190 190 310 310 310 192 192 192 309 309 309 194 194 194 309 309 309 192 192 192 309 309 309 194 194 194 308 308 308 173 173 173 308 308 308 194 194 194 308 308 308 173 173 173 307 307 307 172 172 172 307 307 307 173 173 173 307 307 307 172 172 172 306 306 306 171 171 171 306 306 306 172 172 172 306 306 306 171 171 171 305 305 305 104 104 104 305 305 305 171 171 171 335 335 335 336 336 336 337 337 337 338 338 338 339 339 339 340 340 340 341 341 341 342 342 342 340 340 340 343 343 343 340 340 340 342 342 342 340 340 340 343 343 343 338 338 338 339 339 339 344 344 344 340 340 340 345 345 345 340 340 340 344 344 344 340 340 340 345 345 345 346 346 346 347 347 347 346 346 346 345 345 345 346 346 346 347 347 347 348 348 348 349 349 349 350 350 350 351 351 351 352 352 352 351 351 351 350 350 350 351 351 351 352 352 352 347 347 347 353 353 353 347 347 347 352 352 352 347 347 347 353 353 353 348 348 348 349 349 349 354 354 354 350 350 350 355 355 355 350 350 350 354 354 354 350 350 350 355 355 355 356 356 356 357 357 357 358 358 358 359 359 359 358 358 358 360 360 360 359 359 359 361 361 361 359 359 359 360 360 360 359 359 359 361 361 361 362 362 362 362 362 362 363 363 363 359 359 359 364 364 364 359 359 359 363 363 363 359 359 359 364 364 364 365 365 365 359 359 359 366 366 366 357 357 357 367 367 367 357 357 357 366 366 366 357 357 357 367 367 367 368 368 368 369 369 369 368 368 368 367 367 367 368 368 368 369 369 369 370 370 370 371 371 371 372 372 372 373 373 373 374 374 374 373 373 373 372 372 372 365 365 365 375 375 375 373 373 373 376 376 376 373 373 373 375 375 375 373 373 373 376 376 376 371 371 371 374 374 374 377 377 377 373 373 373 378 378 378 373 373 373 377 377 377 373 373 373 378 378 378 379 379 379 380 380 380 365 365 365 381 381 381 373 373 373 381 381 381 365 365 365 381 381 381 373 373 373 382 382 382 379 379 379 382 382 382 373 373 373 380 380 380 383 383 383 365 365 365 384 384 384 365 365 365 383 383 383 365 365 365 384 384 384 385 385 385 356 356 356 359 359 359 350 350 350 365 365 365 350 350 350 359 359 359 350 350 350 365 365 365 386 386 386 385 385 385 386 386 386 365 365 365 387 387 387 388 388 388 389 389 389 390 390 390 391 391 391 387 387 387 391 391 391 390 390 390 392 392 392 393 393 393 392 392 392 390 390 390 392 392 392 393 393 393 394 394 394 395 395 395 394 394 394 393 393 393 394 394 394 395 395 395 396 396 396 374 374 374 392 392 392 377 377 377 394 394 394 377 377 377 392 392 392 377 377 377 394 394 394 397 397 397 396 396 396 397 397 397 394 394 394 337 337 337 336 336 336 398 398 398 399 399 399 400 400 400 401 401 401 402 402 402 399 399 399 403 403 403 401 401 401 403 403 403 399 399 399 403 403 403 401 401 401 404 404 404 387 387 387 389 389 389 390 390 390 405 405 405 390 390 390 389 389 389 390 390 390 405 405 405 337 337 337 406 406 406 337 337 337 405 405 405 337 337 337 406 406 406 335 335 335 400 400 400 398 398 398 401 401 401 336 336 336 401 401 401 398 398 398 401 401 401 336 336 336 407 407 407 408 408 408 407 407 407 336 336 336 407 407 407 408 408 408 409 409 409 410 410 410 409 409 409 408 408 408 409 409 409 410 410 410 411 411 411 412 412 412 411 411 411 410 410 410 413 413 413 414 414 414 415 415 415 416 416 416 417 417 417 418 418 418 419 419 419 416 416 416 420 420 420 418 418 418 420 420 420 416 416 416 420 420 420 418 418 418 421 421 421 417 417 417 422 422 422 418 418 418 423 423 423 418 418 418 422 422 422 418 418 418 423 423 423 413 413 413 424 424 424 413 413 413 423 423 423 413 413 413 424 424 424 414 414 414 425 425 425 426 426 426 413 413 413 427 427 427 413 413 413 426 426 426 413 413 413 427 427 427 418 418 418 428 428 428 418 418 418 427 427 427 418 418 418 428 428 428 421 421 421 415 415 415 429 429 429 413 413 413 430 430 430 413 413 413 429 429 429 413 413 413 430 430 430 431 431 431 432 432 432 425 425 425 433 433 433 413 413 413 433 433 433 425 425 425 433 433 433 413 413 413 434 434 434 431 431 431 434 434 434 413 413 413 435 435 435 436 436 436 437 437 437 438 438 438 435 435 435 439 439 439 438 438 438 439 439 439 440 440 440 441 441 441 440 440 440 439 439 439 440 440 440 441 441 441 442 442 442 442 442 442 441 441 441 443 443 443 444 444 444 443 443 443 441 441 441 443 443 443 444 444 444 445 445 445 446 446 446 447 447 447 448 448 448 435 435 435 437 437 437 439 439 439 449 449 449 439 439 439 437 437 437 439 439 439 449 449 449 441 441 441 450 450 450 444 444 444 451 451 451 441 441 441 451 451 451 444 444 444 451 451 451 441 441 441 452 452 452 449 449 449 452 452 452 441 441 441 450 450 450 453 453 453 444 444 444 454 454 454 444 444 444 453 453 453 444 444 444 454 454 454 445 445 445 446 446 446 445 445 445 454 454 454 445 445 445 446 446 446 455 455 455 448 448 448 455 455 455 446 446 446 456 456 456 457 457 457 458 458 458 459 459 459 458 458 458 457 457 457 458 458 458 459 459 459 460 460 460 461 461 461 460 460 460 459 459 459 460 460 460 461 461 461 462 462 462 463 463 463 462 462 462 461 461 461 462 462 462 463 463 463 464 464 464 465 465 465 464 464 464 463 463 463 464 464 464 465 465 465 466 466 466 467 467 467 466 466 466 465 465 465 466 466 466 467 467 467 468 468 468 469 469 469 468 468 468 467 467 467 470 470 470 471 471 471 472 472 472 473 473 473 474 474 474 475 475 475 476 476 476 475 475 475 474 474 474 475 475 475 476 476 476 477 477 477 478 478 478 479 479 479 480 480 480 481 481 481 480 480 480 479 479 479 480 480 480 481 481 481 482 482 482 483 483 483 482 482 482 481 481 481 483 483 483 481 481 481 484 484 484 485 485 485 484 484 484 481 481 481 484 484 484 485 485 485 486 486 486 487 487 487 479 479 479 472 472 472 478 478 478 472 472 472 479 479 479 472 472 472 478 478 478 470 470 470 487 487 487 488 488 488 479 479 479 489 489 489 479 479 479 488 488 488 479 479 479 489 489 489 481 481 481 490 490 490 481 481 481 489 489 489 481 481 481 490 490 490 485 485 485 491 491 491 487 487 487 492 492 492 472 472 472 492 492 492 487 487 487 492 492 492 472 472 472 476 476 476 471 471 471 476 476 476 472 472 472 476 476 476 471 471 471 477 477 477 493 493 493 494 494 494 495 495 495 496 496 496 497 497 497 498 498 498 499 499 499 500 500 500 501 501 501 502 502 502 503 503 503 504 504 504 505 505 505 506 506 506 507 507 507 508 508 508 509 509 509 510 510 510 511 511 511 512 512 512 513 513 513 514 514 514 515 515 515 516 516 516 517 517 517 518 518 518 519 519 519 520 520 520 521 521 521 522 522 522 521 521 521 520 520 520 523 523 523 524 524 524 525 525 525 526 526 526 527 527 527 528 528 528 529 529 529 530 530 530 531 531 531 532 532 532 531 531 531 530 530 530 533 533 533 534 534 534 535 535 535 536 536 536 537 537 537 538 538 538 539 539 539 540 540 540 541 541 541 542 542 542 535 535 535 534 534 534 543 543 543 544 544 544 545 545 545 546 546 546 547 547 547 548 548 548 549 549 549 550 550 550 551 551 551 552 552 552 553 553 553 554 554 554 555 555 555 556 556 556 557 557 557 558 558 558 559 559 559 560 560 560 561 561 561 562 562 562 563 563 563 564 564 564 565 565 565 566 566 566 567 567 567 568 568 568 569 569 569 570 570 570 571 571 571 572 572 572 573 573 573 573 573 573 572 572 572 574 574 574 575 575 575 576 576 576 577 577 577 578 578 578 579 579 579 580 580 580 581 581 581 582 582 582 583 583 583 584 584 584 585 585 585 586 586 586 587 587 587 588 588 588 589 589 589 590 590 590 591 591 591 592 592 592 593 593 593 594 594 594 595 595 595 596 596 596 597 597 597 598 598 598 599 599 599 600 600 600 601 601 601 602 602 602 603 603 603 604 604 604 605 605 605 606 606 606 607 607 607 608 608 608 609 609 609 610 610 610 611 611 611 612 612 612 613 613 613 614 614 614 510 510 510 615 615 615 616 616 616 617 617 617 618 618 618 619 619 619 620 620 620 621 621 621 622 622 622 623 623 623 624 624 624 625 625 625 626 626 626 627 627 627 628 628 628 629 629 629 630 630 630 631 631 631 632 632 632 633 633 633 631 631 631 633 633 633 634 634 634 635 635 635 636 636 636 633 633 633 637 637 637 633 633 633 636 636 636 633 633 633 637 637 637 634 634 634 638 638 638 634 634 634 637 637 637 639 639 639 640 640 640 641 641 641 642 642 642 641 641 641 640 640 640 642 642 642 643 643 643 641 641 641 644 644 644 641 641 641 643 643 643 641 641 641 644 644 644 645 645 645 635 635 635 633 633 633 646 646 646 647 647 647 646 646 646 633 633 633 646 646 646 647 647 647 645 645 645 648 648 648 645 645 645 647 647 647 645 645 645 648 648 648 641 641 641 649 649 649 650 650 650 648 648 648 649 649 649 648 648 648 629 629 629 650 650 650 651 651 651 648 648 648 652 652 652 648 648 648 651 651 651 648 648 648 652 652 652 641 641 641 653 653 653 654 654 654 655 655 655 656 656 656 655 655 655 654 654 654 655 655 655 656 656 656 657 657 657 658 658 658 659 659 659 660 660 660 661 661 661 662 662 662 663 663 663 662 662 662 664 664 664 663 663 663 665 665 665 663 663 663 664 664 664 663 663 663 665 665 665 666 666 666 667 667 667 668 668 668 669 669 669 670 670 670 671 671 671 667 667 667 672 672 672 667 667 667 671 671 671 667 667 667 672 672 672 668 668 668 673 673 673 670 670 670 674 674 674 667 667 667 674 674 674 670 670 670 674 674 674 667 667 667 675 675 675 669 669 669 675 675 675 667 667 667 675 675 675 669 669 669 676 676 676 676 676 676 669 669 669 677 677 677 678 678 678 677 677 677 669 669 669 677 677 677 678 678 678 679 679 679 680 680 680 681 681 681 682 682 682 680 680 680 682 682 682 621 621 621 682 682 682 683 683 683 621 621 621 684 684 684 621 621 621 683 683 683 621 621 621 684 684 684 685 685 685 685 685 685 686 686 686 621 621 621 687 687 687 621 621 621 686 686 686 621 621 621 687 687 687 619 619 619 688 688 688 689 689 689 690 690 690 691 691 691 690 690 690 689 689 689 690 690 690 691 691 691 692 692 692 693 693 693 692 692 692 691 691 691 692 692 692 693 693 693 694 694 694 695 695 695 694 694 694 693 693 693 696 696 696 697 697 697 698 698 698 696 696 696 698 698 698 699 699 699 700 700 700 701 701 701 698 698 698 702 702 702 698 698 698 701 701 701 698 698 698 702 702 702 699 699 699 703 703 703 699 699 699 702 702 702 699 699 699 703 703 703 696 696 696 704 704 704 696 696 696 703 703 703 696 696 696 704 704 704 697 697 697 705 705 705 697 697 697 704 704 704 697 697 697 705 705 705 698 698 698 706 706 706 698 698 698 705 705 705 698 698 698 706 706 706 707 707 707 616 616 616 618 618 618 708 708 708 709 709 709 708 708 708 618 618 618 708 708 708 709 709 709 710 710 710 711 711 711 710 710 710 709 709 709 710 710 710 711 711 711 712 712 712 713 713 713 712 712 712 711 711 711 712 712 712 713 713 713 714 714 714 713 713 713 715 715 715 714 714 714 716 716 716 714 714 714 715 715 715 714 714 714 716 716 716 717 717 717 718 718 718 717 717 717 716 716 716 717 717 717 718 718 718 719 719 719 720 720 720 719 719 719 718 718 718 719 719 719 720 720 720 721 721 721 722 722 722 721 721 721 720 720 720 721 721 721 722 722 722 723 723 723 724 724 724 723 723 723 722 722 722 723 723 723 724 724 724 725 725 725 726 726 726 727 727 727 728 728 728 729 729 729 728 728 728 727 727 727 728 728 728 729 729 729 730 730 730 731 731 731 730 730 730 729 729 729 732 732 732 733 733 733 734 734 734 735 735 735 734 734 734 733 733 733 734 734 734 735 735 735 736 736 736 737 737 737 736 736 736 735 735 735 736 736 736 737 737 737 738 738 738 739 739 739 738 738 738 737 737 737 738 738 738 739 739 739 740 740 740 741 741 741 740 740 740 739 739 739 740 740 740 741 741 741 742 742 742 726 726 726 742 742 742 741 741 741 743 743 743 744 744 744 745 745 745 746 746 746 747 747 747 748 748 748 749 749 749 748 748 748 747 747 747 748 748 748 749 749 749 750 750 750 751 751 751 744 744 744 752 752 752 743 743 743 752 752 752 744 744 744 752 752 752 743 743 743 753 753 753 754 754 754 755 755 755 756 756 756 757 757 757 756 756 756 755 755 755 756 756 756 757 757 757 758 758 758 759 759 759 758 758 758 757 757 757 755 755 755 745 745 745 757 757 757 744 744 744 757 757 757 745 745 745 757 757 757 744 744 744 759 759 759 751 751 751 759 759 759 744 744 744 759 759 759 751 751 751 760 760 760 761 761 761 762 762 762 579 579 579 763 763 763 760 760 760 764 764 764 751 751 751 764 764 764 760 760 760 764 764 764 751 751 751 765 765 765 752 752 752 765 765 765 751 751 751 765 765 765 752 752 752 766 766 766 753 753 753 766 766 766 752 752 752 766 766 766 753 753 753 767 767 767 768 768 768 769 769 769 770 770 770 771 771 771 770 770 770 769 769 769 772 772 772 773 773 773 774 774 774 614 614 614 775 775 775 776 776 776 777 777 777 778 778 778 779 779 779 780 780 780 779 779 779 778 778 778 779 779 779 780 780 780 781 781 781 510 510 510 782 782 782 776 776 776 614 614 614 776 776 776 510 510 510 782 782 782 510 510 510 776 776 776 510 510 510 782 782 782 783 783 783 784 784 784 783 783 783 782 782 782 783 783 783 784 784 784 510 510 510 785 785 785 510 510 510 784 784 784 510 510 510 785 785 785 786 786 786 784 784 784 786 786 786 785 785 785 786 786 786 784 784 784 787 787 787 782 782 782 787 787 787 784 784 784 787 787 787 782 782 782 786 786 786 510 510 510 786 786 786 782 782 782 788 788 788 789 789 789 790 790 790 610 610 610 791 791 791 608 608 608 792 792 792 608 608 608 791 791 791 608 608 608 792 792 792 609 609 609 510 510 510 609 609 609 792 792 792 609 609 609 510 510 510 793 793 793 789 789 789 788 788 788 510 510 510 790 790 790 794 794 794 788 788 788 795 795 795 788 788 788 794 794 794 788 788 788 795 795 795 510 510 510 796 796 796 797 797 797 798 798 798 799 799 799 510 510 510 800 800 800 801 801 801 802 802 802 803 803 803 510 510 510 803 803 803 802 802 802 803 803 803 510 510 510 801 801 801 792 792 792 801 801 801 510 510 510 801 801 801 792 792 792 802 802 802 791 791 791 802 802 802 792 792 792 802 802 802 791 791 791 510 510 510 610 610 610 510 510 510 791 791 791 510 510 510 610 610 610 789 789 789 609 609 609 789 789 789 610 610 610 789 789 789 609 609 609 790 790 790 793 793 793 790 790 790 609 609 609 790 790 790 793 793 793 794 794 794 804 804 804 794 794 794 793 793 793 794 794 794 804 804 804 795 795 795 805 805 805 795 795 795 804 804 804 795 795 795 805 805 805 510 510 510 806 806 806 510 510 510 805 805 805 510 510 510 806 806 806 800 800 800 598 598 598 800 800 800 806 806 806 807 807 807 808 808 808 809 809 809 613 613 613 809 809 809 808 808 808 809 809 809 613 613 613 810 810 810 612 612 612 810 810 810 613 613 613 810 810 810 612 612 612 811 811 811 812 812 812 798 798 798 813 813 813 814 814 814 815 815 815 816 816 816 813 813 813 816 816 816 815 815 815 615 615 615 817 817 817 818 818 818 819 819 819 818 818 818 817 817 817 818 818 818 819 819 819 820 820 820 820 820 820 781 781 781 818 818 818 780 780 780 818 818 818 781 781 781 818 818 818 780 780 780 615 615 615 778 778 778 615 615 615 780 780 780 615 615 615 778 778 778 614 614 614 777 777 777 614 614 614 778 778 778 614 614 614 777 777 777 775 775 775 821 821 821 822 822 822 823 823 823 824 824 824 823 823 823 822 822 822 823 823 823 824 824 824 825 825 825 826 826 826 825 825 825 824 824 824 825 825 825 826 826 826 827 827 827 828 828 828 829 829 829 830 830 830 831 831 831 832 832 832 833 833 833 605 605 605 833 833 833 832 832 832 833 833 833 605 605 605 834 834 834 607 607 607 834 834 834 605 605 605 834 834 834 607 607 607 835 835 835 836 836 836 831 831 831 837 837 837 833 833 833 837 837 837 831 831 831 837 837 837 833 833 833 838 838 838 834 834 834 838 838 838 833 833 833 838 838 838 834 834 834 839 839 839 835 835 835 839 839 839 834 834 834 839 839 839 835 835 835 840 840 840 841 841 841 842 842 842 822 822 822 843 843 843 822 822 822 842 842 842 822 822 822 843 843 843 824 824 824 844 844 844 824 824 824 843 843 843 824 824 824 844 844 844 826 826 826 845 845 845 826 826 826 844 844 844 846 846 846 847 847 847 848 848 848 849 849 849 848 848 848 847 847 847 848 848 848 849 849 849 772 772 772 850 850 850 772 772 772 849 849 849 772 772 772 850 850 850 773 773 773 798 798 798 812 812 812 796 796 796 851 851 851 796 796 796 812 812 812 796 796 796 851 851 851 852 852 852 600 600 600 599 599 599 853 853 853 814 814 814 854 854 854 815 815 815 853 853 853 815 815 815 854 854 854 815 815 815 853 853 853 855 855 855 599 599 599 855 855 855 853 853 853 855 855 855 599 599 599 856 856 856 601 601 601 856 856 856 599 599 599 856 856 856 601 601 601 857 857 857 858 858 858 859 859 859 860 860 860 861 861 861 860 860 860 859 859 859 860 860 860 861 861 861 862 862 862 863 863 863 864 864 864 865 865 865 866 866 866 865 865 865 864 864 864 865 865 865 866 866 866 867 867 867 857 857 857 601 601 601 862 862 862 600 600 600 862 862 862 601 601 601 862 862 862 600 600 600 860 860 860 853 853 853 860 860 860 600 600 600 860 860 860 853 853 853 858 858 858 854 854 854 858 858 858 853 853 853 858 858 858 854 854 854 868 868 868 869 869 869 868 868 868 854 854 854 868 868 868 869 869 869 870 870 870 871 871 871 870 870 870 869 869 869 870 870 870 871 871 871 872 872 872 873 873 873 872 872 872 871 871 871 872 872 872 873 873 873 874 874 874 875 875 875 874 874 874 873 873 873 874 874 874 875 875 875 876 876 876 877 877 877 876 876 876 875 875 875 876 876 876 877 877 877 878 878 878 879 879 879 878 878 878 877 877 877 878 878 878 879 879 879 880 880 880 850 850 850 817 817 817 773 773 773 615 615 615 773 773 773 817 817 817 773 773 773 615 615 615 774 774 774 510 510 510 774 774 774 615 615 615 774 774 774 510 510 510 772 772 772 827 827 827 772 772 772 510 510 510 772 772 772 827 827 827 848 848 848 826 826 826 848 848 848 827 827 827 848 848 848 826 826 826 846 846 846 845 845 845 846 846 846 826 826 826 881 881 881 882 882 882 883 883 883 884 884 884 883 883 883 882 882 882 885 885 885 886 886 886 887 887 887 888 888 888 887 887 887 886 886 886 887 887 887 888 888 888 889 889 889 890 890 890 889 889 889 888 888 888 889 889 889 890 890 890 891 891 891 892 892 892 885 885 885 893 893 893 887 887 887 893 893 893 885 885 885 893 893 893 887 887 887 894 894 894 889 889 889 894 894 894 887 887 887 894 894 894 889 889 889 882 882 882 891 891 891 882 882 882 889 889 889 882 882 882 891 891 891 884 884 884 594 594 594 895 895 895 595 595 595 896 896 896 595 595 595 895 895 895 595 595 595 896 896 896 897 897 897 898 898 898 899 899 899 900 900 900 901 901 901 902 902 902 903 903 903 904 904 904 845 845 845 899 899 899 905 905 905 906 906 906 907 907 907 908 908 908 907 907 907 906 906 906 590 590 590 592 592 592 909 909 909 910 910 910 911 911 911 912 912 912 910 910 910 912 912 912 913 913 913 914 914 914 915 915 915 916 916 916 917 917 917 916 916 916 915 915 915 918 918 918 867 867 867 919 919 919 866 866 866 919 919 919 867 867 867 919 919 919 866 866 866 920 920 920 864 864 864 920 920 920 866 866 866 920 920 920 864 864 864 921 921 921 863 863 863 921 921 921 864 864 864 921 921 921 863 863 863 917 917 917 909 909 909 917 917 917 863 863 863 917 917 917 909 909 909 916 916 916 592 592 592 916 916 916 909 909 909 916 916 916 592 592 592 914 914 914 813 813 813 815 815 815 812 812 812 855 855 855 812 812 812 815 815 815 812 812 812 855 855 855 851 851 851 856 856 856 851 851 851 855 855 855 851 851 851 856 856 856 852 852 852 857 857 857 852 852 852 856 856 856 852 852 852 857 857 857 922 922 922 862 862 862 922 922 922 857 857 857 922 922 922 862 862 862 918 918 918 861 861 861 918 918 918 862 862 862 918 918 918 861 861 861 867 867 867 859 859 859 867 867 867 861 861 861 867 867 867 859 859 859 865 865 865 858 858 858 865 865 865 859 859 859 865 865 865 858 858 858 863 863 863 868 868 868 863 863 863 858 858 858 863 863 863 868 868 868 909 909 909 870 870 870 909 909 909 868 868 868 909 909 909 870 870 870 590 590 590 872 872 872 590 590 590 870 870 870 590 590 590 872 872 872 591 591 591 874 874 874 591 591 591 872 872 872 591 591 591 874 874 874 592 592 592 923 923 923 587 587 587 924 924 924 589 589 589 924 924 924 587 587 587 924 924 924 589 589 589 905 905 905 925 925 925 905 905 905 589 589 589 905 905 905 925 925 925 906 906 906 908 908 908 926 926 926 907 907 907 927 927 927 907 907 907 926 926 926 907 907 907 927 927 927 905 905 905 584 584 584 905 905 905 927 927 927 905 905 905 584 584 584 924 924 924 586 586 586 924 924 924 584 584 584 924 924 924 586 586 586 923 923 923 928 928 928 929 929 929 930 930 930 898 898 898 930 930 930 929 929 929 931 931 931 932 932 932 581 581 581 598 598 598 597 597 597 800 800 800 933 933 933 800 800 800 597 597 597 800 800 800 933 933 933 799 799 799 579 579 579 762 762 762 580 580 580 934 934 934 580 580 580 762 762 762 580 580 580 934 934 934 935 935 935 936 936 936 935 935 935 934 934 934 935 935 935 936 936 936 575 575 575 937 937 937 575 575 575 936 936 936 575 575 575 937 937 937 576 576 576 938 938 938 939 939 939 940 940 940 897 897 897 940 940 940 939 939 939 940 940 940 897 897 897 941 941 941 896 896 896 941 941 941 897 897 897 941 941 941 896 896 896 931 931 931 895 895 895 931 931 931 896 896 896 931 931 931 895 895 895 932 932 932 942 942 942 943 943 943 944 944 944 945 945 945 944 944 944 943 943 943 944 944 944 945 945 945 946 946 946 947 947 947 946 946 946 945 945 945 946 946 946 947 947 947 948 948 948 949 949 949 948 948 948 947 947 947 948 948 948 949 949 949 901 901 901 950 950 950 901 901 901 949 949 949 901 901 901 950 950 950 902 902 902 951 951 951 902 902 902 950 950 950 902 902 902 951 951 951 903 903 903 931 931 931 952 952 952 941 941 941 953 953 953 941 941 941 952 952 952 941 941 941 953 953 953 940 940 940 954 954 954 940 940 940 953 953 953 940 940 940 954 954 954 938 938 938 955 955 955 938 938 938 954 954 954 938 938 938 955 955 955 939 939 939 956 956 956 957 957 957 958 958 958 959 959 959 960 960 960 961 961 961 962 962 962 961 961 961 960 960 960 961 961 961 962 962 962 963 963 963 925 925 925 964 964 964 906 906 906 904 904 904 906 906 906 964 964 964 906 906 906 904 904 904 908 908 908 899 899 899 908 908 908 904 904 904 908 908 908 899 899 899 926 926 926 965 965 965 926 926 926 899 899 899 926 926 926 965 965 965 927 927 927 966 966 966 927 927 927 965 965 965 927 927 927 966 966 966 584 584 584 967 967 967 584 584 584 966 966 966 584 584 584 967 967 967 585 585 585 968 968 968 585 585 585 967 967 967 585 585 585 968 968 968 586 586 586 962 962 962 586 586 586 968 968 968 586 586 586 962 962 962 923 923 923 960 960 960 923 923 923 962 962 962 923 923 923 960 960 960 587 587 587 969 969 969 970 970 970 971 971 971 972 972 972 971 971 971 970 970 970 958 958 958 957 957 957 973 973 973 581 581 581 583 583 583 931 931 931 974 974 974 931 931 931 583 583 583 931 931 931 974 974 974 952 952 952 975 975 975 952 952 952 974 974 974 952 952 952 975 975 975 953 953 953 971 971 971 953 953 953 975 975 975 953 953 953 971 971 971 954 954 954 972 972 972 954 954 954 971 971 971 954 954 954 972 972 972 955 955 955 976 976 976 977 977 977 978 978 978 979 979 979 571 571 571 980 980 980 573 573 573 980 980 980 571 571 571 980 980 980 573 573 573 981 981 981 574 574 574 981 981 981 573 573 573 981 981 981 574 574 574 942 942 942 982 982 982 942 942 942 574 574 574 942 942 942 982 982 982 943 943 943 983 983 983 984 984 984 985 985 985 986 986 986 985 985 985 984 984 984 985 985 985 986 986 986 987 987 987 988 988 988 987 987 987 986 986 986 987 987 987 988 988 988 989 989 989 990 990 990 989 989 989 988 988 988 991 991 991 990 990 990 992 992 992 988 988 988 992 992 992 990 990 990 992 992 992 988 988 988 993 993 993 986 986 986 993 993 993 988 988 988 993 993 993 986 986 986 994 994 994 984 984 984 994 994 994 986 986 986 989 989 989 995 995 995 987 987 987 996 996 996 987 987 987 995 995 995 987 987 987 996 996 996 985 985 985 978 978 978 985 985 985 996 996 996 985 985 985 978 978 978 983 983 983 977 977 977 983 983 983 978 978 978 983 983 983 977 977 977 997 997 997 899 899 899 898 898 898 965 965 965 929 929 929 965 965 965 898 898 898 965 965 965 929 929 929 966 966 966 928 928 928 966 966 966 929 929 929 966 966 966 928 928 928 967 967 967 998 998 998 967 967 967 928 928 928 967 967 967 998 998 998 968 968 968 956 956 956 968 968 968 998 998 998 968 968 968 956 956 956 962 962 962 958 958 958 962 962 962 956 956 956 962 962 962 958 958 958 963 963 963 973 973 973 963 963 963 958 958 958 963 963 963 973 973 973 999 999 999 1000 1000 1000 997 997 997 577 577 577 977 977 977 577 577 577 997 997 997 577 577 577 977 977 977 575 575 575 976 976 976 575 575 575 977 977 977 575 575 575 976 976 976 935 935 935 1001 1001 1001 935 935 935 976 976 976 935 935 935 1001 1001 1001 580 580 580 1002 1002 1002 580 580 580 1001 1001 1001 580 580 580 1002 1002 1002 578 578 578 1003 1003 1003 578 578 578 1002 1002 1002 588 588 588 587 587 587 1004 1004 1004 960 960 960 1004 1004 1004 587 587 587 1004 1004 1004 960 960 960 912 912 912 1005 1005 1005 912 912 912 960 960 960 912 912 912 1005 1005 1005 913 913 913 1006 1006 1006 913 913 913 1007 1007 1007 1005 1005 1005 1007 1007 1007 913 913 913 1007 1007 1007 1005 1005 1005 1008 1008 1008 960 960 960 1008 1008 1008 1005 1005 1005 1008 1008 1008 960 960 960 1009 1009 1009 959 959 959 1009 1009 1009 960 960 960 1010 1010 1010 596 596 596 1011 1011 1011 598 598 598 1011 1011 1011 596 596 596 1011 1011 1011 598 598 598 1012 1012 1012 806 806 806 1012 1012 1012 598 598 598 1012 1012 1012 806 806 806 807 807 807 805 805 805 807 807 807 806 806 806 807 807 807 805 805 805 808 808 808 804 804 804 808 808 808 805 805 805 808 808 808 804 804 804 613 613 613 793 793 793 613 613 613 804 804 804 613 613 613 793 793 793 611 611 611 510 510 510 611 611 611 793 793 793 611 611 611 510 510 510 1013 1013 1013 776 776 776 1013 1013 1013 510 510 510 1013 1013 1013 776 776 776 611 611 611 775 775 775 611 611 611 776 776 776 611 611 611 775 775 775 612 612 612 777 777 777 612 612 612 775 775 775 612 612 612 777 777 777 811 811 811 779 779 779 811 811 811 777 777 777 811 811 811 779 779 779 816 816 816 781 781 781 816 816 816 779 779 779 816 816 816 781 781 781 814 814 814 820 820 820 814 814 814 781 781 781 814 814 814 820 820 820 854 854 854 819 819 819 854 854 854 820 820 820 854 854 854 819 819 819 869 869 869 817 817 817 869 869 869 819 819 819 869 869 869 817 817 817 871 871 871 850 850 850 871 871 871 817 817 817 871 871 871 850 850 850 873 873 873 849 849 849 873 873 873 850 850 850 873 873 873 849 849 849 875 875 875 847 847 847 875 875 875 849 849 849 875 875 875 847 847 847 877 877 877 846 846 846 877 877 877 847 847 847 877 877 877 846 846 846 879 879 879 845 845 845 879 879 879 846 846 846 879 879 879 845 845 845 880 880 880 904 904 904 880 880 880 845 845 845 880 880 880 904 904 904 878 878 878 964 964 964 878 878 878 904 904 904 878 878 878 964 964 964 876 876 876 925 925 925 876 876 876 964 964 964 876 876 876 925 925 925 874 874 874 589 589 589 874 874 874 925 925 925 874 874 874 589 589 589 592 592 592 588 588 588 592 592 592 589 589 589 592 592 592 588 588 588 914 914 914 1004 1004 1004 914 914 914 588 588 588 914 914 914 1004 1004 1004 915 915 915 912 912 912 915 915 915 1004 1004 1004 915 915 915 912 912 912 917 917 917 911 911 911 917 917 917 912 912 912 917 917 917 911 911 911 921 921 921 910 910 910 921 921 921 911 911 911 921 921 921 910 910 910 920 920 920 913 913 913 920 920 920 910 910 910 920 920 920 913 913 913 919 919 919 1006 1006 1006 919 919 919 913 913 913 919 919 919 1006 1006 1006 918 918 918 1010 1010 1010 918 918 918 1006 1006 1006 918 918 918 1010 1010 1010 922 922 922 1011 1011 1011 922 922 922 1010 1010 1010 922 922 922 1011 1011 1011 852 852 852 1012 1012 1012 852 852 852 1011 1011 1011 852 852 852 1012 1012 1012 796 796 796 807 807 807 796 796 796 1012 1012 1012 796 796 796 807 807 807 797 797 797 809 809 809 797 797 797 807 807 807 797 797 797 809 809 809 798 798 798 810 810 810 798 798 798 809 809 809 798 798 798 810 810 810 813 813 813 811 811 811 813 813 813 810 810 810 813 813 813 811 811 811 816 816 816 1014 1014 1014 1015 1015 1015 1016 1016 1016 1017 1017 1017 570 570 570 1018 1018 1018 569 569 569 1018 1018 1018 570 570 570 1018 1018 1018 569 569 569 1019 1019 1019 1020 1020 1020 1019 1019 1019 569 569 569 1021 1021 1021 1022 1022 1022 1023 1023 1023 1024 1024 1024 1023 1023 1023 1022 1022 1022 1023 1023 1023 1024 1024 1024 1025 1025 1025 1026 1026 1026 1025 1025 1025 1024 1024 1024 1025 1025 1025 1026 1026 1026 1027 1027 1027 1028 1028 1028 1027 1027 1027 1026 1026 1026 1027 1027 1027 1028 1028 1028 1029 1029 1029 1030 1030 1030 1031 1031 1031 1032 1032 1032 1030 1030 1030 1032 1032 1032 1033 1033 1033 1034 1034 1034 1033 1033 1033 1032 1032 1032 1033 1033 1033 1034 1034 1034 1035 1035 1035 1036 1036 1036 1035 1035 1035 1034 1034 1034 1035 1035 1035 1036 1036 1036 1037 1037 1037 562 562 562 564 564 564 1038 1038 1038 1039 1039 1039 1037 1037 1037 1040 1040 1040 1036 1036 1036 1040 1040 1040 1037 1037 1037 1040 1040 1040 1036 1036 1036 1041 1041 1041 1034 1034 1034 1041 1041 1041 1036 1036 1036 1041 1041 1041 1034 1034 1034 746 746 746 1032 1032 1032 746 746 746 1034 1034 1034 746 746 746 1032 1032 1032 747 747 747 1031 1031 1031 747 747 747 1032 1032 1032 747 747 747 1031 1031 1031 749 749 749 1042 1042 1042 1017 1017 1017 1043 1043 1043 1018 1018 1018 1043 1043 1043 1017 1017 1017 1043 1043 1043 1018 1018 1018 1044 1044 1044 1019 1019 1019 1044 1044 1044 1018 1018 1018 1044 1044 1044 1019 1019 1019 1045 1045 1045 1020 1020 1020 1045 1045 1045 1019 1019 1019 1045 1045 1045 1020 1020 1020 1046 1046 1046 1047 1047 1047 1048 1048 1048 1049 1049 1049 1050 1050 1050 1049 1049 1049 1048 1048 1048 1049 1049 1049 1050 1050 1050 1051 1051 1051 1052 1052 1052 1051 1051 1051 1050 1050 1050 1051 1051 1051 1052 1052 1052 1053 1053 1053 1054 1054 1054 1016 1016 1016 1055 1055 1055 1015 1015 1015 1055 1055 1055 1016 1016 1016 1055 1055 1055 1015 1015 1015 1056 1056 1056 1057 1057 1057 1056 1056 1056 1015 1015 1015 1056 1056 1056 1057 1057 1057 1058 1058 1058 1059 1059 1059 1058 1058 1058 1057 1057 1057 1058 1058 1058 1059 1059 1059 1060 1060 1060 1061 1061 1061 1060 1060 1060 1059 1059 1059 1060 1060 1060 1061 1061 1061 1062 1062 1062 1063 1063 1063 1062 1062 1062 1061 1061 1061 1062 1062 1062 1063 1063 1063 1064 1064 1064 1065 1065 1065 1066 1066 1066 1067 1067 1067 1064 1064 1064 1067 1067 1067 1066 1066 1066 1067 1067 1067 1064 1064 1064 1068 1068 1068 1063 1063 1063 1068 1068 1068 1064 1064 1064 1068 1068 1068 1063 1063 1063 1069 1069 1069 560 560 560 559 559 559 1070 1070 1070 1071 1071 1071 1070 1070 1070 559 559 559 1070 1070 1070 1071 1071 1071 1072 1072 1072 1073 1073 1073 633 633 633 1074 1074 1074 1075 1075 1075 1074 1074 1074 633 633 633 1076 1076 1076 648 648 648 1077 1077 1077 647 647 647 1077 1077 1077 648 648 648 1077 1077 1077 647 647 647 1078 1078 1078 633 633 633 1078 1078 1078 647 647 647 1078 1078 1078 633 633 633 1079 1079 1079 1073 1073 1073 1079 1079 1079 633 633 633 1076 1076 1076 1080 1080 1080 648 648 648 1081 1081 1081 648 648 648 1080 1080 1080 648 648 648 1081 1081 1081 558 558 558 1082 1082 1082 558 558 558 1081 1081 1081 558 558 558 1082 1082 1082 1083 1083 1083 1084 1084 1084 1085 1085 1085 1086 1086 1086 1084 1084 1084 1086 1086 1086 1087 1087 1087 1088 1088 1088 1087 1087 1087 1089 1089 1089 1086 1086 1086 1089 1089 1089 1087 1087 1087 1089 1089 1089 1086 1086 1086 1090 1090 1090 1065 1065 1065 1090 1090 1090 1086 1086 1086 1090 1090 1090 1065 1065 1065 1091 1091 1091 1067 1067 1067 1091 1091 1091 1065 1065 1065 1091 1091 1091 1067 1067 1067 1092 1092 1092 1068 1068 1068 1092 1092 1092 1067 1067 1067 1092 1092 1092 1068 1068 1068 1093 1093 1093 1069 1069 1069 1093 1093 1093 1068 1068 1068 1085 1085 1085 1094 1094 1094 1086 1086 1086 1095 1095 1095 1086 1086 1086 1094 1094 1094 1086 1086 1086 1095 1095 1095 1096 1096 1096 1096 1096 1096 1097 1097 1097 1086 1086 1086 1098 1098 1098 1086 1086 1086 1097 1097 1097 1086 1086 1086 1098 1098 1098 1099 1099 1099 638 638 638 703 703 703 634 634 634 1066 1066 1066 634 634 634 703 703 703 634 634 634 1066 1066 1066 1100 1100 1100 1065 1065 1065 1100 1100 1100 1066 1066 1066 1100 1100 1100 1065 1065 1065 632 632 632 1086 1086 1086 632 632 632 1065 1065 1065 632 632 632 1086 1086 1086 633 633 633 1099 1099 1099 633 633 633 1086 1086 1086 633 633 633 1099 1099 1099 1075 1075 1075 1088 1088 1088 1089 1089 1089 1101 1101 1101 1090 1090 1090 1101 1101 1101 1089 1089 1089 1101 1101 1101 1090 1090 1090 1102 1102 1102 1091 1091 1091 1102 1102 1102 1090 1090 1090 1102 1102 1102 1091 1091 1091 1103 1103 1103 1092 1092 1092 1103 1103 1103 1091 1091 1091 1103 1103 1103 1092 1092 1092 1104 1104 1104 1093 1093 1093 1104 1104 1104 1092 1092 1092 1104 1104 1104 1093 1093 1093 1105 1105 1105 1106 1106 1106 1107 1107 1107 1108 1108 1108 629 629 629 648 648 648 630 630 630 558 558 558 630 630 630 648 648 648 630 630 630 558 558 558 1109 1109 1109 557 557 557 1109 1109 1109 558 558 558 1109 1109 1109 557 557 557 1110 1110 1110 655 655 655 1111 1111 1111 1112 1112 1112 1113 1113 1113 1112 1112 1112 1111 1111 1111 1114 1114 1114 1115 1115 1115 1116 1116 1116 1117 1117 1117 1116 1116 1116 1115 1115 1115 1116 1116 1116 1117 1117 1117 1113 1113 1113 1118 1118 1118 1113 1113 1113 1117 1117 1117 1113 1113 1113 1118 1118 1118 1112 1112 1112 1119 1119 1119 1112 1112 1112 1118 1118 1118 556 556 556 1120 1120 1120 557 557 557 1121 1121 1121 557 557 557 1120 1120 1120 557 557 557 1121 1121 1121 1110 1110 1110 1122 1122 1122 1110 1110 1110 1121 1121 1121 1110 1110 1110 1122 1122 1122 1123 1123 1123 1106 1106 1106 1124 1124 1124 1125 1125 1125 1126 1126 1126 1125 1125 1125 1124 1124 1124 1127 1127 1127 1128 1128 1128 1129 1129 1129 1130 1130 1130 1129 1129 1129 1128 1128 1128 1129 1129 1129 1130 1130 1130 1126 1126 1126 1131 1131 1131 1126 1126 1126 1130 1130 1130 1126 1126 1126 1131 1131 1131 1125 1125 1125 1106 1106 1106 1108 1108 1108 1124 1124 1124 1132 1132 1132 1124 1124 1124 1108 1108 1108 1124 1124 1124 1132 1132 1132 1126 1126 1126 1133 1133 1133 1126 1126 1126 1132 1132 1132 1126 1126 1126 1133 1133 1133 1129 1129 1129 554 554 554 553 553 553 1134 1134 1134 1135 1135 1135 1134 1134 1134 553 553 553 1134 1134 1134 1135 1135 1135 1136 1136 1136 1119 1119 1119 1118 1118 1118 1137 1137 1137 1117 1117 1117 1137 1137 1137 1118 1118 1118 1137 1137 1137 1117 1117 1117 1138 1138 1138 1115 1115 1115 1138 1138 1138 1117 1117 1117 1138 1138 1138 1115 1115 1115 1139 1139 1139 1114 1114 1114 1139 1139 1139 1115 1115 1115 1139 1139 1139 1114 1114 1114 1140 1140 1140 541 541 541 540 540 540 1141 1141 1141 1142 1142 1142 1141 1141 1141 540 540 540 1141 1141 1141 1142 1142 1142 1143 1143 1143 1144 1144 1144 1145 1145 1145 1146 1146 1146 1133 1133 1133 1144 1144 1144 1129 1129 1129 1146 1146 1146 1129 1129 1129 1144 1144 1144 1129 1129 1129 1146 1146 1146 1127 1127 1127 1147 1147 1147 1127 1127 1127 1146 1146 1146 1148 1148 1148 1149 1149 1149 1150 1150 1150 1151 1151 1151 1150 1150 1150 1149 1149 1149 1150 1150 1150 1151 1151 1151 1152 1152 1152 1153 1153 1153 1152 1152 1152 1151 1151 1151 1152 1152 1152 1153 1153 1153 1154 1154 1154 1155 1155 1155 1154 1154 1154 1153 1153 1153 1154 1154 1154 1155 1155 1155 1156 1156 1156 1157 1157 1157 1156 1156 1156 1155 1155 1155 1156 1156 1156 1157 1157 1157 1158 1158 1158 1159 1159 1159 1158 1158 1158 1157 1157 1157 1158 1158 1158 1159 1159 1159 1160 1160 1160 1161 1161 1161 1162 1162 1162 1163 1163 1163 1164 1164 1164 1163 1163 1163 1162 1162 1162 1163 1163 1163 1164 1164 1164 1165 1165 1165 1166 1166 1166 1165 1165 1165 1164 1164 1164 1167 1167 1167 1161 1161 1161 1168 1168 1168 1163 1163 1163 1168 1168 1168 1161 1161 1161 1168 1168 1168 1163 1163 1163 1169 1169 1169 1165 1165 1165 1169 1169 1169 1163 1163 1163 1169 1169 1169 1165 1165 1165 1170 1170 1170 1166 1166 1166 1170 1170 1170 1165 1165 1165 1170 1170 1170 1166 1166 1166 1171 1171 1171 1172 1172 1172 1171 1171 1171 1173 1173 1173 1166 1166 1166 1173 1173 1173 1171 1171 1171 1173 1173 1173 1166 1166 1166 1174 1174 1174 1164 1164 1164 1174 1174 1174 1166 1166 1166 1174 1174 1174 1164 1164 1164 1175 1175 1175 1162 1162 1162 1175 1175 1175 1164 1164 1164 1176 1176 1176 1177 1177 1177 1178 1178 1178 1179 1179 1179 1178 1178 1178 1177 1177 1177 1178 1178 1178 1179 1179 1179 550 550 550 1180 1180 1180 1172 1172 1172 1181 1181 1181 1173 1173 1173 1181 1181 1181 1172 1172 1172 1181 1181 1181 1173 1173 1173 1182 1182 1182 1174 1174 1174 1182 1182 1182 1173 1173 1173 1182 1182 1182 1174 1174 1174 1183 1183 1183 1175 1175 1175 1183 1183 1183 1174 1174 1174 1183 1183 1183 1175 1175 1175 1184 1184 1184 1107 1107 1107 1088 1088 1088 1108 1108 1108 1101 1101 1101 1108 1108 1108 1088 1088 1088 1108 1108 1108 1101 1101 1101 1132 1132 1132 1102 1102 1102 1132 1132 1132 1101 1101 1101 1132 1132 1132 1102 1102 1102 1133 1133 1133 1103 1103 1103 1133 1133 1133 1102 1102 1102 1133 1133 1133 1103 1103 1103 1144 1144 1144 1104 1104 1104 1144 1144 1144 1103 1103 1103 1144 1144 1144 1104 1104 1104 1145 1145 1145 1105 1105 1105 1145 1145 1145 1104 1104 1104 1083 1083 1083 1087 1087 1087 558 558 558 1088 1088 1088 558 558 558 1087 1087 1087 558 558 558 1088 1088 1088 556 556 556 1107 1107 1107 556 556 556 1088 1088 1088 556 556 556 1107 1107 1107 1185 1185 1185 1106 1106 1106 1185 1185 1185 1107 1107 1107 1185 1185 1185 1106 1106 1106 1160 1160 1160 1125 1125 1125 1160 1160 1160 1106 1106 1106 1160 1160 1160 1125 1125 1125 1158 1158 1158 1131 1131 1131 1158 1158 1158 1125 1125 1125 1158 1158 1158 1131 1131 1131 1156 1156 1156 1130 1130 1130 1156 1156 1156 1131 1131 1131 1156 1156 1156 1130 1130 1130 1154 1154 1154 1128 1128 1128 1154 1154 1154 1130 1130 1130 1154 1154 1154 1128 1128 1128 1152 1152 1152 1127 1127 1127 1152 1152 1152 1128 1128 1128 1152 1152 1152 1127 1127 1127 1150 1150 1150 1147 1147 1147 1150 1150 1150 1127 1127 1127 1150 1150 1150 1147 1147 1147 1148 1148 1148 1146 1146 1146 1148 1148 1148 1147 1147 1147 1148 1148 1148 1146 1146 1146 1186 1186 1186 1145 1145 1145 1186 1186 1186 1146 1146 1146 1186 1186 1186 1145 1145 1145 1187 1187 1187 1105 1105 1105 1187 1187 1187 1145 1145 1145 1188 1188 1188 1189 1189 1189 1190 1190 1190 1191 1191 1191 1190 1190 1190 1189 1189 1189 555 555 555 1180 1180 1180 553 553 553 1181 1181 1181 553 553 553 1180 1180 1180 553 553 553 1181 1181 1181 1135 1135 1135 1182 1182 1182 1135 1135 1135 1181 1181 1181 1135 1135 1135 1182 1182 1182 1136 1136 1136 1183 1183 1183 1136 1136 1136 1182 1182 1182 1136 1136 1136 1183 1183 1183 1189 1189 1189 1184 1184 1184 1189 1189 1189 1183 1183 1183 1189 1189 1189 1184 1184 1184 1191 1191 1191 1192 1192 1192 1191 1191 1191 1184 1184 1184 1191 1191 1191 1192 1192 1192 1193 1193 1193 1116 1116 1116 1194 1194 1194 1195 1195 1195 549 549 549 1195 1195 1195 1194 1194 1194 549 549 549 548 548 548 1195 1195 1195 1196 1196 1196 1195 1195 1195 548 548 548 1195 1195 1195 1196 1196 1196 1197 1197 1197 550 550 550 552 552 552 1178 1178 1178 1198 1198 1198 1178 1178 1178 552 552 552 1178 1178 1178 1198 1198 1198 1176 1176 1176 1199 1199 1199 1176 1176 1176 1198 1198 1198 1176 1176 1176 1199 1199 1199 1200 1200 1200 1201 1201 1201 1200 1200 1200 1199 1199 1199 1200 1200 1200 1201 1201 1201 1202 1202 1202 1203 1203 1203 546 546 546 1204 1204 1204 545 545 545 1204 1204 1204 546 546 546 1204 1204 1204 545 545 545 1205 1205 1205 544 544 544 1205 1205 1205 545 545 545 1205 1205 1205 544 544 544 1206 1206 1206 1201 1201 1201 1207 1207 1207 1202 1202 1202 1208 1208 1208 1202 1202 1202 1207 1207 1207 1202 1202 1202 1208 1208 1208 1209 1209 1209 1210 1210 1210 1211 1211 1211 1212 1212 1212 1211 1211 1211 1210 1210 1210 1213 1213 1213 1192 1192 1192 1206 1206 1206 1193 1193 1193 544 544 544 1193 1193 1193 1206 1206 1206 1193 1193 1193 544 544 544 1214 1214 1214 546 546 546 1214 1214 1214 544 544 544 1214 1214 1214 546 546 546 1212 1212 1212 1203 1203 1203 1212 1212 1212 546 546 546 1212 1212 1212 1203 1203 1203 1210 1210 1210 1215 1215 1215 1216 1216 1216 1217 1217 1217 1218 1218 1218 1219 1219 1219 1216 1216 1216 1220 1220 1220 1221 1221 1221 1222 1222 1222 1223 1223 1223 1222 1222 1222 1221 1221 1221 1222 1222 1222 1223 1223 1223 1224 1224 1224 1225 1225 1225 1224 1224 1224 1223 1223 1223 1224 1224 1224 1225 1225 1225 1226 1226 1226 1227 1227 1227 1226 1226 1226 1225 1225 1225 1226 1226 1226 1227 1227 1227 1228 1228 1228 1219 1219 1219 1218 1218 1218 1229 1229 1229 543 543 543 1229 1229 1229 535 535 535 1230 1230 1230 535 535 535 1229 1229 1229 535 535 535 1230 1230 1230 536 536 536 1116 1116 1116 1195 1195 1195 1114 1114 1114 1197 1197 1197 1114 1114 1114 1195 1195 1195 1114 1114 1114 1197 1197 1197 1140 1140 1140 1143 1143 1143 1140 1140 1140 1197 1197 1197 1140 1140 1140 1143 1143 1143 1139 1139 1139 1142 1142 1142 1139 1139 1139 1143 1143 1143 1139 1139 1139 1142 1142 1142 1138 1138 1138 540 540 540 1138 1138 1138 1142 1142 1142 1138 1138 1138 540 540 540 1137 1137 1137 542 542 542 1137 1137 1137 540 540 540 1137 1137 1137 542 542 542 1119 1119 1119 1231 1231 1231 1119 1119 1119 542 542 542 1119 1119 1119 1231 1231 1231 1112 1112 1112 1047 1047 1047 1232 1232 1232 1233 1233 1233 1047 1047 1047 1233 1233 1233 1048 1048 1048 1234 1234 1234 1048 1048 1048 1233 1233 1233 1048 1048 1048 1234 1234 1234 1235 1235 1235 1236 1236 1236 1237 1237 1237 1235 1235 1235 1238 1238 1238 1235 1235 1235 1237 1237 1237 1235 1235 1235 1238 1238 1238 1048 1048 1048 1239 1239 1239 1048 1048 1048 1238 1238 1238 1048 1048 1048 1239 1239 1239 1050 1050 1050 1209 1209 1209 1240 1240 1240 1241 1241 1241 1072 1072 1072 1241 1241 1241 1240 1240 1240 1241 1241 1241 1072 1072 1072 1236 1236 1236 1071 1071 1071 1236 1236 1236 1072 1072 1072 1236 1236 1236 1071 1071 1071 1237 1237 1237 559 559 559 1237 1237 1237 1071 1071 1071 1237 1237 1237 559 559 559 1238 1238 1238 561 561 561 1238 1238 1238 559 559 559 1238 1238 1238 561 561 561 1239 1239 1239 1242 1242 1242 1243 1243 1243 1244 1244 1244 537 537 537 1244 1244 1244 1243 1243 1243 537 537 537 539 539 539 1244 1244 1244 1245 1245 1245 1244 1244 1244 539 539 539 1244 1244 1244 1245 1245 1245 1242 1242 1242 1042 1042 1042 1246 1246 1246 1245 1245 1245 1247 1247 1247 1245 1245 1245 1246 1246 1246 1245 1245 1245 1247 1247 1247 1242 1242 1242 1053 1053 1053 568 568 568 1051 1051 1051 570 570 570 1051 1051 1051 568 568 568 1051 1051 1051 570 570 570 1049 1049 1049 1017 1017 1017 1049 1049 1049 570 570 570 1049 1049 1049 1017 1017 1017 1047 1047 1047 1042 1042 1042 1047 1047 1047 1017 1017 1017 1047 1047 1047 1042 1042 1042 1232 1232 1232 1245 1245 1245 1232 1232 1232 1042 1042 1042 1232 1232 1232 1245 1245 1245 1233 1233 1233 539 539 539 1233 1233 1233 1245 1245 1245 1233 1233 1233 539 539 539 1234 1234 1234 538 538 538 1234 1234 1234 539 539 539 1234 1234 1234 538 538 538 1235 1235 1235 537 537 537 1235 1235 1235 538 538 538 1235 1235 1235 537 537 537 1236 1236 1236 1243 1243 1243 1236 1236 1236 537 537 537 1213 1213 1213 1248 1248 1248 1211 1211 1211 1249 1249 1249 1211 1211 1211 1248 1248 1248 1211 1211 1211 1249 1249 1249 1212 1212 1212 1250 1250 1250 1212 1212 1212 1249 1249 1249 1212 1212 1212 1250 1250 1250 1214 1214 1214 1251 1251 1251 1214 1214 1214 1250 1250 1250 1214 1214 1214 1251 1251 1251 1193 1193 1193 1215 1215 1215 1193 1193 1193 1251 1251 1251 1193 1193 1193 1215 1215 1215 1191 1191 1191 1217 1217 1217 1191 1191 1191 1215 1215 1215 1191 1191 1191 1217 1217 1217 1190 1190 1190 1216 1216 1216 1215 1215 1215 1218 1218 1218 1251 1251 1251 1218 1218 1218 1215 1215 1215 1218 1218 1218 1251 1251 1251 1229 1229 1229 1250 1250 1250 1229 1229 1229 1251 1251 1251 1229 1229 1229 1250 1250 1250 1230 1230 1230 1249 1249 1249 1230 1230 1230 1250 1250 1250 1230 1230 1230 1249 1249 1249 536 536 536 1248 1248 1248 536 536 536 1249 1249 1249 536 536 536 1248 1248 1248 1252 1252 1252 1149 1149 1149 1167 1167 1167 1151 1151 1151 1168 1168 1168 1151 1151 1151 1167 1167 1167 1151 1151 1151 1168 1168 1168 1153 1153 1153 1169 1169 1169 1153 1153 1153 1168 1168 1168 1153 1153 1153 1169 1169 1169 1155 1155 1155 1170 1170 1170 1155 1155 1155 1169 1169 1169 1155 1155 1155 1170 1170 1170 1157 1157 1157 1171 1171 1171 1157 1157 1157 1170 1170 1170 1157 1157 1157 1171 1171 1171 1159 1159 1159 1172 1172 1172 1159 1159 1159 1171 1171 1171 1159 1159 1159 1172 1172 1172 1160 1160 1160 1180 1180 1180 1160 1160 1160 1172 1172 1172 1160 1160 1160 1180 1180 1180 1185 1185 1185 555 555 555 1185 1185 1185 1180 1180 1180 1185 1185 1185 555 555 555 556 556 556 554 554 554 556 556 556 555 555 555 556 556 556 554 554 554 1120 1120 1120 1134 1134 1134 1120 1120 1120 554 554 554 1120 1120 1120 1134 1134 1134 1121 1121 1121 1136 1136 1136 1121 1121 1121 1134 1134 1134 1121 1121 1121 1136 1136 1136 1122 1122 1122 1189 1189 1189 1122 1122 1122 1136 1136 1136 1122 1122 1122 1189 1189 1189 1123 1123 1123 1188 1188 1188 1123 1123 1123 1189 1189 1189 1123 1123 1123 1188 1188 1188 1220 1220 1220 1190 1190 1190 1220 1220 1220 1188 1188 1188 1220 1220 1220 1190 1190 1190 1221 1221 1221 1217 1217 1217 1221 1221 1221 1190 1190 1190 1221 1221 1221 1217 1217 1217 1223 1223 1223 1216 1216 1216 1223 1223 1223 1217 1217 1217 1223 1223 1223 1216 1216 1216 1225 1225 1225 1219 1219 1219 1225 1225 1225 1216 1216 1216 1225 1225 1225 1219 1219 1219 1227 1227 1227 1229 1229 1229 1227 1227 1227 1219 1219 1219 1227 1227 1227 1229 1229 1229 1228 1228 1228 543 543 543 1228 1228 1228 1229 1229 1229 1228 1228 1228 543 543 543 1253 1253 1253 534 534 534 1253 1253 1253 543 543 543 1253 1253 1253 534 534 534 1254 1254 1254 536 536 536 1254 1254 1254 534 534 534 1255 1255 1255 1256 1256 1256 1257 1257 1257 1258 1258 1258 1257 1257 1257 1256 1256 1256 1259 1259 1259 1260 1260 1260 1261 1261 1261 1261 1261 1261 1262 1262 1262 1263 1263 1263 1261 1261 1261 1263 1263 1263 1264 1264 1264 1265 1265 1265 536 536 536 1266 1266 1266 1252 1252 1252 1266 1266 1266 536 536 536 1266 1266 1266 1252 1252 1252 1267 1267 1267 1268 1268 1268 1267 1267 1267 1252 1252 1252 1267 1267 1267 1268 1268 1268 1269 1269 1269 1270 1270 1270 1269 1269 1269 1268 1268 1268 1269 1269 1269 1270 1270 1270 1271 1271 1271 1272 1272 1272 1271 1271 1271 1270 1270 1270 1271 1271 1271 1272 1272 1272 1273 1273 1273 1274 1274 1274 1273 1273 1273 1272 1272 1272 1275 1275 1275 1276 1276 1276 1277 1277 1277 1261 1261 1261 1277 1277 1277 1276 1276 1276 1255 1255 1255 1264 1264 1264 1256 1256 1256 1263 1263 1263 1256 1256 1256 1264 1264 1264 1256 1256 1256 1263 1263 1263 1258 1258 1258 1262 1262 1262 1258 1258 1258 1263 1263 1263 1258 1258 1258 1262 1262 1262 1278 1278 1278 1279 1279 1279 1280 1280 1280 1278 1278 1278 1281 1281 1281 1282 1282 1282 1278 1278 1278 547 547 547 1283 1283 1283 548 548 548 1284 1284 1284 548 548 548 1283 1283 1283 548 548 548 1284 1284 1284 1285 1285 1285 1286 1286 1286 1285 1285 1285 1284 1284 1284 1254 1254 1254 1286 1286 1286 1253 1253 1253 1284 1284 1284 1253 1253 1253 1286 1286 1286 1253 1253 1253 1284 1284 1284 1228 1228 1228 1283 1283 1283 1228 1228 1228 1284 1284 1284 1228 1228 1228 1283 1283 1283 1226 1226 1226 547 547 547 1226 1226 1226 1283 1283 1283 1226 1226 1226 547 547 547 1224 1224 1224 549 549 549 1224 1224 1224 547 547 547 1224 1224 1224 549 549 549 1222 1222 1222 1194 1194 1194 1222 1222 1222 549 549 549 1222 1222 1222 1194 1194 1194 1220 1220 1220 1116 1116 1116 1220 1220 1220 1194 1194 1194 1220 1220 1220 1116 1116 1116 1123 1123 1123 1113 1113 1113 1123 1123 1123 1116 1116 1116 1123 1123 1123 1113 1113 1113 1110 1110 1110 1111 1111 1111 1110 1110 1110 1113 1113 1113 1110 1110 1110 1111 1111 1111 1109 1109 1109 655 655 655 1109 1109 1109 1111 1111 1111 1109 1109 1109 655 655 655 630 630 630 657 657 657 630 630 630 655 655 655 630 630 630 657 657 657 628 628 628 1287 1287 1287 1288 1288 1288 1289 1289 1289 1290 1290 1290 1289 1289 1289 1288 1288 1288 1289 1289 1289 1290 1290 1290 1291 1291 1291 563 563 563 525 525 525 564 564 564 524 524 524 564 564 564 525 525 525 564 564 564 524 524 524 1292 1292 1292 1293 1293 1293 1292 1292 1292 524 524 524 767 767 767 761 761 761 766 766 766 579 579 579 766 766 766 761 761 761 766 766 766 579 579 579 765 765 765 578 578 578 765 765 765 579 579 579 765 765 765 578 578 578 764 764 764 1003 1003 1003 764 764 764 578 578 578 764 764 764 1003 1003 1003 763 763 763 1294 1294 1294 763 763 763 1003 1003 1003 763 763 763 1294 1294 1294 760 760 760 1295 1295 1295 760 760 760 1294 1294 1294 760 760 760 1295 1295 1295 759 759 759 1296 1296 1296 759 759 759 1295 1295 1295 759 759 759 1296 1296 1296 758 758 758 1297 1297 1297 758 758 758 1296 1296 1296 758 758 758 1297 1297 1297 756 756 756 1298 1298 1298 756 756 756 1297 1297 1297 756 756 756 1298 1298 1298 754 754 754 1299 1299 1299 754 754 754 1298 1298 1298 991 991 991 1300 1300 1300 990 990 990 1301 1301 1301 990 990 990 1300 1300 1300 990 990 990 1301 1301 1301 989 989 989 1302 1302 1302 989 989 989 1301 1301 1301 989 989 989 1302 1302 1302 995 995 995 969 969 969 995 995 995 1302 1302 1302 995 995 995 969 969 969 996 996 996 971 971 971 996 996 996 969 969 969 996 996 996 971 971 971 978 978 978 975 975 975 978 978 978 971 971 971 978 978 978 975 975 975 976 976 976 974 974 974 976 976 976 975 975 975 976 976 976 974 974 974 1001 1001 1001 583 583 583 1001 1001 1001 974 974 974 1001 1001 1001 583 583 583 1002 1002 1002 582 582 582 1002 1002 1002 583 583 583 1002 1002 1002 582 582 582 1003 1003 1003 1303 1303 1303 1003 1003 1003 582 582 582 1003 1003 1003 1303 1303 1303 1294 1294 1294 1304 1304 1304 1294 1294 1294 1303 1303 1303 1294 1294 1294 1304 1304 1304 1295 1295 1295 1305 1305 1305 1295 1295 1295 1304 1304 1304 1295 1295 1295 1305 1305 1305 1296 1296 1296 1306 1306 1306 1296 1296 1296 1305 1305 1305 1296 1296 1296 1306 1306 1306 1297 1297 1297 1307 1307 1307 1297 1297 1297 1306 1306 1306 1297 1297 1297 1307 1307 1307 1298 1298 1298 1308 1308 1308 1298 1298 1298 1307 1307 1307 1298 1298 1298 1308 1308 1308 1299 1299 1299 1309 1309 1309 1299 1299 1299 1308 1308 1308 1310 1310 1310 1311 1311 1311 1038 1038 1038 1312 1312 1312 1038 1038 1038 1311 1311 1311 1038 1038 1038 1312 1312 1312 562 562 562 1313 1313 1313 562 562 562 1312 1312 1312 562 562 562 1313 1313 1313 563 563 563 532 532 532 563 563 563 1313 1313 1313 563 563 563 532 532 532 525 525 525 528 528 528 527 527 527 533 533 533 1314 1314 1314 533 533 533 527 527 527 533 533 533 1314 1314 1314 531 531 531 1270 1270 1270 1315 1315 1315 1272 1272 1272 1316 1316 1316 1272 1272 1272 1315 1315 1315 1272 1272 1272 1316 1316 1316 1274 1274 1274 1317 1317 1317 1274 1274 1274 1316 1316 1316 1318 1318 1318 1288 1288 1288 1319 1319 1319 1287 1287 1287 1319 1319 1319 1288 1288 1288 1319 1319 1319 1287 1287 1287 1320 1320 1320 1321 1321 1321 1320 1320 1320 1287 1287 1287 1320 1320 1320 1321 1321 1321 1322 1322 1322 1323 1323 1323 1322 1322 1322 1321 1321 1321 1322 1322 1322 1323 1323 1323 1324 1324 1324 566 566 566 565 565 565 1291 1291 1291 1293 1293 1293 1291 1291 1291 565 565 565 1291 1291 1291 1293 1293 1293 1289 1289 1289 524 524 524 1289 1289 1289 1293 1293 1293 1289 1289 1289 524 524 524 1287 1287 1287 526 526 526 1287 1287 1287 524 524 524 1287 1287 1287 526 526 526 1321 1321 1321 1325 1325 1325 1321 1321 1321 526 526 526 1321 1321 1321 1325 1325 1325 1323 1323 1323 1265 1265 1265 1266 1266 1266 1326 1326 1326 1267 1267 1267 1326 1326 1326 1266 1266 1266 1326 1326 1326 1267 1267 1267 1327 1327 1327 1269 1269 1269 1327 1327 1327 1267 1267 1267 1327 1327 1327 1269 1269 1269 1328 1328 1328 1271 1271 1271 1328 1328 1328 1269 1269 1269 1328 1328 1328 1271 1271 1271 1329 1329 1329 1273 1273 1273 1329 1329 1329 1271 1271 1271 1329 1329 1329 1273 1273 1273 1330 1330 1330 1274 1274 1274 1330 1330 1330 1273 1273 1273 1330 1330 1330 1274 1274 1274 522 522 522 1317 1317 1317 522 522 522 1274 1274 1274 522 522 522 1317 1317 1317 520 520 520 1277 1277 1277 1331 1331 1331 1275 1275 1275 1332 1332 1332 1275 1275 1275 1331 1331 1331 1275 1275 1275 1332 1332 1332 1333 1333 1333 1334 1334 1334 1333 1333 1333 1332 1332 1332 1333 1333 1333 1334 1334 1334 1335 1335 1335 1336 1336 1336 1335 1335 1335 1334 1334 1334 1335 1335 1335 1336 1336 1336 1337 1337 1337 1338 1338 1338 1337 1337 1337 1336 1336 1336 1337 1337 1337 1338 1338 1338 1339 1339 1339 1340 1340 1340 1339 1339 1339 1338 1338 1338 1339 1339 1339 1340 1340 1340 1341 1341 1341 1315 1315 1315 1318 1318 1318 1316 1316 1316 1319 1319 1319 1316 1316 1316 1318 1318 1318 1316 1316 1316 1319 1319 1319 1317 1317 1317 1320 1320 1320 1317 1317 1317 1319 1319 1319 1317 1317 1317 1320 1320 1320 520 520 520 1322 1322 1322 520 520 520 1320 1320 1320 520 520 520 1322 1322 1322 523 523 523 1324 1324 1324 523 523 523 1322 1322 1322 1342 1342 1342 1343 1343 1343 1344 1344 1344 1345 1345 1345 1344 1344 1344 1343 1343 1343 1346 1346 1346 1347 1347 1347 1348 1348 1348 1349 1349 1349 1348 1348 1348 1347 1347 1347 1348 1348 1348 1349 1349 1349 1350 1350 1350 1351 1351 1351 1350 1350 1350 1349 1349 1349 1352 1352 1352 1345 1345 1345 1353 1353 1353 1343 1343 1343 1353 1353 1353 1345 1345 1345 1353 1353 1353 1343 1343 1343 1354 1354 1354 1342 1342 1342 1354 1354 1354 1343 1343 1343 1354 1354 1354 1342 1342 1342 1355 1355 1355 1352 1352 1352 1356 1356 1356 1345 1345 1345 1346 1346 1346 1345 1345 1345 1356 1356 1356 1345 1345 1345 1346 1346 1346 1344 1344 1344 1348 1348 1348 1344 1344 1344 1346 1346 1346 1344 1344 1344 1348 1348 1348 1342 1342 1342 1350 1350 1350 1342 1342 1342 1348 1348 1348 1342 1342 1342 1350 1350 1350 1355 1355 1355 1351 1351 1351 1355 1355 1355 1350 1350 1350 1355 1355 1355 1351 1351 1351 1357 1357 1357 1358 1358 1358 1324 1324 1324 1359 1359 1359 1323 1323 1323 1359 1359 1359 1324 1324 1324 1359 1359 1359 1323 1323 1323 1360 1360 1360 1325 1325 1325 1360 1360 1360 1323 1323 1323 1360 1360 1360 1325 1325 1325 1361 1361 1361 526 526 526 1361 1361 1361 1325 1325 1325 1361 1361 1361 526 526 526 1362 1362 1362 525 525 525 1362 1362 1362 526 526 526 1362 1362 1362 525 525 525 1363 1363 1363 532 532 532 1363 1363 1363 525 525 525 1363 1363 1363 532 532 532 1364 1364 1364 531 531 531 1364 1364 1364 532 532 532 1364 1364 1364 531 531 531 1365 1365 1365 1314 1314 1314 1365 1365 1365 531 531 531 1366 1366 1366 1367 1367 1367 1368 1368 1368 1357 1357 1357 1368 1368 1368 1367 1367 1367 1368 1368 1368 1357 1357 1357 1369 1369 1369 1351 1351 1351 1369 1369 1369 1357 1357 1357 1369 1369 1369 1351 1351 1351 1370 1370 1370 1349 1349 1349 1370 1370 1370 1351 1351 1351 1370 1370 1370 1349 1349 1349 1371 1371 1371 1347 1347 1347 1371 1371 1371 1349 1349 1349 1372 1372 1372 1373 1373 1373 1374 1374 1374 1375 1375 1375 1376 1376 1376 1377 1377 1377 1378 1378 1378 1377 1377 1377 1376 1376 1376 1377 1377 1377 1378 1378 1378 1379 1379 1379 771 771 771 1379 1379 1379 1378 1378 1378 1379 1379 1379 771 771 771 1380 1380 1380 769 769 769 1380 1380 1380 771 771 771 1380 1380 1380 769 769 769 1381 1381 1381 768 768 768 1381 1381 1381 769 769 769 768 768 768 602 602 602 1381 1381 1381 604 604 604 1381 1381 1381 602 602 602 1381 1381 1381 604 604 604 1380 1380 1380 1382 1382 1382 1380 1380 1380 604 604 604 1380 1380 1380 1382 1382 1382 1379 1379 1379 1383 1383 1383 1379 1379 1379 1382 1382 1382 1379 1379 1379 1383 1383 1383 1377 1377 1377 1384 1384 1384 1377 1377 1377 1383 1383 1383 1377 1377 1377 1384 1384 1384 1375 1375 1375 1352 1352 1352 1385 1385 1385 1356 1356 1356 1386 1386 1386 1356 1356 1356 1385 1385 1385 1356 1356 1356 1386 1386 1386 1387 1387 1387 507 507 507 1387 1387 1387 1386 1386 1386 1387 1387 1387 507 507 507 1388 1388 1388 506 506 506 1388 1388 1388 507 507 507 1388 1388 1388 506 506 506 828 828 828 505 505 505 828 828 828 506 506 506 828 828 828 505 505 505 829 829 829 603 603 603 841 841 841 604 604 604 822 822 822 604 604 604 841 841 841 604 604 604 822 822 822 1382 1382 1382 821 821 821 1382 1382 1382 822 822 822 1382 1382 1382 821 821 821 1383 1383 1383 1389 1389 1389 1383 1383 1383 821 821 821 1383 1383 1383 1389 1389 1389 1384 1384 1384 1374 1374 1374 1384 1384 1384 1389 1389 1389 1384 1384 1384 1374 1374 1374 1375 1375 1375 1373 1373 1373 1375 1375 1375 1374 1374 1374 1375 1375 1375 1373 1373 1373 1376 1376 1376 1390 1390 1390 1376 1376 1376 1373 1373 1373 1376 1376 1376 1390 1390 1390 1378 1378 1378 1391 1391 1391 1392 1392 1392 1393 1393 1393 1394 1394 1394 1393 1393 1393 1392 1392 1392 1393 1393 1393 1394 1394 1394 1395 1395 1395 1396 1396 1396 1395 1395 1395 1394 1394 1394 1395 1395 1395 1396 1396 1396 1397 1397 1397 1398 1398 1398 1397 1397 1397 1396 1396 1396 1397 1397 1397 1398 1398 1398 518 518 518 518 518 518 517 517 517 1397 1397 1397 1399 1399 1399 1397 1397 1397 517 517 517 1397 1397 1397 1399 1399 1399 1395 1395 1395 1400 1400 1400 1395 1395 1395 1399 1399 1399 1395 1395 1395 1400 1400 1400 1393 1393 1393 1401 1401 1401 1393 1393 1393 1400 1400 1400 1393 1393 1393 1401 1401 1401 1391 1391 1391 1402 1402 1402 1403 1403 1403 1404 1404 1404 1405 1405 1405 1404 1404 1404 1403 1403 1403 1404 1404 1404 1405 1405 1405 1366 1366 1366 1406 1406 1406 1366 1366 1366 1405 1405 1405 1366 1366 1366 1406 1406 1406 1367 1367 1367 1407 1407 1407 1408 1408 1408 1341 1341 1341 516 516 516 515 515 515 1409 1409 1409 1410 1410 1410 1411 1411 1411 1412 1412 1412 1413 1413 1413 1412 1412 1412 1411 1411 1411 1412 1412 1412 1413 1413 1413 1414 1414 1414 830 830 830 1415 1415 1415 828 828 828 770 770 770 828 828 828 1415 1415 1415 828 828 828 770 770 770 1388 1388 1388 771 771 771 1388 1388 1388 770 770 770 1388 1388 1388 771 771 771 1387 1387 1387 1378 1378 1378 1387 1387 1387 771 771 771 1387 1387 1387 1378 1378 1378 1356 1356 1356 1390 1390 1390 1356 1356 1356 1378 1378 1378 1356 1356 1356 1390 1390 1390 1346 1346 1346 1373 1373 1373 1346 1346 1346 1390 1390 1390 1346 1346 1346 1373 1373 1373 1347 1347 1347 1372 1372 1372 1347 1347 1347 1373 1373 1373 1347 1347 1347 1372 1372 1372 1371 1371 1371 1416 1416 1416 1371 1371 1371 1372 1372 1372 1371 1371 1371 1416 1416 1416 1370 1370 1370 1417 1417 1417 1370 1370 1370 1416 1416 1416 1370 1370 1370 1417 1417 1417 1369 1369 1369 1418 1418 1418 1369 1369 1369 1417 1417 1417 1369 1369 1369 1418 1418 1418 1368 1368 1368 1419 1419 1419 1368 1368 1368 1418 1418 1418 1368 1368 1368 1419 1419 1419 1366 1366 1366 1420 1420 1420 1366 1366 1366 1419 1419 1419 1366 1366 1366 1420 1420 1420 1404 1404 1404 1421 1421 1421 1404 1404 1404 1420 1420 1420 1404 1404 1404 1421 1421 1421 1402 1402 1402 1422 1422 1422 1402 1402 1402 1421 1421 1421 1402 1402 1402 1422 1422 1422 1403 1403 1403 1423 1423 1423 1424 1424 1424 1425 1425 1425 1426 1426 1426 1425 1425 1425 1424 1424 1424 1425 1425 1425 1426 1426 1426 1427 1427 1427 1428 1428 1428 1427 1427 1427 1426 1426 1426 1427 1427 1427 1428 1428 1428 1429 1429 1429 1430 1430 1430 1429 1429 1429 1428 1428 1428 1429 1429 1429 1430 1430 1430 1431 1431 1431 519 519 519 1423 1423 1423 517 517 517 1425 1425 1425 517 517 517 1423 1423 1423 517 517 517 1425 1425 1425 1399 1399 1399 1427 1427 1427 1399 1399 1399 1425 1425 1425 1399 1399 1399 1427 1427 1427 1400 1400 1400 1429 1429 1429 1400 1400 1400 1427 1427 1427 1400 1400 1400 1429 1429 1429 1401 1401 1401 1431 1431 1431 1401 1401 1401 1429 1429 1429 1401 1401 1401 1431 1431 1431 1391 1391 1391 1432 1432 1432 1433 1433 1433 1409 1409 1409 1434 1434 1434 1409 1409 1409 1433 1433 1433 1409 1409 1409 1434 1434 1434 516 516 516 1435 1435 1435 516 516 516 1434 1434 1434 516 516 516 1435 1435 1435 514 514 514 1436 1436 1436 1437 1437 1437 1438 1438 1438 1439 1439 1439 513 513 513 1440 1440 1440 1410 1410 1410 1412 1412 1412 1441 1441 1441 510 510 510 1441 1441 1441 1412 1412 1412 1441 1441 1441 510 510 510 1442 1442 1442 1443 1443 1443 1410 1410 1410 513 513 513 1441 1441 1441 513 513 513 1410 1410 1410 513 513 513 1441 1441 1441 1444 1444 1444 1442 1442 1442 1444 1444 1444 1441 1441 1441 1445 1445 1445 1446 1446 1446 1447 1447 1447 1448 1448 1448 1449 1449 1449 1450 1450 1450 1445 1445 1445 1451 1451 1451 1452 1452 1452 510 510 510 1445 1445 1445 1450 1450 1450 1453 1453 1453 1450 1450 1450 1445 1445 1445 1450 1450 1450 1453 1453 1453 1454 1454 1454 510 510 510 513 513 513 1445 1445 1445 1455 1455 1455 1445 1445 1445 513 513 513 1445 1445 1445 1455 1455 1455 1446 1446 1446 513 513 513 1446 1446 1446 1455 1455 1455 1446 1446 1446 513 513 513 1447 1447 1447 512 512 512 1447 1447 1447 513 513 513 1447 1447 1447 512 512 512 1445 1445 1445 511 511 511 1445 1445 1445 512 512 512 1445 1445 1445 511 511 511 1451 1451 1451 513 513 513 1451 1451 1451 511 511 511 1451 1451 1451 513 513 513 1452 1452 1452 1444 1444 1444 1452 1452 1452 513 513 513 1452 1452 1452 1444 1444 1444 1445 1445 1445 1442 1442 1442 1445 1445 1445 1444 1444 1444 1445 1445 1445 1442 1442 1442 1453 1453 1453 510 510 510 1453 1453 1453 1442 1442 1442 1453 1453 1453 510 510 510 1454 1454 1454 509 509 509 1454 1454 1454 510 510 510 1454 1454 1454 509 509 509 1450 1450 1450 508 508 508 1450 1450 1450 509 509 509 1450 1450 1450 508 508 508 1448 1448 1448 510 510 510 1448 1448 1448 508 508 508 1448 1448 1448 510 510 510 1449 1449 1449 1456 1456 1456 1449 1449 1449 510 510 510 1449 1449 1449 1456 1456 1456 1450 1450 1450 1457 1457 1457 1450 1450 1450 1456 1456 1456 1450 1450 1450 1457 1457 1457 510 510 510 1456 1456 1456 510 510 510 1457 1457 1457 1458 1458 1458 1459 1459 1459 1460 1460 1460 1461 1461 1461 1460 1460 1460 1459 1459 1459 1460 1460 1460 1461 1461 1461 1422 1422 1422 1407 1407 1407 1422 1422 1422 1461 1461 1461 1422 1422 1422 1407 1407 1407 1403 1403 1403 1341 1341 1341 1403 1403 1403 1407 1407 1407 1403 1403 1403 1341 1341 1341 1405 1405 1405 1340 1340 1340 1405 1405 1405 1341 1341 1341 1405 1405 1405 1340 1340 1340 1406 1406 1406 1462 1462 1462 1459 1459 1459 1463 1463 1463 1458 1458 1458 1463 1463 1463 1459 1459 1459 1463 1463 1463 1458 1458 1458 1464 1464 1464 513 513 513 1465 1465 1465 1440 1440 1440 1466 1466 1466 1440 1440 1440 1465 1465 1465 1440 1440 1440 1466 1466 1466 1439 1439 1439 1467 1467 1467 1439 1439 1439 1466 1466 1466 1439 1439 1439 1467 1467 1467 513 513 513 1468 1468 1468 513 513 513 1467 1467 1467 1465 1465 1465 1469 1469 1469 1466 1466 1466 1459 1459 1459 1466 1466 1466 1469 1469 1469 1466 1466 1466 1459 1459 1459 1467 1467 1467 1462 1462 1462 1467 1467 1467 1459 1459 1459 1467 1467 1467 1462 1462 1462 1468 1468 1468 1463 1463 1463 1468 1468 1468 1462 1462 1462 1468 1468 1468 1463 1463 1463 1438 1438 1438 1464 1464 1464 1438 1438 1438 1463 1463 1463 1438 1438 1438 1464 1464 1464 1436 1436 1436 513 513 513 1436 1436 1436 1464 1464 1464 1436 1436 1436 513 513 513 1437 1437 1437 1468 1468 1468 1437 1437 1437 513 513 513 1437 1437 1437 1468 1468 1468 1438 1438 1438 1432 1432 1432 1411 1411 1411 1433 1433 1433 1410 1410 1410 1433 1433 1433 1411 1411 1411 1433 1433 1433 1410 1410 1410 1434 1434 1434 1443 1443 1443 1434 1434 1434 1410 1410 1410 1434 1434 1434 1443 1443 1443 1435 1435 1435 513 513 513 1435 1435 1435 1443 1443 1443 1435 1435 1435 513 513 513 514 514 514 1464 1464 1464 514 514 514 513 513 513 514 514 514 1464 1464 1464 515 515 515 1458 1458 1458 515 515 515 1464 1464 1464 515 515 515 1458 1458 1458 1409 1409 1409 1460 1460 1460 1409 1409 1409 1458 1458 1458 1409 1409 1409 1460 1460 1460 1432 1432 1432 1422 1422 1422 1432 1432 1432 1460 1460 1460 1432 1432 1432 1422 1422 1422 1411 1411 1411 1421 1421 1421 1411 1411 1411 1422 1422 1422 1411 1411 1411 1421 1421 1421 1413 1413 1413 1420 1420 1420 1413 1413 1413 1421 1421 1421 1413 1413 1413 1420 1420 1420 1414 1414 1414 1419 1419 1419 1414 1414 1414 1420 1420 1420 1414 1414 1414 1419 1419 1419 1470 1470 1470 1418 1418 1418 1470 1470 1470 1419 1419 1419 1470 1470 1470 1418 1418 1418 1392 1392 1392 1417 1417 1417 1392 1392 1392 1418 1418 1418 1392 1392 1392 1417 1417 1417 1394 1394 1394 1416 1416 1416 1394 1394 1394 1417 1417 1417 1394 1394 1394 1416 1416 1416 1396 1396 1396 1372 1372 1372 1396 1396 1396 1416 1416 1416 1396 1396 1396 1372 1372 1372 1398 1398 1398 1374 1374 1374 1398 1398 1398 1372 1372 1372 1398 1398 1398 1374 1374 1374 518 518 518 1389 1389 1389 518 518 518 1374 1374 1374 518 518 518 1389 1389 1389 519 519 519 821 821 821 519 519 519 1389 1389 1389 519 519 519 821 821 821 1423 1423 1423 823 823 823 1423 1423 1423 821 821 821 1423 1423 1423 823 823 823 1424 1424 1424 825 825 825 1424 1424 1424 823 823 823 1424 1424 1424 825 825 825 1426 1426 1426 827 827 827 1426 1426 1426 825 825 825 1426 1426 1426 827 827 827 1428 1428 1428 510 510 510 1428 1428 1428 827 827 827 1428 1428 1428 510 510 510 1430 1430 1430 1412 1412 1412 1430 1430 1430 510 510 510 1430 1430 1430 1412 1412 1412 1431 1431 1431 1414 1414 1414 1431 1431 1431 1412 1412 1412 1431 1431 1431 1414 1414 1414 1391 1391 1391 1470 1470 1470 1391 1391 1391 1414 1414 1414 1391 1391 1391 1470 1470 1470 1392 1392 1392 1471 1471 1471 1472 1472 1472 1473 1473 1473 1474 1474 1474 1473 1473 1473 1472 1472 1472 1473 1473 1473 1474 1474 1474 1475 1475 1475 1258 1258 1258 1476 1476 1476 1257 1257 1257 536 536 536 1257 1257 1257 1476 1476 1476 1257 1257 1257 536 536 536 1255 1255 1255 1265 1265 1265 1255 1255 1255 536 536 536 1255 1255 1255 1265 1265 1265 1264 1264 1264 1326 1326 1326 1264 1264 1264 1265 1265 1265 1264 1264 1264 1326 1326 1326 1261 1261 1261 1327 1327 1327 1261 1261 1261 1326 1326 1326 1261 1261 1261 1327 1327 1327 1277 1277 1277 1328 1328 1328 1277 1277 1277 1327 1327 1327 1277 1277 1277 1328 1328 1328 1331 1331 1331 1329 1329 1329 1331 1331 1331 1328 1328 1328 1331 1331 1331 1329 1329 1329 1332 1332 1332 1330 1330 1330 1332 1332 1332 1329 1329 1329 1332 1332 1332 1330 1330 1330 1334 1334 1334 522 522 522 1334 1334 1334 1330 1330 1330 1334 1334 1334 522 522 522 1336 1336 1336 521 521 521 1336 1336 1336 522 522 522 1336 1336 1336 521 521 521 1338 1338 1338 523 523 523 1338 1338 1338 521 521 521 1338 1338 1338 523 523 523 1340 1340 1340 1324 1324 1324 1340 1340 1340 523 523 523 1340 1340 1340 1324 1324 1324 1406 1406 1406 1358 1358 1358 1406 1406 1406 1324 1324 1324 1406 1406 1406 1358 1358 1358 1367 1367 1367 1359 1359 1359 1367 1367 1367 1358 1358 1358 1367 1367 1367 1359 1359 1359 1357 1357 1357 1360 1360 1360 1357 1357 1357 1359 1359 1359 1357 1357 1357 1360 1360 1360 1355 1355 1355 1361 1361 1361 1355 1355 1355 1360 1360 1360 1355 1355 1355 1361 1361 1361 1354 1354 1354 1362 1362 1362 1354 1354 1354 1361 1361 1361 1354 1354 1354 1362 1362 1362 1353 1353 1353 1363 1363 1363 1353 1353 1353 1362 1362 1362 1353 1353 1353 1363 1363 1363 1352 1352 1352 1364 1364 1364 1352 1352 1352 1363 1363 1363 1352 1352 1352 1364 1364 1364 1385 1385 1385 1365 1365 1365 1385 1385 1385 1364 1364 1364 1385 1385 1385 1365 1365 1365 1386 1386 1386 1314 1314 1314 1386 1386 1386 1365 1365 1365 1386 1386 1386 1314 1314 1314 507 507 507 527 527 527 507 507 507 1314 1314 1314 507 507 507 527 527 527 505 505 505 529 529 529 505 505 505 527 527 527 505 505 505 529 529 529 829 829 829 1477 1477 1477 829 829 829 529 529 529 829 829 829 1477 1477 1477 830 830 830 1278 1278 1278 1262 1262 1262 1279 1279 1279 1261 1261 1261 1279 1279 1279 1262 1262 1262 1279 1279 1279 1261 1261 1261 1280 1280 1280 1260 1260 1260 1280 1280 1280 1261 1261 1261 1280 1280 1280 1260 1260 1260 1278 1278 1278 1259 1259 1259 1278 1278 1278 1260 1260 1260 1278 1278 1278 1259 1259 1259 1281 1281 1281 1261 1261 1261 1281 1281 1281 1259 1259 1259 1281 1281 1281 1261 1261 1261 1282 1282 1282 1276 1276 1276 1282 1282 1282 1261 1261 1261 1282 1282 1282 1276 1276 1276 1278 1278 1278 1275 1275 1275 1278 1278 1278 1276 1276 1276 1278 1278 1278 1275 1275 1275 1478 1478 1478 1333 1333 1333 1478 1478 1478 1275 1275 1275 1478 1478 1478 1333 1333 1333 1479 1479 1479 1335 1335 1335 1479 1479 1479 1333 1333 1333 1479 1479 1479 1335 1335 1335 1480 1480 1480 1337 1337 1337 1480 1480 1480 1335 1335 1335 1480 1480 1480 1337 1337 1337 1471 1471 1471 1339 1339 1339 1471 1471 1471 1337 1337 1337 1471 1471 1471 1339 1339 1339 1472 1472 1472 1341 1341 1341 1472 1472 1472 1339 1339 1339 1472 1472 1472 1341 1341 1341 1474 1474 1474 1408 1408 1408 1474 1474 1474 1341 1341 1341 1474 1474 1474 1408 1408 1408 1475 1475 1475 1309 1309 1309 1481 1481 1481 1299 1299 1299 1039 1039 1039 1299 1299 1299 1481 1481 1481 1299 1299 1299 1039 1039 1039 754 754 754 1040 1040 1040 754 754 754 1039 1039 1039 754 754 754 1040 1040 1040 755 755 755 1041 1041 1041 755 755 755 1040 1040 1040 755 755 755 1041 1041 1041 745 745 745 746 746 746 745 745 745 1041 1041 1041 745 745 745 746 746 746 743 743 743 748 748 748 743 743 743 746 746 746 743 743 743 748 748 748 753 753 753 750 750 750 753 753 753 748 748 748 753 753 753 750 750 750 767 767 767 1482 1482 1482 1483 1483 1483 1484 1484 1484 1485 1485 1485 1484 1484 1484 1483 1483 1483 1486 1486 1486 1487 1487 1487 1488 1488 1488 624 624 624 1488 1488 1488 1487 1487 1487 1488 1488 1488 624 624 624 1489 1489 1489 623 623 623 1489 1489 1489 624 624 624 1489 1489 1489 623 623 623 627 627 627 1490 1490 1490 627 627 627 623 623 623 627 627 627 1490 1490 1490 625 625 625 1486 1486 1486 1482 1482 1482 1487 1487 1487 1484 1484 1484 1487 1487 1487 1482 1482 1482 1487 1487 1487 1484 1484 1484 1491 1491 1491 1485 1485 1485 1491 1491 1491 1484 1484 1484 1491 1491 1491 1485 1485 1485 1492 1492 1492 1493 1493 1493 1494 1494 1494 1495 1495 1495 1492 1492 1492 1496 1496 1496 1491 1491 1491 1497 1497 1497 1491 1491 1491 1496 1496 1496 1491 1491 1491 1497 1497 1497 1487 1487 1487 1498 1498 1498 1487 1487 1487 1497 1497 1497 1487 1487 1487 1498 1498 1498 624 624 624 660 660 660 624 624 624 1498 1498 1498 624 624 624 660 660 660 622 622 622 659 659 659 622 622 622 660 660 660 1494 1494 1494 1493 1493 1493 1499 1499 1499 1500 1500 1500 1499 1499 1499 1493 1493 1493 1499 1499 1499 1500 1500 1500 1501 1501 1501 665 665 665 658 658 658 666 666 666 660 660 660 666 666 666 658 658 658 666 666 666 660 660 660 663 663 663 1498 1498 1498 663 663 663 660 660 660 663 663 663 1498 1498 1498 1502 1502 1502 1497 1497 1497 1502 1502 1502 1498 1498 1498 1502 1502 1502 1497 1497 1497 1503 1503 1503 1496 1496 1496 1503 1503 1503 1497 1497 1497 1503 1503 1503 1496 1496 1496 1504 1504 1504 668 668 668 1505 1505 1505 669 669 669 1506 1506 1506 669 669 669 1505 1505 1505 669 669 669 1506 1506 1506 678 678 678 1507 1507 1507 678 678 678 1506 1506 1506 678 678 678 1507 1507 1507 679 679 679 1508 1508 1508 1509 1509 1509 1510 1510 1510 1511 1511 1511 1510 1510 1510 1509 1509 1509 1510 1510 1510 1511 1511 1511 1512 1512 1512 1513 1513 1513 1503 1503 1503 1514 1514 1514 1504 1504 1504 1514 1514 1514 1503 1503 1503 1514 1514 1514 1504 1504 1504 1515 1515 1515 1516 1516 1516 1517 1517 1517 1495 1495 1495 1518 1518 1518 1495 1495 1495 1517 1517 1517 1495 1495 1495 1518 1518 1518 1493 1493 1493 1519 1519 1519 1493 1493 1493 1518 1518 1518 1493 1493 1493 1519 1519 1519 1500 1500 1500 1520 1520 1520 1500 1500 1500 1519 1519 1519 1500 1500 1500 1520 1520 1520 1501 1501 1501 1521 1521 1521 1501 1501 1501 1520 1520 1520 1501 1501 1501 1521 1521 1521 1522 1522 1522 502 502 502 504 504 504 1523 1523 1523 503 503 503 500 500 500 504 504 504 499 499 499 504 504 504 500 500 500 504 504 504 499 499 499 1524 1524 1524 1525 1525 1525 1524 1524 1524 1526 1526 1526 499 499 499 1526 1526 1526 1524 1524 1524 1526 1526 1526 499 499 499 1527 1527 1527 501 501 501 1527 1527 1527 499 499 499 1527 1527 1527 501 501 501 1528 1528 1528 668 668 668 1529 1529 1529 1505 1505 1505 1530 1530 1530 1505 1505 1505 1529 1529 1529 1505 1505 1505 1530 1530 1530 1531 1531 1531 1529 1529 1529 1508 1508 1508 1530 1530 1530 1510 1510 1510 1530 1530 1530 1508 1508 1508 1530 1530 1530 1510 1510 1510 1531 1531 1531 1512 1512 1512 1531 1531 1531 1510 1510 1510 1531 1531 1531 1512 1512 1512 1532 1532 1532 681 681 681 680 680 680 688 688 688 1533 1533 1533 688 688 688 680 680 680 688 688 688 1533 1533 1533 689 689 689 1534 1534 1534 689 689 689 1533 1533 1533 689 689 689 1534 1534 1534 691 691 691 706 706 706 1535 1535 1535 707 707 707 1536 1536 1536 707 707 707 1535 1535 1535 707 707 707 1536 1536 1536 1537 1537 1537 1538 1538 1538 1537 1537 1537 1536 1536 1536 1537 1537 1537 1538 1538 1538 1539 1539 1539 1540 1540 1540 1539 1539 1539 1538 1538 1538 1539 1539 1539 1540 1540 1540 1541 1541 1541 1542 1542 1542 1541 1541 1541 1540 1540 1540 1541 1541 1541 1542 1542 1542 1543 1543 1543 695 695 695 1543 1543 1543 1542 1542 1542 1543 1543 1543 695 695 695 1544 1544 1544 693 693 693 1544 1544 1544 695 695 695 1544 1544 1544 693 693 693 1545 1545 1545 691 691 691 1545 1545 1545 693 693 693 1545 1545 1545 691 691 691 1546 1546 1546 1534 1534 1534 1546 1546 1546 691 691 691 702 702 702 1547 1547 1547 703 703 703 700 700 700 703 703 703 1547 1547 1547 703 703 703 700 700 700 1066 1066 1066 698 698 698 1066 1066 1066 700 700 700 1066 1066 1066 698 698 698 1064 1064 1064 707 707 707 1064 1064 1064 698 698 698 1064 1064 1064 707 707 707 1062 1062 1062 1537 1537 1537 1062 1062 1062 707 707 707 1062 1062 1062 1537 1537 1537 1060 1060 1060 1539 1539 1539 1060 1060 1060 1537 1537 1537 1060 1060 1060 1539 1539 1539 1058 1058 1058 1541 1541 1541 1058 1058 1058 1539 1539 1539 1058 1058 1058 1541 1541 1541 1056 1056 1056 1543 1543 1543 1056 1056 1056 1541 1541 1541 1056 1056 1056 1543 1543 1543 1055 1055 1055 1544 1544 1544 1055 1055 1055 1543 1543 1543 1055 1055 1055 1544 1544 1544 1054 1054 1054 1545 1545 1545 1054 1054 1054 1544 1544 1544 1054 1054 1054 1545 1545 1545 1532 1532 1532 1546 1546 1546 1532 1532 1532 1545 1545 1545 1532 1532 1532 1546 1546 1546 1531 1531 1531 1534 1534 1534 1531 1531 1531 1546 1546 1546 1531 1531 1531 1534 1534 1534 1505 1505 1505 1533 1533 1533 1505 1505 1505 1534 1534 1534 1505 1505 1505 1533 1533 1533 1506 1506 1506 680 680 680 1506 1506 1506 1533 1533 1533 1506 1506 1506 680 680 680 1507 1507 1507 621 621 621 1507 1507 1507 680 680 680 1513 1513 1513 1514 1514 1514 1548 1548 1548 1515 1515 1515 1548 1548 1548 1514 1514 1514 1548 1548 1548 1515 1515 1515 1549 1549 1549 1550 1550 1550 1549 1549 1549 1515 1515 1515 1549 1549 1549 1550 1550 1550 1551 1551 1551 1552 1552 1552 1551 1551 1551 1550 1550 1550 1551 1551 1551 1552 1552 1552 1553 1553 1553 1519 1519 1519 1554 1554 1554 1520 1520 1520 1523 1523 1523 1520 1520 1520 1554 1554 1554 1520 1520 1520 1523 1523 1523 1521 1521 1521 504 504 504 1521 1521 1521 1523 1523 1523 1521 1521 1521 504 504 504 1522 1522 1522 1524 1524 1524 1522 1522 1522 504 504 504 1522 1522 1522 1524 1524 1524 1555 1555 1555 1525 1525 1525 1555 1555 1555 1524 1524 1524 1555 1555 1555 1525 1525 1525 1556 1556 1556 1483 1483 1483 1516 1516 1516 1485 1485 1485 1495 1495 1495 1485 1485 1485 1516 1516 1516 1485 1485 1485 1495 1495 1495 1492 1492 1492 1494 1494 1494 1492 1492 1492 1495 1495 1495 1492 1492 1492 1494 1494 1494 1496 1496 1496 1499 1499 1499 1496 1496 1496 1494 1494 1494 1496 1496 1496 1499 1499 1499 1504 1504 1504 1501 1501 1501 1504 1504 1504 1499 1499 1499 1504 1504 1504 1501 1501 1501 1515 1515 1515 1522 1522 1522 1515 1515 1515 1501 1501 1501 1515 1515 1515 1522 1522 1522 1550 1550 1550 1555 1555 1555 1550 1550 1550 1522 1522 1522 1550 1550 1550 1555 1555 1555 1552 1552 1552 1556 1556 1556 1552 1552 1552 1555 1555 1555 1553 1553 1553 1552 1552 1552 1557 1557 1557 1556 1556 1556 1557 1557 1557 1552 1552 1552 1557 1557 1557 1556 1556 1556 1558 1558 1558 1525 1525 1525 1558 1558 1558 1556 1556 1556 1558 1558 1558 1525 1525 1525 1559 1559 1559 1526 1526 1526 1559 1559 1559 1525 1525 1525 1559 1559 1559 1526 1526 1526 1560 1560 1560 1527 1527 1527 1560 1560 1560 1526 1526 1526 1560 1560 1560 1527 1527 1527 1561 1561 1561 1528 1528 1528 1561 1561 1561 1527 1527 1527 1561 1561 1561 1528 1528 1528 497 497 497 1529 1529 1529 661 661 661 1508 1508 1508 663 663 663 1508 1508 1508 661 661 661 1508 1508 1508 663 663 663 1509 1509 1509 1502 1502 1502 1509 1509 1509 663 663 663 1509 1509 1509 1502 1502 1502 1511 1511 1511 1503 1503 1503 1511 1511 1511 1502 1502 1502 1511 1511 1511 1503 1503 1503 1512 1512 1512 1513 1513 1513 1512 1512 1512 1503 1503 1503 1512 1512 1512 1513 1513 1513 1532 1532 1532 1548 1548 1548 1532 1532 1532 1513 1513 1513 1532 1532 1532 1548 1548 1548 1054 1054 1054 1549 1549 1549 1054 1054 1054 1548 1548 1548 1054 1054 1054 1549 1549 1549 1016 1016 1016 1551 1551 1551 1016 1016 1016 1549 1549 1549 1016 1016 1016 1551 1551 1551 1014 1014 1014 1553 1553 1553 1014 1014 1014 1551 1551 1551 1562 1562 1562 1563 1563 1563 1564 1564 1564 496 496 496 1564 1564 1564 1563 1563 1563 1564 1564 1564 496 496 496 1565 1565 1565 498 498 498 1565 1565 1565 496 496 496 1565 1565 1565 498 498 498 1566 1566 1566 493 493 493 495 495 495 1567 1567 1567 1568 1568 1568 1567 1567 1567 495 495 495 1567 1567 1567 1568 1568 1568 1569 1569 1569 1570 1570 1570 1569 1569 1569 1568 1568 1568 1569 1569 1569 1570 1570 1570 1571 1571 1571 1572 1572 1572 1571 1571 1571 1570 1570 1570 1571 1571 1571 1572 1572 1572 1573 1573 1573 1572 1572 1572 1574 1574 1574 1573 1573 1573 1575 1575 1575 1573 1573 1573 1574 1574 1574 1573 1573 1573 1575 1575 1575 1576 1576 1576 1577 1577 1577 1576 1576 1576 1575 1575 1575 1576 1576 1576 1577 1577 1577 1578 1578 1578 1579 1579 1579 1578 1578 1578 1577 1577 1577 1578 1578 1578 1579 1579 1579 1580 1580 1580 1581 1581 1581 1580 1580 1580 1579 1579 1579 1581 1581 1581 1582 1582 1582 1580 1580 1580 1583 1583 1583 1580 1580 1580 1582 1582 1582 1580 1580 1580 1583 1583 1583 1584 1584 1584 1585 1585 1585 1584 1584 1584 1583 1583 1583 1584 1584 1584 1585 1585 1585 1586 1586 1586 1587 1587 1587 1586 1586 1586 1585 1585 1585 1586 1586 1586 1587 1587 1587 616 616 616 1588 1588 1588 616 616 616 1587 1587 1587 616 616 616 1588 1588 1588 617 617 617 1589 1589 1589 1590 1590 1590 1591 1591 1591 1592 1592 1592 1591 1591 1591 1590 1590 1590 1591 1591 1591 1592 1592 1592 1593 1593 1593 1594 1594 1594 1593 1593 1593 1592 1592 1592 1593 1593 1593 1594 1594 1594 1595 1595 1595 1596 1596 1596 1595 1595 1595 1594 1594 1594 1595 1595 1595 1596 1596 1596 1597 1597 1597 1598 1598 1598 1597 1597 1597 1596 1596 1596 1597 1597 1597 1598 1598 1598 1599 1599 1599 1600 1600 1600 1599 1599 1599 1598 1598 1598 1590 1590 1590 1021 1021 1021 1592 1592 1592 1023 1023 1023 1592 1592 1592 1021 1021 1021 1592 1592 1592 1023 1023 1023 1594 1594 1594 1025 1025 1025 1594 1594 1594 1023 1023 1023 1594 1594 1594 1025 1025 1025 1596 1596 1596 1027 1027 1027 1596 1596 1596 1025 1025 1025 1596 1596 1596 1027 1027 1027 1598 1598 1598 1029 1029 1029 1598 1598 1598 1027 1027 1027 1598 1598 1598 1029 1029 1029 1600 1600 1600 567 567 567 1600 1600 1600 1029 1029 1029 1601 1601 1601 1602 1602 1602 1603 1603 1603 1604 1604 1604 1603 1603 1603 1602 1602 1602 1603 1603 1603 1604 1604 1604 1605 1605 1605 1606 1606 1606 1605 1605 1605 1604 1604 1604 1605 1605 1605 1606 1606 1606 1607 1607 1607 1608 1608 1608 1607 1607 1607 1606 1606 1606 1607 1607 1607 1608 1608 1608 1609 1609 1609 1610 1610 1610 1609 1609 1609 1608 1608 1608 1609 1609 1609 1610 1610 1610 1611 1611 1611 1612 1612 1612 1611 1611 1611 1610 1610 1610 1611 1611 1611 1612 1612 1612 731 731 731 1613 1613 1613 731 731 731 1612 1612 1612 731 731 731 1613 1613 1613 730 730 730 1310 1310 1310 1614 1614 1614 1601 1601 1601 1615 1615 1615 1601 1601 1601 1614 1614 1614 1601 1601 1601 1615 1615 1615 1602 1602 1602 1616 1616 1616 1617 1617 1617 1618 1618 1618 1619 1619 1619 1618 1618 1618 1617 1617 1617 1618 1618 1618 1619 1619 1619 1620 1620 1620 1621 1621 1621 1620 1620 1620 1619 1619 1619 1620 1620 1620 1621 1621 1621 1622 1622 1622 1623 1623 1623 1622 1622 1622 1621 1621 1621 1622 1622 1622 1623 1623 1623 1624 1624 1624 1625 1625 1625 1624 1624 1624 1623 1623 1623 1624 1624 1624 1625 1625 1625 1626 1626 1626 1627 1627 1627 1626 1626 1626 1625 1625 1625 1626 1626 1626 1627 1627 1627 1628 1628 1628 1629 1629 1629 1628 1628 1628 1627 1627 1627 1628 1628 1628 1629 1629 1629 1630 1630 1630 726 726 726 741 741 741 727 727 727 1631 1631 1631 727 727 727 741 741 741 727 727 727 1631 1631 1631 729 729 729 1630 1630 1630 729 729 729 1631 1631 1631 729 729 729 1630 1630 1630 731 731 731 1629 1629 1629 731 731 731 1630 1630 1630 731 731 731 1629 1629 1629 1611 1611 1611 1627 1627 1627 1611 1611 1611 1629 1629 1629 1611 1611 1611 1627 1627 1627 1609 1609 1609 1625 1625 1625 1609 1609 1609 1627 1627 1627 1609 1609 1609 1625 1625 1625 1607 1607 1607 1623 1623 1623 1607 1607 1607 1625 1625 1625 1607 1607 1607 1623 1623 1623 1605 1605 1605 1621 1621 1621 1605 1605 1605 1623 1623 1623 1605 1605 1605 1621 1621 1621 1603 1603 1603 1619 1619 1619 1603 1603 1603 1621 1621 1621 1603 1603 1603 1619 1619 1619 1601 1601 1601 1617 1617 1617 1601 1601 1601 1619 1619 1619 1601 1601 1601 1617 1617 1617 1310 1310 1310 1616 1616 1616 1310 1310 1310 1617 1617 1617 1310 1310 1310 1616 1616 1616 1311 1311 1311 567 567 567 1029 1029 1029 565 565 565 1028 1028 1028 565 565 565 1029 1029 1029 565 565 565 1028 1028 1028 1293 1293 1293 1026 1026 1026 1293 1293 1293 1028 1028 1028 1293 1293 1293 1026 1026 1026 1292 1292 1292 1024 1024 1024 1292 1292 1292 1026 1026 1026 1292 1292 1292 1024 1024 1024 564 564 564 1022 1022 1022 564 564 564 1024 1024 1024 564 564 564 1022 1022 1022 1038 1038 1038 1021 1021 1021 1038 1038 1038 1022 1022 1022 1038 1038 1038 1021 1021 1021 1310 1310 1310 1590 1590 1590 1310 1310 1310 1021 1021 1021 1310 1310 1310 1590 1590 1590 1614 1614 1614 1589 1589 1589 1614 1614 1614 1590 1590 1590 1614 1614 1614 1589 1589 1589 1615 1615 1615 1599 1599 1599 493 493 493 1597 1597 1597 1567 1567 1567 1597 1597 1597 493 493 493 1597 1597 1597 1567 1567 1567 1595 1595 1595 1569 1569 1569 1595 1595 1595 1567 1567 1567 1595 1595 1595 1569 1569 1569 1593 1593 1593 1571 1571 1571 1593 1593 1593 1569 1569 1569 1593 1593 1593 1571 1571 1571 1591 1591 1591 1573 1573 1573 1591 1591 1591 1571 1571 1571 1591 1591 1591 1573 1573 1573 1589 1589 1589 1576 1576 1576 1589 1589 1589 1573 1573 1573 1589 1589 1589 1576 1576 1576 1615 1615 1615 1578 1578 1578 1615 1615 1615 1576 1576 1576 1615 1615 1615 1578 1578 1578 1602 1602 1602 1580 1580 1580 1602 1602 1602 1578 1578 1578 1602 1602 1602 1580 1580 1580 1604 1604 1604 1584 1584 1584 1604 1604 1604 1580 1580 1580 1604 1604 1604 1584 1584 1584 1606 1606 1606 1586 1586 1586 1606 1606 1606 1584 1584 1584 1606 1606 1606 1586 1586 1586 1608 1608 1608 616 616 616 1608 1608 1608 1586 1586 1586 1608 1608 1608 616 616 616 1610 1610 1610 708 708 708 1610 1610 1610 616 616 616 1610 1610 1610 708 708 708 1612 1612 1612 710 710 710 1612 1612 1612 708 708 708 1612 1612 1612 710 710 710 1613 1613 1613 712 712 712 1613 1613 1613 710 710 710 1613 1613 1613 712 712 712 730 730 730 714 714 714 730 730 730 712 712 712 730 730 730 714 714 714 728 728 728 717 717 717 728 728 728 714 714 714 728 728 728 717 717 717 726 726 726 719 719 719 726 726 726 717 717 717 726 726 726 719 719 719 742 742 742 721 721 721 742 742 742 719 719 719 742 742 742 721 721 721 740 740 740 723 723 723 740 740 740 721 721 721 740 740 740 723 723 723 738 738 738 725 725 725 738 738 738 723 723 723 738 738 738 725 725 725 736 736 736 1632 1632 1632 736 736 736 725 725 725 736 736 736 1632 1632 1632 734 734 734 1633 1633 1633 734 734 734 1632 1632 1632 734 734 734 1633 1633 1633 732 732 732 1634 1634 1634 732 732 732 1633 1633 1633 732 732 732 1634 1634 1634 1635 1635 1635 497 497 497 496 496 496 1561 1561 1561 1563 1563 1563 1561 1561 1561 496 496 496 1561 1561 1561 1563 1563 1563 1560 1560 1560 1562 1562 1562 1560 1560 1560 1563 1563 1563 1560 1560 1560 1562 1562 1562 1559 1559 1559 1046 1046 1046 1559 1559 1559 1562 1562 1562 1559 1559 1559 1046 1046 1046 1558 1558 1558 1020 1020 1020 1558 1558 1558 1046 1046 1046 1558 1558 1558 1020 1020 1020 1557 1557 1557 569 569 569 1557 1557 1557 1020 1020 1020 1557 1557 1557 569 569 569 1553 1553 1553 568 568 568 1553 1553 1553 569 569 569 1553 1553 1553 568 568 568 1014 1014 1014 1053 1053 1053 1014 1014 1014 568 568 568 1014 1014 1014 1053 1053 1053 1015 1015 1015 1052 1052 1052 1015 1015 1015 1053 1053 1053 1015 1015 1015 1052 1052 1052 1057 1057 1057 1050 1050 1050 1057 1057 1057 1052 1052 1052 1057 1057 1057 1050 1050 1050 1059 1059 1059 1239 1239 1239 1059 1059 1059 1050 1050 1050 1059 1059 1059 1239 1239 1239 1061 1061 1061 561 561 561 1061 1061 1061 1239 1239 1239 1061 1061 1061 561 561 561 1063 1063 1063 560 560 560 1063 1063 1063 561 561 561 1063 1063 1063 560 560 560 1069 1069 1069 1070 1070 1070 1069 1069 1069 560 560 560 1069 1069 1069 1070 1070 1070 1093 1093 1093 1072 1072 1072 1093 1093 1093 1070 1070 1070 1093 1093 1093 1072 1072 1072 1105 1105 1105 1240 1240 1240 1105 1105 1105 1072 1072 1072 1105 1105 1105 1240 1240 1240 1187 1187 1187 1209 1209 1209 1187 1187 1187 1240 1240 1240 1187 1187 1187 1209 1209 1209 1186 1186 1186 1208 1208 1208 1186 1186 1186 1209 1209 1209 1186 1186 1186 1208 1208 1208 1148 1148 1148 1207 1207 1207 1148 1148 1148 1208 1208 1208 1148 1148 1148 1207 1207 1207 1149 1149 1149 1201 1201 1201 1149 1149 1149 1207 1207 1207 1149 1149 1149 1201 1201 1201 1167 1167 1167 1199 1199 1199 1167 1167 1167 1201 1201 1201 1167 1167 1167 1199 1199 1199 1161 1161 1161 1198 1198 1198 1161 1161 1161 1199 1199 1199 1161 1161 1161 1198 1198 1198 1162 1162 1162 552 552 552 1162 1162 1162 1198 1198 1198 1162 1162 1162 552 552 552 1175 1175 1175 551 551 551 1175 1175 1175 552 552 552 1175 1175 1175 551 551 551 1184 1184 1184 550 550 550 1184 1184 1184 551 551 551 1184 1184 1184 550 550 550 1192 1192 1192 1179 1179 1179 1192 1192 1192 550 550 550 1192 1192 1192 1179 1179 1179 1206 1206 1206 1177 1177 1177 1206 1206 1206 1179 1179 1179 1206 1206 1206 1177 1177 1177 1205 1205 1205 1176 1176 1176 1205 1205 1205 1177 1177 1177 1205 1205 1205 1176 1176 1176 1204 1204 1204 1200 1200 1200 1204 1204 1204 1176 1176 1176 1204 1204 1204 1200 1200 1200 1203 1203 1203 1202 1202 1202 1203 1203 1203 1200 1200 1200 1203 1203 1203 1202 1202 1202 1210 1210 1210 1209 1209 1209 1210 1210 1210 1202 1202 1202 1210 1210 1210 1209 1209 1209 1213 1213 1213 1241 1241 1241 1213 1213 1213 1209 1209 1209 1213 1213 1213 1241 1241 1241 1248 1248 1248 1236 1236 1236 1248 1248 1248 1241 1241 1241 1248 1248 1248 1236 1236 1236 1252 1252 1252 1243 1243 1243 1252 1252 1252 1236 1236 1236 1252 1252 1252 1243 1243 1243 1268 1268 1268 1242 1242 1242 1268 1268 1268 1243 1243 1243 1268 1268 1268 1242 1242 1242 1270 1270 1270 1247 1247 1247 1270 1270 1270 1242 1242 1242 1270 1270 1270 1247 1247 1247 1315 1315 1315 1246 1246 1246 1315 1315 1315 1247 1247 1247 1315 1315 1315 1246 1246 1246 1318 1318 1318 1042 1042 1042 1318 1318 1318 1246 1246 1246 1318 1318 1318 1042 1042 1042 1288 1288 1288 1043 1043 1043 1288 1288 1288 1042 1042 1042 1288 1288 1288 1043 1043 1043 1290 1290 1290 1044 1044 1044 1290 1290 1290 1043 1043 1043 1290 1290 1290 1044 1044 1044 1291 1291 1291 1045 1045 1045 1291 1291 1291 1044 1044 1044 1291 1291 1291 1045 1045 1045 566 566 566 1046 1046 1046 566 566 566 1045 1045 1045 566 566 566 1046 1046 1046 567 567 567 1562 1562 1562 567 567 567 1046 1046 1046 567 567 567 1562 1562 1562 1600 1600 1600 1564 1564 1564 1600 1600 1600 1562 1562 1562 1600 1600 1600 1564 1564 1564 1599 1599 1599 1565 1565 1565 1599 1599 1599 1564 1564 1564 1599 1599 1599 1565 1565 1565 493 493 493 1566 1566 1566 493 493 493 1565 1565 1565 493 493 493 1566 1566 1566 494 494 494 1636 1636 1636 1637 1637 1637 1638 1638 1638 1639 1639 1639 1638 1638 1638 1637 1637 1637 1638 1638 1638 1639 1639 1639 979 979 979 1637 1637 1637 979 979 979 1639 1639 1639 979 979 979 1637 1637 1637 571 571 571 999 999 999 571 571 571 1637 1637 1637 571 571 571 999 999 999 572 572 572 973 973 973 572 572 572 999 999 999 572 572 572 973 973 973 574 574 574 957 957 957 574 574 574 973 973 973 574 574 574 957 957 957 982 982 982 956 956 956 982 982 982 957 957 957 982 982 982 956 956 956 943 943 943 998 998 998 943 943 943 956 956 956 943 943 943 998 998 998 945 945 945 928 928 928 945 945 945 998 998 998 945 945 945 928 928 928 947 947 947 930 930 930 947 947 947 928 928 928 947 947 947 930 930 930 949 949 949 898 898 898 949 949 949 930 930 930 949 949 949 898 898 898 950 950 950 900 900 900 950 950 950 898 898 898 950 950 950 900 900 900 951 951 951 951 951 951 593 593 593 903 903 903 595 595 595 903 903 903 593 593 593 903 903 903 595 595 595 901 901 901 897 897 897 901 901 901 595 595 595 901 901 901 897 897 897 948 948 948 939 939 939 948 948 948 897 897 897 948 948 948 939 939 939 946 946 946 955 955 955 946 946 946 939 939 939 946 946 946 955 955 955 944 944 944 972 972 972 944 944 944 955 955 955 944 944 944 972 972 972 942 942 942 970 970 970 942 942 942 972 972 972 942 942 942 970 970 970 981 981 981 969 969 969 981 981 981 970 970 970 981 981 981 969 969 969 980 980 980 1302 1302 1302 980 980 980 969 969 969 980 980 980 1302 1302 1302 979 979 979 1301 1301 1301 979 979 979 1302 1302 1302 979 979 979 1301 1301 1301 1638 1638 1638 1300 1300 1300 1638 1638 1638 1301 1301 1301 1638 1638 1638 1300 1300 1300 1636 1636 1636 991 991 991 1636 1636 1636 1300 1300 1300 1636 1636 1636 991 991 991 1640 1640 1640 733 733 733 1000 1000 1000 735 735 735 577 577 577 735 735 735 1000 1000 1000 735 735 735 577 577 577 737 737 737 576 576 576 737 737 737 577 577 577 737 737 737 576 576 576 739 739 739 937 937 937 739 739 739 576 576 576 739 739 739 937 937 937 741 741 741 936 936 936 741 741 741 937 937 937 741 741 741 936 936 936 1631 1631 1631 934 934 934 1631 1631 1631 936 936 936 1631 1631 1631 934 934 934 1630 1630 1630 762 762 762 1630 1630 1630 934 934 934 1630 1630 1630 762 762 762 1628 1628 1628 761 761 761 1628 1628 1628 762 762 762 1628 1628 1628 761 761 761 1626 1626 1626 767 767 767 1626 1626 1626 761 761 761 1626 1626 1626 767 767 767 1624 1624 1624 750 750 750 1624 1624 1624 767 767 767 1624 1624 1624 750 750 750 1622 1622 1622 749 749 749 1622 1622 1622 750 750 750 1622 1622 1622 749 749 749 1620 1620 1620 1031 1031 1031 1620 1620 1620 749 749 749 1620 1620 1620 1031 1031 1031 1618 1618 1618 1030 1030 1030 1618 1618 1618 1031 1031 1031 1618 1618 1618 1030 1030 1030 1616 1616 1616 1033 1033 1033 1616 1616 1616 1030 1030 1030 1616 1616 1616 1033 1033 1033 1311 1311 1311 1035 1035 1035 1311 1311 1311 1033 1033 1033 1311 1311 1311 1035 1035 1035 1312 1312 1312 1037 1037 1037 1312 1312 1312 1035 1035 1035 1312 1312 1312 1037 1037 1037 1313 1313 1313 1039 1039 1039 1313 1313 1313 1037 1037 1037 1313 1313 1313 1039 1039 1039 532 532 532 1481 1481 1481 532 532 532 1039 1039 1039 532 532 532 1481 1481 1481 530 530 530 1309 1309 1309 530 530 530 1481 1481 1481 530 530 530 1309 1309 1309 533 533 533 1641 1641 1641 533 533 533 1309 1309 1309 533 533 533 1641 1641 1641 528 528 528 1642 1642 1642 528 528 528 1641 1641 1641 528 528 528 1642 1642 1642 529 529 529 836 836 836 529 529 529 1642 1642 1642 529 529 529 836 836 836 1477 1477 1477 837 837 837 1477 1477 1477 836 836 836 1477 1477 1477 837 837 837 830 830 830 838 838 838 830 830 830 837 837 837 830 830 830 838 838 838 1415 1415 1415 839 839 839 1415 1415 1415 838 838 838 1415 1415 1415 839 839 839 770 770 770 840 840 840 770 770 770 839 839 839 770 770 770 840 840 840 768 768 768 881 881 881 768 768 768 840 840 840 768 768 768 881 881 881 602 602 602 883 883 883 602 602 602 881 881 881 602 602 602 883 883 883 603 603 603 884 884 884 603 603 603 883 883 883 603 603 603 884 884 884 841 841 841 891 891 891 841 841 841 884 884 884 841 841 841 891 891 891 842 842 842 890 890 890 842 842 842 891 891 891 842 842 842 890 890 890 843 843 843 888 888 888 843 843 843 890 890 890 843 843 843 888 888 888 844 844 844 886 886 886 844 844 844 888 888 888 844 844 844 886 886 886 845 845 845 885 885 885 845 845 845 886 886 886 845 845 845 885 885 885 899 899 899 892 892 892 899 899 899 885 885 885 899 899 899 892 892 892 900 900 900 893 893 893 900 900 900 892 892 892 900 900 900 893 893 893 951 951 951 894 894 894 951 951 951 893 893 893 951 951 951 894 894 894 593 593 593 882 882 882 593 593 593 894 894 894 593 593 593 882 882 882 594 594 594 881 881 881 594 594 594 882 882 882 594 594 594 881 881 881 895 895 895 840 840 840 895 895 895 881 881 881 895 895 895 840 840 840 932 932 932 835 835 835 932 932 932 840 840 840 932 932 932 835 835 835 581 581 581 607 607 607 581 581 581 835 835 835 581 581 581 607 607 607 582 582 582 606 606 606 582 582 582 607 607 607 582 582 582 606 606 606 1303 1303 1303 605 605 605 1303 1303 1303 606 606 606 1303 1303 1303 605 605 605 1304 1304 1304 832 832 832 1304 1304 1304 605 605 605 1304 1304 1304 832 832 832 1305 1305 1305 831 831 831 1305 1305 1305 832 832 832 1305 1305 1305 831 831 831 1306 1306 1306 836 836 836 1306 1306 1306 831 831 831 1306 1306 1306 836 836 836 1307 1307 1307 1642 1642 1642 1307 1307 1307 836 836 836 1307 1307 1307 1642 1642 1642 1308 1308 1308 1641 1641 1641 1308 1308 1308 1642 1642 1642 1308 1308 1308 1641 1641 1641 1309 1309 1309 1643 1643 1643 1644 1644 1644 1645 1645 1645 1646 1646 1646 1645 1645 1645 1644 1644 1644 1647 1647 1647 1648 1648 1648 1649 1649 1649 1650 1650 1650 1647 1647 1647 1651 1651 1651 1650 1650 1650 1651 1651 1651 1652 1652 1652 1653 1653 1653 1652 1652 1652 1651 1651 1651 1652 1652 1652 1653 1653 1653 1654 1654 1654 1654 1654 1654 1653 1653 1653 1655 1655 1655 1656 1656 1656 1655 1655 1655 1653 1653 1653 1655 1655 1655 1656 1656 1656 1657 1657 1657 1658 1658 1658 1659 1659 1659 1660 1660 1660 1647 1647 1647 1649 1649 1649 1651 1651 1651 1661 1661 1661 1651 1651 1651 1649 1649 1649 1651 1651 1651 1661 1661 1661 1653 1653 1653 1662 1662 1662 1656 1656 1656 1663 1663 1663 1653 1653 1653 1663 1663 1663 1656 1656 1656 1663 1663 1663 1653 1653 1653 1664 1664 1664 1661 1661 1661 1664 1664 1664 1653 1653 1653 1662 1662 1662 1665 1665 1665 1656 1656 1656 1666 1666 1666 1656 1656 1656 1665 1665 1665 1656 1656 1656 1666 1666 1666 1657 1657 1657 1658 1658 1658 1657 1657 1657 1666 1666 1666 1657 1657 1657 1658 1658 1658 1667 1667 1667 1660 1660 1660 1667 1667 1667 1658 1658 1658 1668 1668 1668 1669 1669 1669 1670 1670 1670 1671 1671 1671 1670 1670 1670 1669 1669 1669 1670 1670 1670 1671 1671 1671 1672 1672 1672 1673 1673 1673 1672 1672 1672 1671 1671 1671 1672 1672 1672 1673 1673 1673 1674 1674 1674 1675 1675 1675 1674 1674 1674 1673 1673 1673 1674 1674 1674 1675 1675 1675 1676 1676 1676 1677 1677 1677 1676 1676 1676 1675 1675 1675 1676 1676 1676 1677 1677 1677 1678 1678 1678 1679 1679 1679 1678 1678 1678 1677 1677 1677 1678 1678 1678 1679 1679 1679 1680 1680 1680 1681 1681 1681 1680 1680 1680 1679 1679 1679 1682 1682 1682 1683 1683 1683 1684 1684 1684 1685 1685 1685 1686 1686 1686 1687 1687 1687 1688 1688 1688 1687 1687 1687 1686 1686 1686 1687 1687 1687 1688 1688 1688 1689 1689 1689 1683 1683 1683 1689 1689 1689 1688 1688 1688 1682 1682 1682 1684 1684 1684 1690 1690 1690 1691 1691 1691 1692 1692 1692 1693 1693 1693 1694 1694 1694 1693 1693 1693 1692 1692 1692 1693 1693 1693 1694 1694 1694 1695 1695 1695 1691 1691 1691 1693 1693 1693 1696 1696 1696 1697 1697 1697 1696 1696 1696 1693 1693 1693 1696 1696 1696 1697 1697 1697 1698 1698 1698 1699 1699 1699 1700 1700 1700 1695 1695 1695 1701 1701 1701 1695 1695 1695 1700 1700 1700 1695 1695 1695 1701 1701 1701 1693 1693 1693 1702 1702 1702 1693 1693 1693 1701 1701 1701 1693 1693 1693 1702 1702 1702 1697 1697 1697 1683 1683 1683 1688 1688 1688 1684 1684 1684 1703 1703 1703 1684 1684 1684 1688 1688 1688 1684 1684 1684 1703 1703 1703 1704 1704 1704 1694 1694 1694 1690 1690 1690 1695 1695 1695 1684 1684 1684 1695 1695 1695 1690 1690 1690 1695 1695 1695 1684 1684 1684 1699 1699 1699 1704 1704 1704 1699 1699 1699 1684 1684 1684 1699 1699 1699 1704 1704 1704 1705 1705 1705 1706 1706 1706 1707 1707 1707 1708 1708 1708 1706 1706 1706 1708 1708 1708 1709 1709 1709 1710 1710 1710 1711 1711 1711 1708 1708 1708 1712 1712 1712 1713 1713 1713 1714 1714 1714 1715 1715 1715 1714 1714 1714 1713 1713 1713 1714 1714 1714 1715 1715 1715 1716 1716 1716 1711 1711 1711 1717 1717 1717 1708 1708 1708 1718 1718 1718 1708 1708 1708 1717 1717 1717 1708 1708 1708 1718 1718 1718 1709 1709 1709 1719 1719 1719 1720 1720 1720 1721 1721 1721 1714 1714 1714 1721 1721 1721 1720 1720 1720 1721 1721 1721 1714 1714 1714 1722 1722 1722 1716 1716 1716 1722 1722 1722 1714 1714 1714 1719 1719 1719 1723 1723 1723 1720 1720 1720 1724 1724 1724 1720 1720 1720 1723 1723 1723 1720 1720 1720 1724 1724 1724 1708 1708 1708 1725 1725 1725 1708 1708 1708 1724 1724 1724 1708 1708 1708 1725 1725 1725 1710 1710 1710 1726 1726 1726 1727 1727 1727 1728 1728 1728 1729 1729 1729 1728 1728 1728 1727 1727 1727 1730 1730 1730 1731 1731 1731 1732 1732 1732 1733 1733 1733 1732 1732 1732 1731 1731 1731 1734 1734 1734 1735 1735 1735 1736 1736 1736 1737 1737 1737 1736 1736 1736 1735 1735 1735 1738 1738 1738 1739 1739 1739 1740 1740 1740 1741 1741 1741 1742 1742 1742 1740 1740 1740 1743 1743 1743 1740 1740 1740 1742 1742 1742 1740 1740 1740 1743 1743 1743 1744 1744 1744 1745 1745 1745 1744 1744 1744 1743 1743 1743 1746 1746 1746 1747 1747 1747 1748 1748 1748 1749 1749 1749 1748 1748 1748 1747 1747 1747 1748 1748 1748 1749 1749 1749 1750 1750 1750 1751 1751 1751 1750 1750 1750 1749 1749 1749 1750 1750 1750 1751 1751 1751 1752 1752 1752 1753 1753 1753 1752 1752 1752 1751 1751 1751 1752 1752 1752 1753 1753 1753 1754 1754 1754 1755 1755 1755 1754 1754 1754 1753 1753 1753 1754 1754 1754 1755 1755 1755 1740 1740 1740 1756 1756 1756 1740 1740 1740 1755 1755 1755 1740 1740 1740 1756 1756 1756 1738 1738 1738 1745 1745 1745 1757 1757 1757 1744 1744 1744 1758 1758 1758 1744 1744 1744 1757 1757 1757 1744 1744 1744 1758 1758 1758 1759 1759 1759 1739 1739 1739 1760 1760 1760 1740 1740 1740 1761 1761 1761 1740 1740 1740 1760 1760 1760 1740 1740 1740 1761 1761 1761 1741 1741 1741 1762 1762 1762 1763 1763 1763 1764 1764 1764 1765 1765 1765 1764 1764 1764 1763 1763 1763 1766 1766 1766 1767 1767 1767 1768 1768 1768 1769 1769 1769 1768 1768 1768 1767 1767 1767 1770 1770 1770 1771 1771 1771 1772 1772 1772 1773 1773 1773 1772 1772 1772 1771 1771 1771 1774 1774 1774 1775 1775 1775 1776 1776 1776 1777 1777 1777 1778 1778 1778 1779 1779 1779 1780 1780 1780 1777 1777 1777 1781 1781 1781 1779 1779 1779 1781 1781 1781 1777 1777 1777 1781 1781 1781 1779 1779 1779 1782 1782 1782 1778 1778 1778 1783 1783 1783 1779 1779 1779 1784 1784 1784 1779 1779 1779 1783 1783 1783 1779 1779 1779 1784 1784 1784 1774 1774 1774 1785 1785 1785 1774 1774 1774 1784 1784 1784 1774 1774 1774 1785 1785 1785 1775 1775 1775 1786 1786 1786 1787 1787 1787 1774 1774 1774 1788 1788 1788 1774 1774 1774 1787 1787 1787 1774 1774 1774 1788 1788 1788 1779 1779 1779 1789 1789 1789 1779 1779 1779 1788 1788 1788 1779 1779 1779 1789 1789 1789 1782 1782 1782 1776 1776 1776 1790 1790 1790 1774 1774 1774 1791 1791 1791 1774 1774 1774 1790 1790 1790 1774 1774 1774 1791 1791 1791 1792 1792 1792 1793 1793 1793 1786 1786 1786 1794 1794 1794 1774 1774 1774 1794 1794 1794 1786 1786 1786 1794 1794 1794 1774 1774 1774 1795 1795 1795 1792 1792 1792 1795 1795 1795 1774 1774 1774 1796 1796 1796 1797 1797 1797 1798 1798 1798 1799 1799 1799 1798 1798 1798 1797 1797 1797 1800 1800 1800 1801 1801 1801 1802 1802 1802 1800 1800 1800 1802 1802 1802 1803 1803 1803 1804 1804 1804 1805 1805 1805 1802 1802 1802 1806 1806 1806 1807 1807 1807 1808 1808 1808 1809 1809 1809 1808 1808 1808 1807 1807 1807 1808 1808 1808 1809 1809 1809 1810 1810 1810 1805 1805 1805 1811 1811 1811 1802 1802 1802 1812 1812 1812 1802 1802 1802 1811 1811 1811 1802 1802 1802 1812 1812 1812 1803 1803 1803 1813 1813 1813 1814 1814 1814 1815 1815 1815 1808 1808 1808 1815 1815 1815 1814 1814 1814 1815 1815 1815 1808 1808 1808 1816 1816 1816 1810 1810 1810 1816 1816 1816 1808 1808 1808 1813 1813 1813 1817 1817 1817 1814 1814 1814 1818 1818 1818 1814 1814 1814 1817 1817 1817 1814 1814 1814 1818 1818 1818 1802 1802 1802 1819 1819 1819 1802 1802 1802 1818 1818 1818 1802 1802 1802 1819 1819 1819 1804 1804 1804 1820 1820 1820 1821 1821 1821 1822 1822 1822 1823 1823 1823 1822 1822 1822 1824 1824 1824 1825 1825 1825 1824 1824 1824 1822 1822 1822 1823 1823 1823 1826 1826 1826 1822 1822 1822 1827 1827 1827 1822 1822 1822 1826 1826 1826 1822 1822 1822 1827 1827 1827 1828 1828 1828 1828 1828 1828 1829 1829 1829 1822 1822 1822 1830 1830 1830 1822 1822 1822 1829 1829 1829 1822 1822 1822 1830 1830 1830 1820 1820 1820 1831 1831 1831 1832 1832 1832 1833 1833 1833 1834 1834 1834 1833 1833 1833 1832 1832 1832 1833 1833 1833 1834 1834 1834 1835 1835 1835 1836 1836 1836 1835 1835 1835 1834 1834 1834 1835 1835 1835 1836 1836 1836 1837 1837 1837 1838 1838 1838 1837 1837 1837 1836 1836 1836 1837 1837 1837 1838 1838 1838 1839 1839 1839 1840 1840 1840 1839 1839 1839 1838 1838 1838 1839 1839 1839 1840 1840 1840 1841 1841 1841 1842 1842 1842 1841 1841 1841 1840 1840 1840 1841 1841 1841 1842 1842 1842 1843 1843 1843 1844 1844 1844 1843 1843 1843 1842 1842 1842 1843 1843 1843 1844 1844 1844 1845 1845 1845 1846 1846 1846 1845 1845 1845 1844 1844 1844 1845 1845 1845 1846 1846 1846 1847 1847 1847 1848 1848 1848 1847 1847 1847 1846 1846 1846 1847 1847 1847 1848 1848 1848 1849 1849 1849 1850 1850 1850 1849 1849 1849 1848 1848 1848 1849 1849 1849 1850 1850 1850 1851 1851 1851 1852 1852 1852 1851 1851 1851 1850 1850 1850 1851 1851 1851 1852 1852 1852 1853 1853 1853 1854 1854 1854 1853 1853 1853 1852 1852 1852 1853 1853 1853 1854 1854 1854 1831 1831 1831 1832 1832 1832 1831 1831 1831 1854 1854 1854 1855 1855 1855 1856 1856 1856 1857 1857 1857 1858 1858 1858 1857 1857 1857 1856 1856 1856 1857 1857 1857 1858 1858 1858 1859 1859 1859 1860 1860 1860 1859 1859 1859 1858 1858 1858 1859 1859 1859 1860 1860 1860 1861 1861 1861 1862 1862 1862 1861 1861 1861 1860 1860 1860 1861 1861 1861 1862 1862 1862 1863 1863 1863 1864 1864 1864 1863 1863 1863 1862 1862 1862 1863 1863 1863 1864 1864 1864 1865 1865 1865 1866 1866 1866 1865 1865 1865 1864 1864 1864 1865 1865 1865 1866 1866 1866 1867 1867 1867 1868 1868 1868 1867 1867 1867 1866 1866 1866 1867 1867 1867 1868 1868 1868 1869 1869 1869 1870 1870 1870 1869 1869 1869 1868 1868 1868 1869 1869 1869 1870 1870 1870 1871 1871 1871 1872 1872 1872 1871 1871 1871 1870 1870 1870 1871 1871 1871 1872 1872 1872 1873 1873 1873 1874 1874 1874 1873 1873 1873 1872 1872 1872 1873 1873 1873 1874 1874 1874 1875 1875 1875 1876 1876 1876 1875 1875 1875 1874 1874 1874 1875 1875 1875 1876 1876 1876 1877 1877 1877 1878 1878 1878 1877 1877 1877 1876 1876 1876 1877 1877 1877 1878 1878 1878 1855 1855 1855 1856 1856 1856 1855 1855 1855 1878 1878 1878 1879 1879 1879 1880 1880 1880 1881 1881 1881 1882 1882 1882 1881 1881 1881 1880 1880 1880 1881 1881 1881 1882 1882 1882 1883 1883 1883 1884 1884 1884 1883 1883 1883 1882 1882 1882 1883 1883 1883 1884 1884 1884 1885 1885 1885 1886 1886 1886 1885 1885 1885 1884 1884 1884 1885 1885 1885 1886 1886 1886 1887 1887 1887 1888 1888 1888 1887 1887 1887 1886 1886 1886 1887 1887 1887 1888 1888 1888 1889 1889 1889 1890 1890 1890 1889 1889 1889 1888 1888 1888 1889 1889 1889 1890 1890 1890 1891 1891 1891 1892 1892 1892 1891 1891 1891 1890 1890 1890 1891 1891 1891 1892 1892 1892 1893 1893 1893 1894 1894 1894 1893 1893 1893 1892 1892 1892 1893 1893 1893 1894 1894 1894 1895 1895 1895 1896 1896 1896 1895 1895 1895 1894 1894 1894 1895 1895 1895 1896 1896 1896 1897 1897 1897 1898 1898 1898 1897 1897 1897 1896 1896 1896 1897 1897 1897 1898 1898 1898 1899 1899 1899 1900 1900 1900 1899 1899 1899 1898 1898 1898 1899 1899 1899 1900 1900 1900 1901 1901 1901 1902 1902 1902 1901 1901 1901 1900 1900 1900 1901 1901 1901 1902 1902 1902 1879 1879 1879 1880 1880 1880 1879 1879 1879 1902 1902 1902 1903 1903 1903 1904 1904 1904 1905 1905 1905 1906 1906 1906 1907 1907 1907 1908 1908 1908 1909 1909 1909 1910 1910 1910 1911 1911 1911 1912 1912 1912 1913 1913 1913 1914 1914 1914 1915 1915 1915 1916 1916 1916 1917 1917 1917 1918 1918 1918 1919 1919 1919 1920 1920 1920 1921 1921 1921 1922 1922 1922 1923 1923 1923 1924 1924 1924 1925 1925 1925 1926 1926 1926 1927 1927 1927 1928 1928 1928 1929 1929 1929 1930 1930 1930 1931 1931 1931 1932 1932 1932 1931 1931 1931 1930 1930 1930 1933 1933 1933 1934 1934 1934 1935 1935 1935 1936 1936 1936 1937 1937 1937 1938 1938 1938 1939 1939 1939 1940 1940 1940 1941 1941 1941 1942 1942 1942 1941 1941 1941 1940 1940 1940 1943 1943 1943 1944 1944 1944 1945 1945 1945 1946 1946 1946 1947 1947 1947 1948 1948 1948 1949 1949 1949 1950 1950 1950 1951 1951 1951 1952 1952 1952 1945 1945 1945 1944 1944 1944 1953 1953 1953 1954 1954 1954 1955 1955 1955 1956 1956 1956 1957 1957 1957 1958 1958 1958 1959 1959 1959 1960 1960 1960 1961 1961 1961 1962 1962 1962 1963 1963 1963 1964 1964 1964 1965 1965 1965 1966 1966 1966 1967 1967 1967 1968 1968 1968 1969 1969 1969 1970 1970 1970 1971 1971 1971 1972 1972 1972 1973 1973 1973 1974 1974 1974 1975 1975 1975 1976 1976 1976 1977 1977 1977 1978 1978 1978 1979 1979 1979 1980 1980 1980 1981 1981 1981 1982 1982 1982 1983 1983 1983 1983 1983 1983 1982 1982 1982 1984 1984 1984 1985 1985 1985 1986 1986 1986 1987 1987 1987 1988 1988 1988 1989 1989 1989 1990 1990 1990 1991 1991 1991 1992 1992 1992 1993 1993 1993 1994 1994 1994 1995 1995 1995 1996 1996 1996 1997 1997 1997 1998 1998 1998 1999 1999 1999 2000 2000 2000 2001 2001 2001 2002 2002 2002 2003 2003 2003 2004 2004 2004 2005 2005 2005 2006 2006 2006 2007 2007 2007 2008 2008 2008 2009 2009 2009 2010 2010 2010 2011 2011 2011 2012 2012 2012 2013 2013 2013 2014 2014 2014 2015 2015 2015 2016 2016 2016 2017 2017 2017 2018 2018 2018 2019 2019 2019 2020 2020 2020 2021 2021 2021 1917 1917 1917 2022 2022 2022 2023 2023 2023 2024 2024 2024 2025 2025 2025 2026 2026 2026 2027 2027 2027 2028 2028 2028 2029 2029 2029 2030 2030 2030 2031 2031 2031 2032 2032 2032 2033 2033 2033 2034 2034 2034 2032 2032 2032 2034 2034 2034 2035 2035 2035 2036 2036 2036 2037 2037 2037 2038 2038 2038 2039 2039 2039 2038 2038 2038 2037 2037 2037 2038 2038 2038 2039 2039 2039 2040 2040 2040 2032 2032 2032 2040 2040 2040 2039 2039 2039 2041 2041 2041 2042 2042 2042 2039 2039 2039 2043 2043 2043 2039 2039 2039 2042 2042 2042 2039 2039 2039 2043 2043 2043 2032 2032 2032 2044 2044 2044 2032 2032 2032 2043 2043 2043 2032 2032 2032 2044 2044 2044 2033 2033 2033 2045 2045 2045 2046 2046 2046 2047 2047 2047 2048 2048 2048 2047 2047 2047 2046 2046 2046 2048 2048 2048 2049 2049 2049 2047 2047 2047 2050 2050 2050 2047 2047 2047 2049 2049 2049 2047 2047 2047 2050 2050 2050 2051 2051 2051 2041 2041 2041 2039 2039 2039 2052 2052 2052 2053 2053 2053 2052 2052 2052 2039 2039 2039 2052 2052 2052 2053 2053 2053 2051 2051 2051 2054 2054 2054 2051 2051 2051 2053 2053 2053 2051 2051 2051 2054 2054 2054 2047 2047 2047 2055 2055 2055 2056 2056 2056 2054 2054 2054 2055 2055 2055 2054 2054 2054 2030 2030 2030 2056 2056 2056 2057 2057 2057 2054 2054 2054 2058 2058 2058 2054 2054 2054 2057 2057 2057 2054 2054 2054 2058 2058 2058 2047 2047 2047 2059 2059 2059 2060 2060 2060 2061 2061 2061 2062 2062 2062 2061 2061 2061 2060 2060 2060 2061 2061 2061 2062 2062 2062 2063 2063 2063 2064 2064 2064 2065 2065 2065 2066 2066 2066 2067 2067 2067 2066 2066 2066 2065 2065 2065 2068 2068 2068 2069 2069 2069 2070 2070 2070 2071 2071 2071 2072 2072 2072 2073 2073 2073 2072 2072 2072 2074 2074 2074 2073 2073 2073 2075 2075 2075 2073 2073 2073 2074 2074 2074 2073 2073 2073 2075 2075 2075 2076 2076 2076 2077 2077 2077 2078 2078 2078 2079 2079 2079 2080 2080 2080 2081 2081 2081 2077 2077 2077 2082 2082 2082 2077 2077 2077 2081 2081 2081 2077 2077 2077 2082 2082 2082 2078 2078 2078 2083 2083 2083 2080 2080 2080 2084 2084 2084 2077 2077 2077 2084 2084 2084 2080 2080 2080 2084 2084 2084 2077 2077 2077 2085 2085 2085 2079 2079 2079 2085 2085 2085 2077 2077 2077 2085 2085 2085 2079 2079 2079 2086 2086 2086 2086 2086 2086 2079 2079 2079 2087 2087 2087 2088 2088 2088 2087 2087 2087 2079 2079 2079 2087 2087 2087 2088 2088 2088 2089 2089 2089 2090 2090 2090 2091 2091 2091 2092 2092 2092 2090 2090 2090 2092 2092 2092 2025 2025 2025 2092 2092 2092 2093 2093 2093 2025 2025 2025 2094 2094 2094 2025 2025 2025 2093 2093 2093 2025 2025 2025 2094 2094 2094 2095 2095 2095 2095 2095 2095 2096 2096 2096 2025 2025 2025 2097 2097 2097 2025 2025 2025 2096 2096 2096 2025 2025 2025 2097 2097 2097 2023 2023 2023 2098 2098 2098 2099 2099 2099 2100 2100 2100 2101 2101 2101 2100 2100 2100 2099 2099 2099 2100 2100 2100 2101 2101 2101 2102 2102 2102 2103 2103 2103 2102 2102 2102 2101 2101 2101 2102 2102 2102 2103 2103 2103 2104 2104 2104 2105 2105 2105 2104 2104 2104 2103 2103 2103 2106 2106 2106 2107 2107 2107 2108 2108 2108 2106 2106 2106 2108 2108 2108 2109 2109 2109 2110 2110 2110 2111 2111 2111 2108 2108 2108 2112 2112 2112 2108 2108 2108 2111 2111 2111 2108 2108 2108 2112 2112 2112 2109 2109 2109 2033 2033 2033 2109 2109 2109 2112 2112 2112 2109 2109 2109 2033 2033 2033 2106 2106 2106 2113 2113 2113 2106 2106 2106 2033 2033 2033 2106 2106 2106 2113 2113 2113 2107 2107 2107 2114 2114 2114 2107 2107 2107 2113 2113 2113 2107 2107 2107 2114 2114 2114 2108 2108 2108 2115 2115 2115 2108 2108 2108 2114 2114 2114 2108 2108 2108 2115 2115 2115 2116 2116 2116 2117 2117 2117 2118 2118 2118 2119 2119 2119 2118 2118 2118 2120 2120 2120 2119 2119 2119 2121 2121 2121 2119 2119 2119 2120 2120 2120 2119 2119 2119 2121 2121 2121 2122 2122 2122 2123 2123 2123 2122 2122 2122 2121 2121 2121 2122 2122 2122 2123 2123 2123 2124 2124 2124 2125 2125 2125 2124 2124 2124 2123 2123 2123 2124 2124 2124 2125 2125 2125 2126 2126 2126 2127 2127 2127 2126 2126 2126 2125 2125 2125 2126 2126 2126 2127 2127 2127 2128 2128 2128 2129 2129 2129 2128 2128 2128 2127 2127 2127 2128 2128 2128 2129 2129 2129 2130 2130 2130 2131 2131 2131 2130 2130 2130 2129 2129 2129 2130 2130 2130 2131 2131 2131 2132 2132 2132 2133 2133 2133 2132 2132 2132 2131 2131 2131 2132 2132 2132 2133 2133 2133 2134 2134 2134 2135 2135 2135 2134 2134 2134 2133 2133 2133 2134 2134 2134 2135 2135 2135 2136 2136 2136 2137 2137 2137 2136 2136 2136 2135 2135 2135 2136 2136 2136 2137 2137 2137 2138 2138 2138 2139 2139 2139 2140 2140 2140 2141 2141 2141 2142 2142 2142 2141 2141 2141 2140 2140 2140 2141 2141 2141 2142 2142 2142 2143 2143 2143 2144 2144 2144 2143 2143 2143 2142 2142 2142 2145 2145 2145 2146 2146 2146 2147 2147 2147 2148 2148 2148 2147 2147 2147 2146 2146 2146 2147 2147 2147 2148 2148 2148 2149 2149 2149 2150 2150 2150 2149 2149 2149 2148 2148 2148 2149 2149 2149 2150 2150 2150 2151 2151 2151 2152 2152 2152 2151 2151 2151 2150 2150 2150 2151 2151 2151 2152 2152 2152 2153 2153 2153 2154 2154 2154 2153 2153 2153 2152 2152 2152 2153 2153 2153 2154 2154 2154 2155 2155 2155 2139 2139 2139 2155 2155 2155 2154 2154 2154 2156 2156 2156 2157 2157 2157 2158 2158 2158 2159 2159 2159 2160 2160 2160 2161 2161 2161 2162 2162 2162 2161 2161 2161 2160 2160 2160 2161 2161 2161 2162 2162 2162 2163 2163 2163 2164 2164 2164 2157 2157 2157 2165 2165 2165 2156 2156 2156 2165 2165 2165 2157 2157 2157 2165 2165 2165 2156 2156 2156 2166 2166 2166 2167 2167 2167 2168 2168 2168 2169 2169 2169 2170 2170 2170 2169 2169 2169 2168 2168 2168 2169 2169 2169 2170 2170 2170 2171 2171 2171 2172 2172 2172 2171 2171 2171 2170 2170 2170 2168 2168 2168 2158 2158 2158 2170 2170 2170 2157 2157 2157 2170 2170 2170 2158 2158 2158 2170 2170 2170 2157 2157 2157 2172 2172 2172 2164 2164 2164 2172 2172 2172 2157 2157 2157 2172 2172 2172 2164 2164 2164 2173 2173 2173 2174 2174 2174 2175 2175 2175 1989 1989 1989 2176 2176 2176 2173 2173 2173 2177 2177 2177 2164 2164 2164 2177 2177 2177 2173 2173 2173 2177 2177 2177 2164 2164 2164 2178 2178 2178 2165 2165 2165 2178 2178 2178 2164 2164 2164 2178 2178 2178 2165 2165 2165 2179 2179 2179 2166 2166 2166 2179 2179 2179 2165 2165 2165 2179 2179 2179 2166 2166 2166 2180 2180 2180 2181 2181 2181 2182 2182 2182 2183 2183 2183 2184 2184 2184 2183 2183 2183 2182 2182 2182 2185 2185 2185 2186 2186 2186 2187 2187 2187 2021 2021 2021 2188 2188 2188 2189 2189 2189 2190 2190 2190 2191 2191 2191 2192 2192 2192 2193 2193 2193 2192 2192 2192 2191 2191 2191 2192 2192 2192 2193 2193 2193 2194 2194 2194 1917 1917 1917 2195 2195 2195 2189 2189 2189 2021 2021 2021 2189 2189 2189 1917 1917 1917 2195 2195 2195 1917 1917 1917 2189 2189 2189 1917 1917 1917 2195 2195 2195 2196 2196 2196 2197 2197 2197 2196 2196 2196 2195 2195 2195 2196 2196 2196 2197 2197 2197 1917 1917 1917 2198 2198 2198 1917 1917 1917 2197 2197 2197 1917 1917 1917 2198 2198 2198 2199 2199 2199 2197 2197 2197 2199 2199 2199 2198 2198 2198 2199 2199 2199 2197 2197 2197 2200 2200 2200 2195 2195 2195 2200 2200 2200 2197 2197 2197 2200 2200 2200 2195 2195 2195 2199 2199 2199 1917 1917 1917 2199 2199 2199 2195 2195 2195 2201 2201 2201 2202 2202 2202 2203 2203 2203 2017 2017 2017 2204 2204 2204 2015 2015 2015 2205 2205 2205 2015 2015 2015 2204 2204 2204 2015 2015 2015 2205 2205 2205 2016 2016 2016 1917 1917 1917 2016 2016 2016 2205 2205 2205 2016 2016 2016 1917 1917 1917 2206 2206 2206 2202 2202 2202 2201 2201 2201 1917 1917 1917 2203 2203 2203 2207 2207 2207 2201 2201 2201 2208 2208 2208 2201 2201 2201 2207 2207 2207 2201 2201 2201 2208 2208 2208 1917 1917 1917 2209 2209 2209 2210 2210 2210 2211 2211 2211 2212 2212 2212 1917 1917 1917 2213 2213 2213 2214 2214 2214 2215 2215 2215 2216 2216 2216 1917 1917 1917 2216 2216 2216 2215 2215 2215 2216 2216 2216 1917 1917 1917 2214 2214 2214 2205 2205 2205 2214 2214 2214 1917 1917 1917 2214 2214 2214 2205 2205 2205 2215 2215 2215 2204 2204 2204 2215 2215 2215 2205 2205 2205 2215 2215 2215 2204 2204 2204 1917 1917 1917 2017 2017 2017 1917 1917 1917 2204 2204 2204 1917 1917 1917 2017 2017 2017 2202 2202 2202 2016 2016 2016 2202 2202 2202 2017 2017 2017 2202 2202 2202 2016 2016 2016 2203 2203 2203 2206 2206 2206 2203 2203 2203 2016 2016 2016 2203 2203 2203 2206 2206 2206 2207 2207 2207 2217 2217 2217 2207 2207 2207 2206 2206 2206 2207 2207 2207 2217 2217 2217 2208 2208 2208 2218 2218 2218 2208 2208 2208 2217 2217 2217 2208 2208 2208 2218 2218 2218 1917 1917 1917 2219 2219 2219 1917 1917 1917 2218 2218 2218 1917 1917 1917 2219 2219 2219 2213 2213 2213 2220 2220 2220 2213 2213 2213 2219 2219 2219 2221 2221 2221 2222 2222 2222 2223 2223 2223 2020 2020 2020 2223 2223 2223 2222 2222 2222 2223 2223 2223 2020 2020 2020 2224 2224 2224 2019 2019 2019 2224 2224 2224 2020 2020 2020 2224 2224 2224 2019 2019 2019 2225 2225 2225 2226 2226 2226 2211 2211 2211 2227 2227 2227 2228 2228 2228 2229 2229 2229 2230 2230 2230 2227 2227 2227 2230 2230 2230 2229 2229 2229 2022 2022 2022 2231 2231 2231 2232 2232 2232 2233 2233 2233 2232 2232 2232 2231 2231 2231 2232 2232 2232 2233 2233 2233 2234 2234 2234 2234 2234 2234 2194 2194 2194 2232 2232 2232 2193 2193 2193 2232 2232 2232 2194 2194 2194 2232 2232 2232 2193 2193 2193 2022 2022 2022 2191 2191 2191 2022 2022 2022 2193 2193 2193 2022 2022 2022 2191 2191 2191 2021 2021 2021 2190 2190 2190 2021 2021 2021 2191 2191 2191 2021 2021 2021 2190 2190 2190 2188 2188 2188 2235 2235 2235 2236 2236 2236 2237 2237 2237 2238 2238 2238 2237 2237 2237 2236 2236 2236 2237 2237 2237 2238 2238 2238 2239 2239 2239 2240 2240 2240 2239 2239 2239 2238 2238 2238 2239 2239 2239 2240 2240 2240 2241 2241 2241 2242 2242 2242 2243 2243 2243 2244 2244 2244 2245 2245 2245 2246 2246 2246 2247 2247 2247 2012 2012 2012 2247 2247 2247 2246 2246 2246 2247 2247 2247 2012 2012 2012 2248 2248 2248 2014 2014 2014 2248 2248 2248 2012 2012 2012 2248 2248 2248 2014 2014 2014 2249 2249 2249 2250 2250 2250 2245 2245 2245 2251 2251 2251 2247 2247 2247 2251 2251 2251 2245 2245 2245 2251 2251 2251 2247 2247 2247 2252 2252 2252 2248 2248 2248 2252 2252 2252 2247 2247 2247 2252 2252 2252 2248 2248 2248 2253 2253 2253 2249 2249 2249 2253 2253 2253 2248 2248 2248 2253 2253 2253 2249 2249 2249 2254 2254 2254 2255 2255 2255 2256 2256 2256 2236 2236 2236 2257 2257 2257 2236 2236 2236 2256 2256 2256 2236 2236 2236 2257 2257 2257 2238 2238 2238 2258 2258 2258 2238 2238 2238 2257 2257 2257 2238 2238 2238 2258 2258 2258 2240 2240 2240 2259 2259 2259 2240 2240 2240 2258 2258 2258 2260 2260 2260 2261 2261 2261 2262 2262 2262 2263 2263 2263 2262 2262 2262 2261 2261 2261 2262 2262 2262 2263 2263 2263 2185 2185 2185 2264 2264 2264 2185 2185 2185 2263 2263 2263 2185 2185 2185 2264 2264 2264 2186 2186 2186 2211 2211 2211 2226 2226 2226 2209 2209 2209 2265 2265 2265 2209 2209 2209 2226 2226 2226 2209 2209 2209 2265 2265 2265 2266 2266 2266 2007 2007 2007 2006 2006 2006 2267 2267 2267 2228 2228 2228 2268 2268 2268 2229 2229 2229 2267 2267 2267 2229 2229 2229 2268 2268 2268 2229 2229 2229 2267 2267 2267 2269 2269 2269 2006 2006 2006 2269 2269 2269 2267 2267 2267 2269 2269 2269 2006 2006 2006 2270 2270 2270 2008 2008 2008 2270 2270 2270 2006 2006 2006 2270 2270 2270 2008 2008 2008 2271 2271 2271 2272 2272 2272 2273 2273 2273 2274 2274 2274 2275 2275 2275 2274 2274 2274 2273 2273 2273 2274 2274 2274 2275 2275 2275 2276 2276 2276 2277 2277 2277 2278 2278 2278 2279 2279 2279 2280 2280 2280 2279 2279 2279 2278 2278 2278 2279 2279 2279 2280 2280 2280 2281 2281 2281 2271 2271 2271 2008 2008 2008 2276 2276 2276 2007 2007 2007 2276 2276 2276 2008 2008 2008 2276 2276 2276 2007 2007 2007 2274 2274 2274 2267 2267 2267 2274 2274 2274 2007 2007 2007 2274 2274 2274 2267 2267 2267 2272 2272 2272 2268 2268 2268 2272 2272 2272 2267 2267 2267 2272 2272 2272 2268 2268 2268 2282 2282 2282 2283 2283 2283 2282 2282 2282 2268 2268 2268 2282 2282 2282 2283 2283 2283 2284 2284 2284 2285 2285 2285 2284 2284 2284 2283 2283 2283 2284 2284 2284 2285 2285 2285 2286 2286 2286 2287 2287 2287 2286 2286 2286 2285 2285 2285 2286 2286 2286 2287 2287 2287 2288 2288 2288 2289 2289 2289 2288 2288 2288 2287 2287 2287 2288 2288 2288 2289 2289 2289 2290 2290 2290 2291 2291 2291 2290 2290 2290 2289 2289 2289 2290 2290 2290 2291 2291 2291 2292 2292 2292 2293 2293 2293 2292 2292 2292 2291 2291 2291 2292 2292 2292 2293 2293 2293 2294 2294 2294 2264 2264 2264 2231 2231 2231 2186 2186 2186 2022 2022 2022 2186 2186 2186 2231 2231 2231 2186 2186 2186 2022 2022 2022 2187 2187 2187 1917 1917 1917 2187 2187 2187 2022 2022 2022 2187 2187 2187 1917 1917 1917 2185 2185 2185 2241 2241 2241 2185 2185 2185 1917 1917 1917 2185 2185 2185 2241 2241 2241 2262 2262 2262 2240 2240 2240 2262 2262 2262 2241 2241 2241 2262 2262 2262 2240 2240 2240 2260 2260 2260 2259 2259 2259 2260 2260 2260 2240 2240 2240 2295 2295 2295 2296 2296 2296 2297 2297 2297 2298 2298 2298 2297 2297 2297 2296 2296 2296 2299 2299 2299 2300 2300 2300 2301 2301 2301 2302 2302 2302 2301 2301 2301 2300 2300 2300 2301 2301 2301 2302 2302 2302 2303 2303 2303 2304 2304 2304 2303 2303 2303 2302 2302 2302 2303 2303 2303 2304 2304 2304 2305 2305 2305 2306 2306 2306 2299 2299 2299 2307 2307 2307 2301 2301 2301 2307 2307 2307 2299 2299 2299 2307 2307 2307 2301 2301 2301 2308 2308 2308 2303 2303 2303 2308 2308 2308 2301 2301 2301 2308 2308 2308 2303 2303 2303 2296 2296 2296 2305 2305 2305 2296 2296 2296 2303 2303 2303 2296 2296 2296 2305 2305 2305 2298 2298 2298 2004 2004 2004 2309 2309 2309 2005 2005 2005 2310 2310 2310 2005 2005 2005 2309 2309 2309 2005 2005 2005 2310 2310 2310 2311 2311 2311 2312 2312 2312 2313 2313 2313 2314 2314 2314 2315 2315 2315 2316 2316 2316 2317 2317 2317 2318 2318 2318 2259 2259 2259 2313 2313 2313 2319 2319 2319 2320 2320 2320 2321 2321 2321 2322 2322 2322 2321 2321 2321 2320 2320 2320 2000 2000 2000 2002 2002 2002 2323 2323 2323 2324 2324 2324 2325 2325 2325 2326 2326 2326 2324 2324 2324 2326 2326 2326 2327 2327 2327 2328 2328 2328 2329 2329 2329 2330 2330 2330 2331 2331 2331 2330 2330 2330 2329 2329 2329 2332 2332 2332 2281 2281 2281 2333 2333 2333 2280 2280 2280 2333 2333 2333 2281 2281 2281 2333 2333 2333 2280 2280 2280 2334 2334 2334 2278 2278 2278 2334 2334 2334 2280 2280 2280 2334 2334 2334 2278 2278 2278 2335 2335 2335 2277 2277 2277 2335 2335 2335 2278 2278 2278 2335 2335 2335 2277 2277 2277 2331 2331 2331 2323 2323 2323 2331 2331 2331 2277 2277 2277 2331 2331 2331 2323 2323 2323 2330 2330 2330 2002 2002 2002 2330 2330 2330 2323 2323 2323 2330 2330 2330 2002 2002 2002 2328 2328 2328 2227 2227 2227 2229 2229 2229 2226 2226 2226 2269 2269 2269 2226 2226 2226 2229 2229 2229 2226 2226 2226 2269 2269 2269 2265 2265 2265 2270 2270 2270 2265 2265 2265 2269 2269 2269 2265 2265 2265 2270 2270 2270 2266 2266 2266 2271 2271 2271 2266 2266 2266 2270 2270 2270 2266 2266 2266 2271 2271 2271 2336 2336 2336 2276 2276 2276 2336 2336 2336 2271 2271 2271 2336 2336 2336 2276 2276 2276 2332 2332 2332 2275 2275 2275 2332 2332 2332 2276 2276 2276 2332 2332 2332 2275 2275 2275 2281 2281 2281 2273 2273 2273 2281 2281 2281 2275 2275 2275 2281 2281 2281 2273 2273 2273 2279 2279 2279 2272 2272 2272 2279 2279 2279 2273 2273 2273 2279 2279 2279 2272 2272 2272 2277 2277 2277 2282 2282 2282 2277 2277 2277 2272 2272 2272 2277 2277 2277 2282 2282 2282 2323 2323 2323 2284 2284 2284 2323 2323 2323 2282 2282 2282 2323 2323 2323 2284 2284 2284 2000 2000 2000 2286 2286 2286 2000 2000 2000 2284 2284 2284 2000 2000 2000 2286 2286 2286 2001 2001 2001 2288 2288 2288 2001 2001 2001 2286 2286 2286 2001 2001 2001 2288 2288 2288 2002 2002 2002 2337 2337 2337 1997 1997 1997 2338 2338 2338 1999 1999 1999 2338 2338 2338 1997 1997 1997 2338 2338 2338 1999 1999 1999 2319 2319 2319 2339 2339 2339 2319 2319 2319 1999 1999 1999 2319 2319 2319 2339 2339 2339 2320 2320 2320 2322 2322 2322 2340 2340 2340 2321 2321 2321 2341 2341 2341 2321 2321 2321 2340 2340 2340 2321 2321 2321 2341 2341 2341 2319 2319 2319 1994 1994 1994 2319 2319 2319 2341 2341 2341 2319 2319 2319 1994 1994 1994 2338 2338 2338 1996 1996 1996 2338 2338 2338 1994 1994 1994 2338 2338 2338 1996 1996 1996 2337 2337 2337 2342 2342 2342 2343 2343 2343 2344 2344 2344 2312 2312 2312 2344 2344 2344 2343 2343 2343 2345 2345 2345 2346 2346 2346 1991 1991 1991 2220 2220 2220 2347 2347 2347 2213 2213 2213 2348 2348 2348 2213 2213 2213 2347 2347 2347 2213 2213 2213 2348 2348 2348 2212 2212 2212 1989 1989 1989 2175 2175 2175 1990 1990 1990 2349 2349 2349 1990 1990 1990 2175 2175 2175 1990 1990 1990 2349 2349 2349 2350 2350 2350 2351 2351 2351 2350 2350 2350 2349 2349 2349 2350 2350 2350 2351 2351 2351 1985 1985 1985 2352 2352 2352 1985 1985 1985 2351 2351 2351 1985 1985 1985 2352 2352 2352 1986 1986 1986 2353 2353 2353 2354 2354 2354 2355 2355 2355 2311 2311 2311 2355 2355 2355 2354 2354 2354 2355 2355 2355 2311 2311 2311 2356 2356 2356 2310 2310 2310 2356 2356 2356 2311 2311 2311 2356 2356 2356 2310 2310 2310 2345 2345 2345 2309 2309 2309 2345 2345 2345 2310 2310 2310 2345 2345 2345 2309 2309 2309 2346 2346 2346 2357 2357 2357 2358 2358 2358 2359 2359 2359 2360 2360 2360 2359 2359 2359 2358 2358 2358 2359 2359 2359 2360 2360 2360 2361 2361 2361 2362 2362 2362 2361 2361 2361 2360 2360 2360 2361 2361 2361 2362 2362 2362 2363 2363 2363 2364 2364 2364 2363 2363 2363 2362 2362 2362 2363 2363 2363 2364 2364 2364 2315 2315 2315 2365 2365 2365 2315 2315 2315 2364 2364 2364 2315 2315 2315 2365 2365 2365 2316 2316 2316 2366 2366 2366 2316 2316 2316 2365 2365 2365 2316 2316 2316 2366 2366 2366 2317 2317 2317 2345 2345 2345 2367 2367 2367 2356 2356 2356 2368 2368 2368 2356 2356 2356 2367 2367 2367 2356 2356 2356 2368 2368 2368 2355 2355 2355 2369 2369 2369 2355 2355 2355 2368 2368 2368 2355 2355 2355 2369 2369 2369 2353 2353 2353 2370 2370 2370 2353 2353 2353 2369 2369 2369 2353 2353 2353 2370 2370 2370 2354 2354 2354 2371 2371 2371 2372 2372 2372 2373 2373 2373 2339 2339 2339 2374 2374 2374 2320 2320 2320 2318 2318 2318 2320 2320 2320 2374 2374 2374 2320 2320 2320 2318 2318 2318 2322 2322 2322 2313 2313 2313 2322 2322 2322 2318 2318 2318 2322 2322 2322 2313 2313 2313 2340 2340 2340 2375 2375 2375 2340 2340 2340 2313 2313 2313 2340 2340 2340 2375 2375 2375 2341 2341 2341 2376 2376 2376 2341 2341 2341 2375 2375 2375 2341 2341 2341 2376 2376 2376 1994 1994 1994 2377 2377 2377 1994 1994 1994 2376 2376 2376 1994 1994 1994 2377 2377 2377 1995 1995 1995 2378 2378 2378 1995 1995 1995 2377 2377 2377 1995 1995 1995 2378 2378 2378 1996 1996 1996 2379 2379 2379 1996 1996 1996 2378 2378 2378 1996 1996 1996 2379 2379 2379 2337 2337 2337 2380 2380 2380 2337 2337 2337 2379 2379 2379 2337 2337 2337 2380 2380 2380 1997 1997 1997 2381 2381 2381 2382 2382 2382 2383 2383 2383 2384 2384 2384 2383 2383 2383 2382 2382 2382 2373 2373 2373 2372 2372 2372 2385 2385 2385 1991 1991 1991 1993 1993 1993 2345 2345 2345 2386 2386 2386 2345 2345 2345 1993 1993 1993 2345 2345 2345 2386 2386 2386 2367 2367 2367 2387 2387 2387 2367 2367 2367 2386 2386 2386 2367 2367 2367 2387 2387 2387 2368 2368 2368 2383 2383 2383 2368 2368 2368 2387 2387 2387 2368 2368 2368 2383 2383 2383 2369 2369 2369 2384 2384 2384 2369 2369 2369 2383 2383 2383 2369 2369 2369 2384 2384 2384 2370 2370 2370 2388 2388 2388 2389 2389 2389 2390 2390 2390 2391 2391 2391 1981 1981 1981 2392 2392 2392 1983 1983 1983 2392 2392 2392 1981 1981 1981 2392 2392 2392 1983 1983 1983 2393 2393 2393 1984 1984 1984 2393 2393 2393 1983 1983 1983 2393 2393 2393 1984 1984 1984 2357 2357 2357 2394 2394 2394 2357 2357 2357 1984 1984 1984 2357 2357 2357 2394 2394 2394 2358 2358 2358 2395 2395 2395 2396 2396 2396 2397 2397 2397 2398 2398 2398 2397 2397 2397 2396 2396 2396 2397 2397 2397 2398 2398 2398 2399 2399 2399 2400 2400 2400 2399 2399 2399 2398 2398 2398 2399 2399 2399 2400 2400 2400 2401 2401 2401 2402 2402 2402 2401 2401 2401 2400 2400 2400 2403 2403 2403 2402 2402 2402 2404 2404 2404 2400 2400 2400 2404 2404 2404 2402 2402 2402 2404 2404 2404 2400 2400 2400 2405 2405 2405 2398 2398 2398 2405 2405 2405 2400 2400 2400 2405 2405 2405 2398 2398 2398 2406 2406 2406 2396 2396 2396 2406 2406 2406 2398 2398 2398 2401 2401 2401 2407 2407 2407 2399 2399 2399 2408 2408 2408 2399 2399 2399 2407 2407 2407 2399 2399 2399 2408 2408 2408 2397 2397 2397 2390 2390 2390 2397 2397 2397 2408 2408 2408 2397 2397 2397 2390 2390 2390 2395 2395 2395 2389 2389 2389 2395 2395 2395 2390 2390 2390 2395 2395 2395 2389 2389 2389 2409 2409 2409 2313 2313 2313 2312 2312 2312 2375 2375 2375 2343 2343 2343 2375 2375 2375 2312 2312 2312 2375 2375 2375 2343 2343 2343 2376 2376 2376 2342 2342 2342 2376 2376 2376 2343 2343 2343 2376 2376 2376 2342 2342 2342 2377 2377 2377 2410 2410 2410 2377 2377 2377 2342 2342 2342 2377 2377 2377 2410 2410 2410 2378 2378 2378 2371 2371 2371 2378 2378 2378 2410 2410 2410 2378 2378 2378 2371 2371 2371 2379 2379 2379 2373 2373 2373 2379 2379 2379 2371 2371 2371 2379 2379 2379 2373 2373 2373 2411 2411 2411 2385 2385 2385 2411 2411 2411 2373 2373 2373 2411 2411 2411 2385 2385 2385 2412 2412 2412 2413 2413 2413 2409 2409 2409 1987 1987 1987 2389 2389 2389 1987 1987 1987 2409 2409 2409 1987 1987 1987 2389 2389 2389 1985 1985 1985 2388 2388 2388 1985 1985 1985 2389 2389 2389 1985 1985 1985 2388 2388 2388 2350 2350 2350 2414 2414 2414 2350 2350 2350 2388 2388 2388 2350 2350 2350 2414 2414 2414 1990 1990 1990 2415 2415 2415 1990 1990 1990 2414 2414 2414 1990 1990 1990 2415 2415 2415 1988 1988 1988 2416 2416 2416 1988 1988 1988 2415 2415 2415 1998 1998 1998 1997 1997 1997 2417 2417 2417 2380 2380 2380 2417 2417 2417 1997 1997 1997 2417 2417 2417 2380 2380 2380 2326 2326 2326 2418 2418 2418 2326 2326 2326 2380 2380 2380 2326 2326 2326 2418 2418 2418 2327 2327 2327 2419 2419 2419 2327 2327 2327 2420 2420 2420 2418 2418 2418 2420 2420 2420 2327 2327 2327 2420 2420 2420 2418 2418 2418 2421 2421 2421 2380 2380 2380 2421 2421 2421 2418 2418 2418 2421 2421 2421 2380 2380 2380 2422 2422 2422 2379 2379 2379 2422 2422 2422 2380 2380 2380 2422 2422 2422 2379 2379 2379 2423 2423 2423 2411 2411 2411 2423 2423 2423 2379 2379 2379 2424 2424 2424 2347 2347 2347 2425 2425 2425 2220 2220 2220 2425 2425 2425 2347 2347 2347 2425 2425 2425 2220 2220 2220 2426 2426 2426 2219 2219 2219 2426 2426 2426 2220 2220 2220 2426 2426 2426 2219 2219 2219 2221 2221 2221 2218 2218 2218 2221 2221 2221 2219 2219 2219 2221 2221 2221 2218 2218 2218 2222 2222 2222 2217 2217 2217 2222 2222 2222 2218 2218 2218 2222 2222 2222 2217 2217 2217 2020 2020 2020 2206 2206 2206 2020 2020 2020 2217 2217 2217 2020 2020 2020 2206 2206 2206 2018 2018 2018 1917 1917 1917 2018 2018 2018 2206 2206 2206 2018 2018 2018 1917 1917 1917 2427 2427 2427 2189 2189 2189 2427 2427 2427 1917 1917 1917 2427 2427 2427 2189 2189 2189 2018 2018 2018 2188 2188 2188 2018 2018 2018 2189 2189 2189 2018 2018 2018 2188 2188 2188 2019 2019 2019 2190 2190 2190 2019 2019 2019 2188 2188 2188 2019 2019 2019 2190 2190 2190 2225 2225 2225 2192 2192 2192 2225 2225 2225 2190 2190 2190 2225 2225 2225 2192 2192 2192 2230 2230 2230 2194 2194 2194 2230 2230 2230 2192 2192 2192 2230 2230 2230 2194 2194 2194 2228 2228 2228 2234 2234 2234 2228 2228 2228 2194 2194 2194 2228 2228 2228 2234 2234 2234 2268 2268 2268 2233 2233 2233 2268 2268 2268 2234 2234 2234 2268 2268 2268 2233 2233 2233 2283 2283 2283 2231 2231 2231 2283 2283 2283 2233 2233 2233 2283 2283 2283 2231 2231 2231 2285 2285 2285 2264 2264 2264 2285 2285 2285 2231 2231 2231 2285 2285 2285 2264 2264 2264 2287 2287 2287 2263 2263 2263 2287 2287 2287 2264 2264 2264 2287 2287 2287 2263 2263 2263 2289 2289 2289 2261 2261 2261 2289 2289 2289 2263 2263 2263 2289 2289 2289 2261 2261 2261 2291 2291 2291 2260 2260 2260 2291 2291 2291 2261 2261 2261 2291 2291 2291 2260 2260 2260 2293 2293 2293 2259 2259 2259 2293 2293 2293 2260 2260 2260 2293 2293 2293 2259 2259 2259 2294 2294 2294 2318 2318 2318 2294 2294 2294 2259 2259 2259 2294 2294 2294 2318 2318 2318 2292 2292 2292 2374 2374 2374 2292 2292 2292 2318 2318 2318 2292 2292 2292 2374 2374 2374 2290 2290 2290 2339 2339 2339 2290 2290 2290 2374 2374 2374 2290 2290 2290 2339 2339 2339 2288 2288 2288 1999 1999 1999 2288 2288 2288 2339 2339 2339 2288 2288 2288 1999 1999 1999 2002 2002 2002 1998 1998 1998 2002 2002 2002 1999 1999 1999 2002 2002 2002 1998 1998 1998 2328 2328 2328 2417 2417 2417 2328 2328 2328 1998 1998 1998 2328 2328 2328 2417 2417 2417 2329 2329 2329 2326 2326 2326 2329 2329 2329 2417 2417 2417 2329 2329 2329 2326 2326 2326 2331 2331 2331 2325 2325 2325 2331 2331 2331 2326 2326 2326 2331 2331 2331 2325 2325 2325 2335 2335 2335 2324 2324 2324 2335 2335 2335 2325 2325 2325 2335 2335 2335 2324 2324 2324 2334 2334 2334 2327 2327 2327 2334 2334 2334 2324 2324 2324 2334 2334 2334 2327 2327 2327 2333 2333 2333 2419 2419 2419 2333 2333 2333 2327 2327 2327 2333 2333 2333 2419 2419 2419 2332 2332 2332 2424 2424 2424 2332 2332 2332 2419 2419 2419 2332 2332 2332 2424 2424 2424 2336 2336 2336 2425 2425 2425 2336 2336 2336 2424 2424 2424 2336 2336 2336 2425 2425 2425 2266 2266 2266 2426 2426 2426 2266 2266 2266 2425 2425 2425 2266 2266 2266 2426 2426 2426 2209 2209 2209 2221 2221 2221 2209 2209 2209 2426 2426 2426 2209 2209 2209 2221 2221 2221 2210 2210 2210 2223 2223 2223 2210 2210 2210 2221 2221 2221 2210 2210 2210 2223 2223 2223 2211 2211 2211 2224 2224 2224 2211 2211 2211 2223 2223 2223 2211 2211 2211 2224 2224 2224 2227 2227 2227 2225 2225 2225 2227 2227 2227 2224 2224 2224 2227 2227 2227 2225 2225 2225 2230 2230 2230 2428 2428 2428 2429 2429 2429 2430 2430 2430 2431 2431 2431 1980 1980 1980 2432 2432 2432 1979 1979 1979 2432 2432 2432 1980 1980 1980 2432 2432 2432 1979 1979 1979 2433 2433 2433 2434 2434 2434 2433 2433 2433 1979 1979 1979 2435 2435 2435 2436 2436 2436 2437 2437 2437 2438 2438 2438 2437 2437 2437 2436 2436 2436 2437 2437 2437 2438 2438 2438 2439 2439 2439 2440 2440 2440 2439 2439 2439 2438 2438 2438 2439 2439 2439 2440 2440 2440 2441 2441 2441 2442 2442 2442 2441 2441 2441 2440 2440 2440 2441 2441 2441 2442 2442 2442 2443 2443 2443 2444 2444 2444 2445 2445 2445 2446 2446 2446 2444 2444 2444 2446 2446 2446 2447 2447 2447 2448 2448 2448 2447 2447 2447 2446 2446 2446 2447 2447 2447 2448 2448 2448 2449 2449 2449 2450 2450 2450 2449 2449 2449 2448 2448 2448 2449 2449 2449 2450 2450 2450 2451 2451 2451 1972 1972 1972 1974 1974 1974 2452 2452 2452 2453 2453 2453 2451 2451 2451 2454 2454 2454 2450 2450 2450 2454 2454 2454 2451 2451 2451 2454 2454 2454 2450 2450 2450 2455 2455 2455 2448 2448 2448 2455 2455 2455 2450 2450 2450 2455 2455 2455 2448 2448 2448 2159 2159 2159 2446 2446 2446 2159 2159 2159 2448 2448 2448 2159 2159 2159 2446 2446 2446 2160 2160 2160 2445 2445 2445 2160 2160 2160 2446 2446 2446 2160 2160 2160 2445 2445 2445 2162 2162 2162 2456 2456 2456 2431 2431 2431 2457 2457 2457 2432 2432 2432 2457 2457 2457 2431 2431 2431 2457 2457 2457 2432 2432 2432 2458 2458 2458 2433 2433 2433 2458 2458 2458 2432 2432 2432 2458 2458 2458 2433 2433 2433 2459 2459 2459 2434 2434 2434 2459 2459 2459 2433 2433 2433 2459 2459 2459 2434 2434 2434 2460 2460 2460 2461 2461 2461 2462 2462 2462 2463 2463 2463 2464 2464 2464 2463 2463 2463 2462 2462 2462 2463 2463 2463 2464 2464 2464 2465 2465 2465 2466 2466 2466 2465 2465 2465 2464 2464 2464 2465 2465 2465 2466 2466 2466 2467 2467 2467 2468 2468 2468 2430 2430 2430 2469 2469 2469 2429 2429 2429 2469 2469 2469 2430 2430 2430 2469 2469 2469 2429 2429 2429 2470 2470 2470 2471 2471 2471 2470 2470 2470 2429 2429 2429 2470 2470 2470 2471 2471 2471 2472 2472 2472 2473 2473 2473 2472 2472 2472 2471 2471 2471 2472 2472 2472 2473 2473 2473 2474 2474 2474 2475 2475 2475 2474 2474 2474 2473 2473 2473 2474 2474 2474 2475 2475 2475 2476 2476 2476 2477 2477 2477 2476 2476 2476 2475 2475 2475 2476 2476 2476 2477 2477 2477 2478 2478 2478 2038 2038 2038 2035 2035 2035 2036 2036 2036 2034 2034 2034 2036 2036 2036 2035 2035 2035 2036 2036 2036 2034 2034 2034 2479 2479 2479 2478 2478 2478 2479 2479 2479 2034 2034 2034 2479 2479 2479 2478 2478 2478 2480 2480 2480 2477 2477 2477 2480 2480 2480 2478 2478 2478 2480 2480 2480 2477 2477 2477 2481 2481 2481 1970 1970 1970 1969 1969 1969 2482 2482 2482 2483 2483 2483 2482 2482 2482 1969 1969 1969 2482 2482 2482 2483 2483 2483 2484 2484 2484 2485 2485 2485 2486 2486 2486 2037 2037 2037 2487 2487 2487 2488 2488 2488 2037 2037 2037 2487 2487 2487 2037 2037 2037 2489 2489 2489 2490 2490 2490 2489 2489 2489 2491 2491 2491 2037 2037 2037 2491 2491 2491 2489 2489 2489 2491 2491 2491 2037 2037 2037 2492 2492 2492 2036 2036 2036 2492 2492 2492 2037 2037 2037 2492 2492 2492 2036 2036 2036 2493 2493 2493 2479 2479 2479 2493 2493 2493 2036 2036 2036 2493 2493 2493 2479 2479 2479 2494 2494 2494 2480 2480 2480 2494 2494 2494 2479 2479 2479 2494 2494 2494 2480 2480 2480 2495 2495 2495 2481 2481 2481 2495 2495 2495 2480 2480 2480 2488 2488 2488 2496 2496 2496 2037 2037 2037 2497 2497 2497 2037 2037 2037 2496 2496 2496 2037 2037 2037 2497 2497 2497 2485 2485 2485 2498 2498 2498 2499 2499 2499 2039 2039 2039 2486 2486 2486 2500 2500 2500 2037 2037 2037 2501 2501 2501 2037 2037 2037 2500 2500 2500 2037 2037 2037 2501 2501 2501 2039 2039 2039 2502 2502 2502 2039 2039 2039 2501 2501 2501 2039 2039 2039 2502 2502 2502 2498 2498 2498 2503 2503 2503 2054 2054 2054 2504 2504 2504 2053 2053 2053 2504 2504 2504 2054 2054 2054 2504 2504 2504 2053 2053 2053 2505 2505 2505 2039 2039 2039 2505 2505 2505 2053 2053 2053 2505 2505 2505 2039 2039 2039 2506 2506 2506 2499 2499 2499 2506 2506 2506 2039 2039 2039 2503 2503 2503 2507 2507 2507 2054 2054 2054 2508 2508 2508 2054 2054 2054 2507 2507 2507 2054 2054 2054 2508 2508 2508 1968 1968 1968 2509 2509 2509 1968 1968 1968 2508 2508 2508 1968 1968 1968 2509 2509 2509 2510 2510 2510 2490 2490 2490 2491 2491 2491 2511 2511 2511 2492 2492 2492 2511 2511 2511 2491 2491 2491 2511 2511 2511 2492 2492 2492 2512 2512 2512 2493 2493 2493 2512 2512 2512 2492 2492 2492 2512 2512 2512 2493 2493 2493 2513 2513 2513 2494 2494 2494 2513 2513 2513 2493 2493 2493 2513 2513 2513 2494 2494 2494 2514 2514 2514 2495 2495 2495 2514 2514 2514 2494 2494 2494 2514 2514 2514 2495 2495 2495 2515 2515 2515 2516 2516 2516 2517 2517 2517 2518 2518 2518 2030 2030 2030 2054 2054 2054 2031 2031 2031 1968 1968 1968 2031 2031 2031 2054 2054 2054 2031 2031 2031 1968 1968 1968 2519 2519 2519 1967 1967 1967 2519 2519 2519 1968 1968 1968 2519 2519 2519 1967 1967 1967 2520 2520 2520 2061 2061 2061 2521 2521 2521 2522 2522 2522 2523 2523 2523 2522 2522 2522 2521 2521 2521 2524 2524 2524 2525 2525 2525 2526 2526 2526 2527 2527 2527 2526 2526 2526 2525 2525 2525 2526 2526 2526 2527 2527 2527 2523 2523 2523 2528 2528 2528 2523 2523 2523 2527 2527 2527 2523 2523 2523 2528 2528 2528 2522 2522 2522 2529 2529 2529 2522 2522 2522 2528 2528 2528 2516 2516 2516 2530 2530 2530 2531 2531 2531 2532 2532 2532 2531 2531 2531 2530 2530 2530 2533 2533 2533 2534 2534 2534 2535 2535 2535 2536 2536 2536 2535 2535 2535 2534 2534 2534 2535 2535 2535 2536 2536 2536 2532 2532 2532 2537 2537 2537 2532 2532 2532 2536 2536 2536 2532 2532 2532 2537 2537 2537 2531 2531 2531 2516 2516 2516 2518 2518 2518 2530 2530 2530 2538 2538 2538 2530 2530 2530 2518 2518 2518 2530 2530 2530 2538 2538 2538 2532 2532 2532 2539 2539 2539 2532 2532 2532 2538 2538 2538 2532 2532 2532 2539 2539 2539 2535 2535 2535 2540 2540 2540 2541 2541 2541 2542 2542 2542 2543 2543 2543 2542 2542 2542 2541 2541 2541 2542 2542 2542 2543 2543 2543 2544 2544 2544 2545 2545 2545 2546 2546 2546 2544 2544 2544 2547 2547 2547 2544 2544 2544 2546 2546 2546 2544 2544 2544 2547 2547 2547 2542 2542 2542 2548 2548 2548 2542 2542 2542 2547 2547 2547 2542 2542 2542 2548 2548 2548 2540 2540 2540 2529 2529 2529 2528 2528 2528 2549 2549 2549 2527 2527 2527 2549 2549 2549 2528 2528 2528 2549 2549 2549 2527 2527 2527 2550 2550 2550 2525 2525 2525 2550 2550 2550 2527 2527 2527 2550 2550 2550 2525 2525 2525 2551 2551 2551 2524 2524 2524 2551 2551 2551 2525 2525 2525 2551 2551 2551 2524 2524 2524 2552 2552 2552 1951 1951 1951 1950 1950 1950 2553 2553 2553 2554 2554 2554 2553 2553 2553 1950 1950 1950 2553 2553 2553 2554 2554 2554 2555 2555 2555 2556 2556 2556 2557 2557 2557 2558 2558 2558 2539 2539 2539 2556 2556 2556 2535 2535 2535 2558 2558 2558 2535 2535 2535 2556 2556 2556 2535 2535 2535 2558 2558 2558 2533 2533 2533 2559 2559 2559 2533 2533 2533 2558 2558 2558 2560 2560 2560 2561 2561 2561 2562 2562 2562 2563 2563 2563 2562 2562 2562 2561 2561 2561 2562 2562 2562 2563 2563 2563 2564 2564 2564 2565 2565 2565 2564 2564 2564 2563 2563 2563 2564 2564 2564 2565 2565 2565 2566 2566 2566 2567 2567 2567 2566 2566 2566 2565 2565 2565 2566 2566 2566 2567 2567 2567 2568 2568 2568 2569 2569 2569 2568 2568 2568 2567 2567 2567 2568 2568 2568 2569 2569 2569 2570 2570 2570 2571 2571 2571 2570 2570 2570 2569 2569 2569 2570 2570 2570 2571 2571 2571 2572 2572 2572 2573 2573 2573 2574 2574 2574 2575 2575 2575 2576 2576 2576 2575 2575 2575 2574 2574 2574 2575 2575 2575 2576 2576 2576 2577 2577 2577 2578 2578 2578 2577 2577 2577 2576 2576 2576 2561 2561 2561 2579 2579 2579 2563 2563 2563 2580 2580 2580 2563 2563 2563 2579 2579 2579 2563 2563 2563 2580 2580 2580 2565 2565 2565 2581 2581 2581 2565 2565 2565 2580 2580 2580 2565 2565 2565 2581 2581 2581 2567 2567 2567 2582 2582 2582 2567 2567 2567 2581 2581 2581 2567 2567 2567 2582 2582 2582 2569 2569 2569 2583 2583 2583 2569 2569 2569 2582 2582 2582 2569 2569 2569 2583 2583 2583 2571 2571 2571 2584 2584 2584 2571 2571 2571 2583 2583 2583 2571 2571 2571 2584 2584 2584 2572 2572 2572 2585 2585 2585 2572 2572 2572 2584 2584 2584 2572 2572 2572 2585 2585 2585 2586 2586 2586 2587 2587 2587 2586 2586 2586 2585 2585 2585 2586 2586 2586 2587 2587 2587 1966 1966 1966 2588 2588 2588 2578 2578 2578 2589 2589 2589 2576 2576 2576 2589 2589 2589 2578 2578 2578 2589 2589 2589 2576 2576 2576 2590 2590 2590 2574 2574 2574 2590 2590 2590 2576 2576 2576 2591 2591 2591 2592 2592 2592 2593 2593 2593 2594 2594 2594 2593 2593 2593 2592 2592 2592 2593 2593 2593 2594 2594 2594 1960 1960 1960 2595 2595 2595 2588 2588 2588 2596 2596 2596 2589 2589 2589 2596 2596 2596 2588 2588 2588 2596 2596 2596 2589 2589 2589 2597 2597 2597 2590 2590 2590 2597 2597 2597 2589 2589 2589 2597 2597 2597 2590 2590 2590 2598 2598 2598 2517 2517 2517 2490 2490 2490 2518 2518 2518 2511 2511 2511 2518 2518 2518 2490 2490 2490 2518 2518 2518 2511 2511 2511 2538 2538 2538 2512 2512 2512 2538 2538 2538 2511 2511 2511 2538 2538 2538 2512 2512 2512 2539 2539 2539 2513 2513 2513 2539 2539 2539 2512 2512 2512 2539 2539 2539 2513 2513 2513 2556 2556 2556 2514 2514 2514 2556 2556 2556 2513 2513 2513 2556 2556 2556 2514 2514 2514 2557 2557 2557 2515 2515 2515 2557 2557 2557 2514 2514 2514 2510 2510 2510 2489 2489 2489 1968 1968 1968 2490 2490 2490 1968 1968 1968 2489 2489 2489 1968 1968 1968 2490 2490 2490 1966 1966 1966 2517 2517 2517 1966 1966 1966 2490 2490 2490 1966 1966 1966 2517 2517 2517 2586 2586 2586 2516 2516 2516 2586 2586 2586 2517 2517 2517 2586 2586 2586 2516 2516 2516 2572 2572 2572 2531 2531 2531 2572 2572 2572 2516 2516 2516 2572 2572 2572 2531 2531 2531 2570 2570 2570 2537 2537 2537 2570 2570 2570 2531 2531 2531 2570 2570 2570 2537 2537 2537 2568 2568 2568 2536 2536 2536 2568 2568 2568 2537 2537 2537 2568 2568 2568 2536 2536 2536 2566 2566 2566 2534 2534 2534 2566 2566 2566 2536 2536 2536 2566 2566 2566 2534 2534 2534 2564 2564 2564 2533 2533 2533 2564 2564 2564 2534 2534 2534 2564 2564 2564 2533 2533 2533 2562 2562 2562 2559 2559 2559 2562 2562 2562 2533 2533 2533 2562 2562 2562 2559 2559 2559 2560 2560 2560 2558 2558 2558 2560 2560 2560 2559 2559 2559 2560 2560 2560 2558 2558 2558 2599 2599 2599 2557 2557 2557 2599 2599 2599 2558 2558 2558 2599 2599 2599 2557 2557 2557 2600 2600 2600 2515 2515 2515 2600 2600 2600 2557 2557 2557 2601 2601 2601 2602 2602 2602 2603 2603 2603 2604 2604 2604 2545 2545 2545 2605 2605 2605 2541 2541 2541 2595 2595 2595 2543 2543 2543 2596 2596 2596 2543 2543 2543 2595 2595 2595 2543 2543 2543 2596 2596 2596 2544 2544 2544 2597 2597 2597 2544 2544 2544 2596 2596 2596 2544 2544 2544 2597 2597 2597 2545 2545 2545 2598 2598 2598 2545 2545 2545 2597 2597 2597 2545 2545 2545 2598 2598 2598 2605 2605 2605 2606 2606 2606 2605 2605 2605 2598 2598 2598 2605 2605 2605 2606 2606 2606 2607 2607 2607 2526 2526 2526 2608 2608 2608 2609 2609 2609 1959 1959 1959 2609 2609 2609 2608 2608 2608 1959 1959 1959 1958 1958 1958 2609 2609 2609 2610 2610 2610 2609 2609 2609 1958 1958 1958 2609 2609 2609 2610 2610 2610 2611 2611 2611 1960 1960 1960 1962 1962 1962 2593 2593 2593 2612 2612 2612 2593 2593 2593 1962 1962 1962 2593 2593 2593 2612 2612 2612 2591 2591 2591 2613 2613 2613 2591 2591 2591 2612 2612 2612 2591 2591 2591 2613 2613 2613 2614 2614 2614 2615 2615 2615 2614 2614 2614 2613 2613 2613 2614 2614 2614 2615 2615 2615 2616 2616 2616 2617 2617 2617 1956 1956 1956 2618 2618 2618 1955 1955 1955 2618 2618 2618 1956 1956 1956 2618 2618 2618 1955 1955 1955 2619 2619 2619 1954 1954 1954 2619 2619 2619 1955 1955 1955 2619 2619 2619 1954 1954 1954 2620 2620 2620 2615 2615 2615 2621 2621 2621 2616 2616 2616 2622 2622 2622 2616 2616 2616 2621 2621 2621 2616 2616 2616 2622 2622 2622 2623 2623 2623 2624 2624 2624 2625 2625 2625 2626 2626 2626 2625 2625 2625 2624 2624 2624 2627 2627 2627 2606 2606 2606 2620 2620 2620 2607 2607 2607 1954 1954 1954 2607 2607 2607 2620 2620 2620 2607 2607 2607 1954 1954 1954 2628 2628 2628 1956 1956 1956 2628 2628 2628 1954 1954 1954 2628 2628 2628 1956 1956 1956 2626 2626 2626 2617 2617 2617 2626 2626 2626 1956 1956 1956 2626 2626 2626 2617 2617 2617 2624 2624 2624 2629 2629 2629 2630 2630 2630 2602 2602 2602 2630 2630 2630 2631 2631 2631 2632 2632 2632 1953 1953 1953 2632 2632 2632 2631 2631 2631 2630 2630 2630 2629 2629 2629 2631 2631 2631 2633 2633 2633 2631 2631 2631 2629 2629 2629 2631 2631 2631 2633 2633 2633 1953 1953 1953 2526 2526 2526 2609 2609 2609 2524 2524 2524 2611 2611 2611 2524 2524 2524 2609 2609 2609 2524 2524 2524 2611 2611 2611 2552 2552 2552 2555 2555 2555 2552 2552 2552 2611 2611 2611 2552 2552 2552 2555 2555 2555 2551 2551 2551 2554 2554 2554 2551 2551 2551 2555 2555 2555 2551 2551 2551 2554 2554 2554 2550 2550 2550 1950 1950 1950 2550 2550 2550 2554 2554 2554 2550 2550 2550 1950 1950 1950 2549 2549 2549 1952 1952 1952 2549 2549 2549 1950 1950 1950 2549 2549 2549 1952 1952 1952 2529 2529 2529 2634 2634 2634 2529 2529 2529 1952 1952 1952 2529 2529 2529 2634 2634 2634 2522 2522 2522 2461 2461 2461 2635 2635 2635 2636 2636 2636 2461 2461 2461 2636 2636 2636 2462 2462 2462 2637 2637 2637 2462 2462 2462 2636 2636 2636 2462 2462 2462 2637 2637 2637 2638 2638 2638 2639 2639 2639 2640 2640 2640 2638 2638 2638 2641 2641 2641 2638 2638 2638 2640 2640 2640 2638 2638 2638 2641 2641 2641 2462 2462 2462 2642 2642 2642 2462 2462 2462 2641 2641 2641 2462 2462 2462 2642 2642 2642 2464 2464 2464 2623 2623 2623 2643 2643 2643 2644 2644 2644 2484 2484 2484 2644 2644 2644 2643 2643 2643 2644 2644 2644 2484 2484 2484 2639 2639 2639 2483 2483 2483 2639 2639 2639 2484 2484 2484 2639 2639 2639 2483 2483 2483 2640 2640 2640 1969 1969 1969 2640 2640 2640 2483 2483 2483 2640 2640 2640 1969 1969 1969 2641 2641 2641 1971 1971 1971 2641 2641 2641 1969 1969 1969 2641 2641 2641 1971 1971 1971 2642 2642 2642 2645 2645 2645 2646 2646 2646 2647 2647 2647 1947 1947 1947 2647 2647 2647 2646 2646 2646 1947 1947 1947 1949 1949 1949 2647 2647 2647 2648 2648 2648 2647 2647 2647 1949 1949 1949 2647 2647 2647 2648 2648 2648 2645 2645 2645 2456 2456 2456 2649 2649 2649 2648 2648 2648 2650 2650 2650 2648 2648 2648 2649 2649 2649 2648 2648 2648 2650 2650 2650 2645 2645 2645 2467 2467 2467 1978 1978 1978 2465 2465 2465 1980 1980 1980 2465 2465 2465 1978 1978 1978 2465 2465 2465 1980 1980 1980 2463 2463 2463 2431 2431 2431 2463 2463 2463 1980 1980 1980 2463 2463 2463 2431 2431 2431 2461 2461 2461 2456 2456 2456 2461 2461 2461 2431 2431 2431 2461 2461 2461 2456 2456 2456 2635 2635 2635 2648 2648 2648 2635 2635 2635 2456 2456 2456 2635 2635 2635 2648 2648 2648 2636 2636 2636 1949 1949 1949 2636 2636 2636 2648 2648 2648 2636 2636 2636 1949 1949 1949 2637 2637 2637 1948 1948 1948 2637 2637 2637 1949 1949 1949 2637 2637 2637 1948 1948 1948 2638 2638 2638 1947 1947 1947 2638 2638 2638 1948 1948 1948 2638 2638 2638 1947 1947 1947 2639 2639 2639 2646 2646 2646 2639 2639 2639 1947 1947 1947 2627 2627 2627 2651 2651 2651 2625 2625 2625 2652 2652 2652 2625 2625 2625 2651 2651 2651 2625 2625 2625 2652 2652 2652 2626 2626 2626 2653 2653 2653 2626 2626 2626 2652 2652 2652 2626 2626 2626 2653 2653 2653 2628 2628 2628 2654 2654 2654 2628 2628 2628 2653 2653 2653 2628 2628 2628 2654 2654 2654 2607 2607 2607 2655 2655 2655 2607 2607 2607 2654 2654 2654 2607 2607 2607 2655 2655 2655 2605 2605 2605 2601 2601 2601 2605 2605 2605 2655 2655 2655 2605 2605 2605 2601 2601 2601 2604 2604 2604 2603 2603 2603 2604 2604 2604 2601 2601 2601 2602 2602 2602 2601 2601 2601 2629 2629 2629 2655 2655 2655 2629 2629 2629 2601 2601 2601 2629 2629 2629 2655 2655 2655 2633 2633 2633 2654 2654 2654 2633 2633 2633 2655 2655 2655 2633 2633 2633 2654 2654 2654 1953 1953 1953 2653 2653 2653 1953 1953 1953 2654 2654 2654 1953 1953 1953 2653 2653 2653 1945 1945 1945 2652 2652 2652 1945 1945 1945 2653 2653 2653 1945 1945 1945 2652 2652 2652 1946 1946 1946 2651 2651 2651 1946 1946 1946 2652 2652 2652 1946 1946 1946 2651 2651 2651 2656 2656 2656 2657 2657 2657 2658 2658 2658 2659 2659 2659 2660 2660 2660 2659 2659 2659 2658 2658 2658 2659 2659 2659 2660 2660 2660 2661 2661 2661 2662 2662 2662 2661 2661 2661 2660 2660 2660 2579 2579 2579 2573 2573 2573 2580 2580 2580 2575 2575 2575 2580 2580 2580 2573 2573 2573 2580 2580 2580 2575 2575 2575 2581 2581 2581 2577 2577 2577 2581 2581 2581 2575 2575 2575 2581 2581 2581 2577 2577 2577 2582 2582 2582 2578 2578 2578 2582 2582 2582 2577 2577 2577 2582 2582 2582 2578 2578 2578 2583 2583 2583 2588 2588 2588 2583 2583 2583 2578 2578 2578 2583 2583 2583 2588 2588 2588 2584 2584 2584 2595 2595 2595 2584 2584 2584 2588 2588 2588 2584 2584 2584 2595 2595 2595 2585 2585 2585 2541 2541 2541 2585 2585 2585 2595 2595 2595 2585 2585 2585 2541 2541 2541 2587 2587 2587 2540 2540 2540 2587 2587 2587 2541 2541 2541 2587 2587 2587 2540 2540 2540 1966 1966 1966 2548 2548 2548 1966 1966 1966 2540 2540 2540 1966 1966 1966 2548 2548 2548 1967 1967 1967 2547 2547 2547 1967 1967 1967 2548 2548 2548 1967 1967 1967 2547 2547 2547 2520 2520 2520 2546 2546 2546 2520 2520 2520 2547 2547 2547 2520 2520 2520 2546 2546 2546 1965 1965 1965 2545 2545 2545 1965 1965 1965 2546 2546 2546 1965 1965 1965 2545 2545 2545 1963 1963 1963 2604 2604 2604 1963 1963 1963 2545 2545 2545 1963 1963 1963 2604 2604 2604 1964 1964 1964 2603 2603 2603 1964 1964 1964 2604 2604 2604 1964 1964 1964 2603 2603 2603 2663 2663 2663 2602 2602 2602 2663 2663 2663 2603 2603 2603 2663 2663 2663 2602 2602 2602 2664 2664 2664 2630 2630 2630 2664 2664 2664 2602 2602 2602 2664 2664 2664 2630 2630 2630 2665 2665 2665 2632 2632 2632 2665 2665 2665 2630 2630 2630 2665 2665 2665 2632 2632 2632 2657 2657 2657 1953 1953 1953 2657 2657 2657 2632 2632 2632 2657 2657 2657 1953 1953 1953 2658 2658 2658 1944 1944 1944 2658 2658 2658 1953 1953 1953 2658 2658 2658 1944 1944 1944 2660 2660 2660 1946 1946 1946 2660 2660 2660 1944 1944 1944 2660 2660 2660 1946 1946 1946 2662 2662 2662 2666 2666 2666 2667 2667 2667 2668 2668 2668 2669 2669 2669 2668 2668 2668 2667 2667 2667 2670 2670 2670 2671 2671 2671 2672 2672 2672 2672 2672 2672 2673 2673 2673 2674 2674 2674 2672 2672 2672 2674 2674 2674 2675 2675 2675 2676 2676 2676 1946 1946 1946 2677 2677 2677 2656 2656 2656 2677 2677 2677 1946 1946 1946 2677 2677 2677 2656 2656 2656 2678 2678 2678 2679 2679 2679 2678 2678 2678 2656 2656 2656 2678 2678 2678 2679 2679 2679 2680 2680 2680 2681 2681 2681 2680 2680 2680 2679 2679 2679 2680 2680 2680 2681 2681 2681 2682 2682 2682 2683 2683 2683 2682 2682 2682 2681 2681 2681 2682 2682 2682 2683 2683 2683 2684 2684 2684 2685 2685 2685 2684 2684 2684 2683 2683 2683 2686 2686 2686 2687 2687 2687 2688 2688 2688 2672 2672 2672 2688 2688 2688 2687 2687 2687 2666 2666 2666 2675 2675 2675 2667 2667 2667 2674 2674 2674 2667 2667 2667 2675 2675 2675 2667 2667 2667 2674 2674 2674 2669 2669 2669 2673 2673 2673 2669 2669 2669 2674 2674 2674 2669 2669 2669 2673 2673 2673 2689 2689 2689 2690 2690 2690 2691 2691 2691 2689 2689 2689 2692 2692 2692 2693 2693 2693 2689 2689 2689 1957 1957 1957 2694 2694 2694 1958 1958 1958 2695 2695 2695 1958 1958 1958 2694 2694 2694 1958 1958 1958 2695 2695 2695 2696 2696 2696 2697 2697 2697 2696 2696 2696 2695 2695 2695 2661 2661 2661 2697 2697 2697 2659 2659 2659 2695 2695 2695 2659 2659 2659 2697 2697 2697 2659 2659 2659 2695 2695 2695 2657 2657 2657 2694 2694 2694 2657 2657 2657 2695 2695 2695 2657 2657 2657 2694 2694 2694 2665 2665 2665 1957 1957 1957 2665 2665 2665 2694 2694 2694 2665 2665 2665 1957 1957 1957 2664 2664 2664 1959 1959 1959 2664 2664 2664 1957 1957 1957 2664 2664 2664 1959 1959 1959 2663 2663 2663 2608 2608 2608 2663 2663 2663 1959 1959 1959 2663 2663 2663 2608 2608 2608 1964 1964 1964 2526 2526 2526 1964 1964 1964 2608 2608 2608 1964 1964 1964 2526 2526 2526 1965 1965 1965 2523 2523 2523 1965 1965 1965 2526 2526 2526 1965 1965 1965 2523 2523 2523 2520 2520 2520 2521 2521 2521 2520 2520 2520 2523 2523 2523 2520 2520 2520 2521 2521 2521 2519 2519 2519 2061 2061 2061 2519 2519 2519 2521 2521 2521 2519 2519 2519 2061 2061 2061 2031 2031 2031 2063 2063 2063 2031 2031 2031 2061 2061 2061 2031 2031 2031 2063 2063 2063 2029 2029 2029 2698 2698 2698 2699 2699 2699 2700 2700 2700 2701 2701 2701 2700 2700 2700 2699 2699 2699 2700 2700 2700 2701 2701 2701 2702 2702 2702 1973 1973 1973 1935 1935 1935 1974 1974 1974 1934 1934 1934 1974 1974 1974 1935 1935 1935 1974 1974 1974 1934 1934 1934 2703 2703 2703 2704 2704 2704 2703 2703 2703 1934 1934 1934 2180 2180 2180 2174 2174 2174 2179 2179 2179 1989 1989 1989 2179 2179 2179 2174 2174 2174 2179 2179 2179 1989 1989 1989 2178 2178 2178 1988 1988 1988 2178 2178 2178 1989 1989 1989 2178 2178 2178 1988 1988 1988 2177 2177 2177 2416 2416 2416 2177 2177 2177 1988 1988 1988 2177 2177 2177 2416 2416 2416 2176 2176 2176 2705 2705 2705 2176 2176 2176 2416 2416 2416 2176 2176 2176 2705 2705 2705 2173 2173 2173 2706 2706 2706 2173 2173 2173 2705 2705 2705 2173 2173 2173 2706 2706 2706 2172 2172 2172 2707 2707 2707 2172 2172 2172 2706 2706 2706 2172 2172 2172 2707 2707 2707 2171 2171 2171 2708 2708 2708 2171 2171 2171 2707 2707 2707 2171 2171 2171 2708 2708 2708 2169 2169 2169 2709 2709 2709 2169 2169 2169 2708 2708 2708 2169 2169 2169 2709 2709 2709 2167 2167 2167 2710 2710 2710 2167 2167 2167 2709 2709 2709 2403 2403 2403 2711 2711 2711 2402 2402 2402 2712 2712 2712 2402 2402 2402 2711 2711 2711 2402 2402 2402 2712 2712 2712 2401 2401 2401 2713 2713 2713 2401 2401 2401 2712 2712 2712 2401 2401 2401 2713 2713 2713 2407 2407 2407 2381 2381 2381 2407 2407 2407 2713 2713 2713 2407 2407 2407 2381 2381 2381 2408 2408 2408 2383 2383 2383 2408 2408 2408 2381 2381 2381 2408 2408 2408 2383 2383 2383 2390 2390 2390 2387 2387 2387 2390 2390 2390 2383 2383 2383 2390 2390 2390 2387 2387 2387 2388 2388 2388 2386 2386 2386 2388 2388 2388 2387 2387 2387 2388 2388 2388 2386 2386 2386 2414 2414 2414 1993 1993 1993 2414 2414 2414 2386 2386 2386 2414 2414 2414 1993 1993 1993 2415 2415 2415 1992 1992 1992 2415 2415 2415 1993 1993 1993 2415 2415 2415 1992 1992 1992 2416 2416 2416 2714 2714 2714 2416 2416 2416 1992 1992 1992 2416 2416 2416 2714 2714 2714 2705 2705 2705 2715 2715 2715 2705 2705 2705 2714 2714 2714 2705 2705 2705 2715 2715 2715 2706 2706 2706 2716 2716 2716 2706 2706 2706 2715 2715 2715 2706 2706 2706 2716 2716 2716 2707 2707 2707 2717 2717 2717 2707 2707 2707 2716 2716 2716 2707 2707 2707 2717 2717 2717 2708 2708 2708 2718 2718 2718 2708 2708 2708 2717 2717 2717 2708 2708 2708 2718 2718 2718 2709 2709 2709 2719 2719 2719 2709 2709 2709 2718 2718 2718 2709 2709 2709 2719 2719 2719 2710 2710 2710 2720 2720 2720 2710 2710 2710 2719 2719 2719 2721 2721 2721 2722 2722 2722 2452 2452 2452 2723 2723 2723 2452 2452 2452 2722 2722 2722 2452 2452 2452 2723 2723 2723 1972 1972 1972 2724 2724 2724 1972 1972 1972 2723 2723 2723 1972 1972 1972 2724 2724 2724 1973 1973 1973 1942 1942 1942 1973 1973 1973 2724 2724 2724 1973 1973 1973 1942 1942 1942 1935 1935 1935 1938 1938 1938 1937 1937 1937 1943 1943 1943 2725 2725 2725 1943 1943 1943 1937 1937 1937 1943 1943 1943 2725 2725 2725 1941 1941 1941 2681 2681 2681 2726 2726 2726 2683 2683 2683 2727 2727 2727 2683 2683 2683 2726 2726 2726 2683 2683 2683 2727 2727 2727 2685 2685 2685 2728 2728 2728 2685 2685 2685 2727 2727 2727 2729 2729 2729 2699 2699 2699 2730 2730 2730 2698 2698 2698 2730 2730 2730 2699 2699 2699 2730 2730 2730 2698 2698 2698 2731 2731 2731 2732 2732 2732 2731 2731 2731 2698 2698 2698 2731 2731 2731 2732 2732 2732 2733 2733 2733 2734 2734 2734 2733 2733 2733 2732 2732 2732 2733 2733 2733 2734 2734 2734 2735 2735 2735 1976 1976 1976 1975 1975 1975 2702 2702 2702 2704 2704 2704 2702 2702 2702 1975 1975 1975 2702 2702 2702 2704 2704 2704 2700 2700 2700 1934 1934 1934 2700 2700 2700 2704 2704 2704 2700 2700 2700 1934 1934 1934 2698 2698 2698 1936 1936 1936 2698 2698 2698 1934 1934 1934 2698 2698 2698 1936 1936 1936 2732 2732 2732 2736 2736 2736 2732 2732 2732 1936 1936 1936 2732 2732 2732 2736 2736 2736 2734 2734 2734 2676 2676 2676 2677 2677 2677 2737 2737 2737 2678 2678 2678 2737 2737 2737 2677 2677 2677 2737 2737 2737 2678 2678 2678 2738 2738 2738 2680 2680 2680 2738 2738 2738 2678 2678 2678 2738 2738 2738 2680 2680 2680 2739 2739 2739 2682 2682 2682 2739 2739 2739 2680 2680 2680 2739 2739 2739 2682 2682 2682 2740 2740 2740 2684 2684 2684 2740 2740 2740 2682 2682 2682 2740 2740 2740 2684 2684 2684 2741 2741 2741 2685 2685 2685 2741 2741 2741 2684 2684 2684 2741 2741 2741 2685 2685 2685 1932 1932 1932 2728 2728 2728 1932 1932 1932 2685 2685 2685 1932 1932 1932 2728 2728 2728 1930 1930 1930 2726 2726 2726 2729 2729 2729 2727 2727 2727 2730 2730 2730 2727 2727 2727 2729 2729 2729 2727 2727 2727 2730 2730 2730 2728 2728 2728 2731 2731 2731 2728 2728 2728 2730 2730 2730 2728 2728 2728 2731 2731 2731 1930 1930 1930 2733 2733 2733 1930 1930 1930 2731 2731 2731 1930 1930 1930 2733 2733 2733 1933 1933 1933 2735 2735 2735 1933 1933 1933 2733 2733 2733 2742 2742 2742 2743 2743 2743 2744 2744 2744 2745 2745 2745 2744 2744 2744 2743 2743 2743 2746 2746 2746 2747 2747 2747 2748 2748 2748 2749 2749 2749 2748 2748 2748 2747 2747 2747 2748 2748 2748 2749 2749 2749 2750 2750 2750 2751 2751 2751 2750 2750 2750 2749 2749 2749 2752 2752 2752 2745 2745 2745 2753 2753 2753 2743 2743 2743 2753 2753 2753 2745 2745 2745 2753 2753 2753 2743 2743 2743 2754 2754 2754 2742 2742 2742 2754 2754 2754 2743 2743 2743 2754 2754 2754 2742 2742 2742 2755 2755 2755 2752 2752 2752 2756 2756 2756 2745 2745 2745 2746 2746 2746 2745 2745 2745 2756 2756 2756 2745 2745 2745 2746 2746 2746 2744 2744 2744 2748 2748 2748 2744 2744 2744 2746 2746 2746 2744 2744 2744 2748 2748 2748 2742 2742 2742 2750 2750 2750 2742 2742 2742 2748 2748 2748 2742 2742 2742 2750 2750 2750 2755 2755 2755 2751 2751 2751 2755 2755 2755 2750 2750 2750 2755 2755 2755 2751 2751 2751 2757 2757 2757 2758 2758 2758 2735 2735 2735 2759 2759 2759 2734 2734 2734 2759 2759 2759 2735 2735 2735 2759 2759 2759 2734 2734 2734 2760 2760 2760 2736 2736 2736 2760 2760 2760 2734 2734 2734 2760 2760 2760 2736 2736 2736 2761 2761 2761 1936 1936 1936 2761 2761 2761 2736 2736 2736 2761 2761 2761 1936 1936 1936 2762 2762 2762 1935 1935 1935 2762 2762 2762 1936 1936 1936 2762 2762 2762 1935 1935 1935 2763 2763 2763 1942 1942 1942 2763 2763 2763 1935 1935 1935 2763 2763 2763 1942 1942 1942 2764 2764 2764 1941 1941 1941 2764 2764 2764 1942 1942 1942 2764 2764 2764 1941 1941 1941 2765 2765 2765 2725 2725 2725 2765 2765 2765 1941 1941 1941 2766 2766 2766 2767 2767 2767 2768 2768 2768 2769 2769 2769 2770 2770 2770 2771 2771 2771 2772 2772 2772 2771 2771 2771 2770 2770 2770 2771 2771 2771 2772 2772 2772 2773 2773 2773 2184 2184 2184 2773 2773 2773 2772 2772 2772 2773 2773 2773 2184 2184 2184 2774 2774 2774 2182 2182 2182 2774 2774 2774 2184 2184 2184 2774 2774 2774 2182 2182 2182 2775 2775 2775 2181 2181 2181 2775 2775 2775 2182 2182 2182 2181 2181 2181 2009 2009 2009 2775 2775 2775 2011 2011 2011 2775 2775 2775 2009 2009 2009 2775 2775 2775 2011 2011 2011 2774 2774 2774 2776 2776 2776 2774 2774 2774 2011 2011 2011 2774 2774 2774 2776 2776 2776 2773 2773 2773 2777 2777 2777 2773 2773 2773 2776 2776 2776 2773 2773 2773 2777 2777 2777 2771 2771 2771 2778 2778 2778 2771 2771 2771 2777 2777 2777 2771 2771 2771 2778 2778 2778 2769 2769 2769 2752 2752 2752 2779 2779 2779 2756 2756 2756 2780 2780 2780 2756 2756 2756 2779 2779 2779 2756 2756 2756 2780 2780 2780 2781 2781 2781 1914 1914 1914 2781 2781 2781 2780 2780 2780 2781 2781 2781 1914 1914 1914 2782 2782 2782 1913 1913 1913 2782 2782 2782 1914 1914 1914 2782 2782 2782 1913 1913 1913 2242 2242 2242 1912 1912 1912 2242 2242 2242 1913 1913 1913 2242 2242 2242 1912 1912 1912 2243 2243 2243 2010 2010 2010 2255 2255 2255 2011 2011 2011 2236 2236 2236 2011 2011 2011 2255 2255 2255 2011 2011 2011 2236 2236 2236 2776 2776 2776 2235 2235 2235 2776 2776 2776 2236 2236 2236 2776 2776 2776 2235 2235 2235 2777 2777 2777 2783 2783 2783 2777 2777 2777 2235 2235 2235 2777 2777 2777 2783 2783 2783 2778 2778 2778 2768 2768 2768 2778 2778 2778 2783 2783 2783 2778 2778 2778 2768 2768 2768 2769 2769 2769 2767 2767 2767 2769 2769 2769 2768 2768 2768 2769 2769 2769 2767 2767 2767 2770 2770 2770 2784 2784 2784 2770 2770 2770 2767 2767 2767 2770 2770 2770 2784 2784 2784 2772 2772 2772 2785 2785 2785 2786 2786 2786 2787 2787 2787 2788 2788 2788 2787 2787 2787 2786 2786 2786 2787 2787 2787 2788 2788 2788 2789 2789 2789 2790 2790 2790 2789 2789 2789 2788 2788 2788 2789 2789 2789 2790 2790 2790 2791 2791 2791 2792 2792 2792 2791 2791 2791 2790 2790 2790 2791 2791 2791 2792 2792 2792 1928 1928 1928 1928 1928 1928 1927 1927 1927 2791 2791 2791 2793 2793 2793 2791 2791 2791 1927 1927 1927 2791 2791 2791 2793 2793 2793 2789 2789 2789 2794 2794 2794 2789 2789 2789 2793 2793 2793 2789 2789 2789 2794 2794 2794 2787 2787 2787 2795 2795 2795 2787 2787 2787 2794 2794 2794 2787 2787 2787 2795 2795 2795 2785 2785 2785 2747 2747 2747 2796 2796 2796 2749 2749 2749 2797 2797 2797 2749 2749 2749 2796 2796 2796 2749 2749 2749 2797 2797 2797 2751 2751 2751 2798 2798 2798 2751 2751 2751 2797 2797 2797 2751 2751 2751 2798 2798 2798 2757 2757 2757 2799 2799 2799 2757 2757 2757 2798 2798 2798 2757 2757 2757 2799 2799 2799 2800 2800 2800 1924 1924 1924 2800 2800 2800 2799 2799 2799 2800 2800 2800 1924 1924 1924 2801 2801 2801 1926 1926 1926 2801 2801 2801 1924 1924 1924 2801 2801 2801 1926 1926 1926 2802 2802 2802 2688 2688 2688 2803 2803 2803 2686 2686 2686 2804 2804 2804 2686 2686 2686 2803 2803 2803 2686 2686 2686 2804 2804 2804 2805 2805 2805 2806 2806 2806 2805 2805 2805 2804 2804 2804 2805 2805 2805 2806 2806 2806 2807 2807 2807 2808 2808 2808 2807 2807 2807 2806 2806 2806 2807 2807 2807 2808 2808 2808 2809 2809 2809 2810 2810 2810 2809 2809 2809 2808 2808 2808 2809 2809 2809 2810 2810 2810 2811 2811 2811 2802 2802 2802 2811 2811 2811 2810 2810 2810 2811 2811 2811 2802 2802 2802 2812 2812 2812 1926 1926 1926 2812 2812 2812 2802 2802 2802 2812 2812 2812 1926 1926 1926 2813 2813 2813 1925 1925 1925 2813 2813 2813 1926 1926 1926 2813 2813 2813 1925 1925 1925 2814 2814 2814 1923 1923 1923 1922 1922 1922 2815 2815 2815 2816 2816 2816 2817 2817 2817 2818 2818 2818 2819 2819 2819 2818 2818 2818 2817 2817 2817 2818 2818 2818 2819 2819 2819 2820 2820 2820 2244 2244 2244 2821 2821 2821 2242 2242 2242 2183 2183 2183 2242 2242 2242 2821 2821 2821 2242 2242 2242 2183 2183 2183 2782 2782 2782 2184 2184 2184 2782 2782 2782 2183 2183 2183 2782 2782 2782 2184 2184 2184 2781 2781 2781 2772 2772 2772 2781 2781 2781 2184 2184 2184 2781 2781 2781 2772 2772 2772 2756 2756 2756 2784 2784 2784 2756 2756 2756 2772 2772 2772 2756 2756 2756 2784 2784 2784 2746 2746 2746 2767 2767 2767 2746 2746 2746 2784 2784 2784 2746 2746 2746 2767 2767 2767 2747 2747 2747 2766 2766 2766 2747 2747 2747 2767 2767 2767 2747 2747 2747 2766 2766 2766 2796 2796 2796 2822 2822 2822 2796 2796 2796 2766 2766 2766 2796 2796 2796 2822 2822 2822 2797 2797 2797 2823 2823 2823 2797 2797 2797 2822 2822 2822 2797 2797 2797 2823 2823 2823 2798 2798 2798 2824 2824 2824 2798 2798 2798 2823 2823 2823 2798 2798 2798 2824 2824 2824 2799 2799 2799 2825 2825 2825 2799 2799 2799 2824 2824 2824 2799 2799 2799 2825 2825 2825 1924 1924 1924 2826 2826 2826 1924 1924 1924 2825 2825 2825 1924 1924 1924 2826 2826 2826 1925 1925 1925 2827 2827 2827 1925 1925 1925 2826 2826 2826 1925 1925 1925 2827 2827 2827 2814 2814 2814 2828 2828 2828 2814 2814 2814 2827 2827 2827 2814 2814 2814 2828 2828 2828 2813 2813 2813 2829 2829 2829 2830 2830 2830 2831 2831 2831 2832 2832 2832 2831 2831 2831 2830 2830 2830 2831 2831 2831 2832 2832 2832 2833 2833 2833 2834 2834 2834 2833 2833 2833 2832 2832 2832 2833 2833 2833 2834 2834 2834 2835 2835 2835 2836 2836 2836 2835 2835 2835 2834 2834 2834 2835 2835 2835 2836 2836 2836 2837 2837 2837 1929 1929 1929 2829 2829 2829 1927 1927 1927 2831 2831 2831 1927 1927 1927 2829 2829 2829 1927 1927 1927 2831 2831 2831 2793 2793 2793 2833 2833 2833 2793 2793 2793 2831 2831 2831 2793 2793 2793 2833 2833 2833 2794 2794 2794 2835 2835 2835 2794 2794 2794 2833 2833 2833 2794 2794 2794 2835 2835 2835 2795 2795 2795 2837 2837 2837 2795 2795 2795 2835 2835 2835 2795 2795 2795 2837 2837 2837 2785 2785 2785 2838 2838 2838 2839 2839 2839 2815 2815 2815 2840 2840 2840 2815 2815 2815 2839 2839 2839 2815 2815 2815 2840 2840 2840 1923 1923 1923 2841 2841 2841 1923 1923 1923 2840 2840 2840 1923 1923 1923 2841 2841 2841 1921 1921 1921 1920 1920 1920 2842 2842 2842 2843 2843 2843 2844 2844 2844 2845 2845 2845 2846 2846 2846 2847 2847 2847 2846 2846 2846 2845 2845 2845 2846 2846 2846 2847 2847 2847 2848 2848 2848 2849 2849 2849 2850 2850 2850 2851 2851 2851 2816 2816 2816 2818 2818 2818 2852 2852 2852 1917 1917 1917 2852 2852 2852 2818 2818 2818 2852 2852 2852 1917 1917 1917 2853 2853 2853 2854 2854 2854 2816 2816 2816 1920 1920 1920 2852 2852 2852 1920 1920 1920 2816 2816 2816 1920 1920 1920 2852 2852 2852 2855 2855 2855 2853 2853 2853 2855 2855 2855 2852 2852 2852 2856 2856 2856 2857 2857 2857 2858 2858 2858 2859 2859 2859 2860 2860 2860 2861 2861 2861 2856 2856 2856 2862 2862 2862 2863 2863 2863 1917 1917 1917 2856 2856 2856 2861 2861 2861 2864 2864 2864 2861 2861 2861 2856 2856 2856 2861 2861 2861 2864 2864 2864 2865 2865 2865 1917 1917 1917 1920 1920 1920 2856 2856 2856 2866 2866 2866 2856 2856 2856 1920 1920 1920 2856 2856 2856 2866 2866 2866 2857 2857 2857 1920 1920 1920 2857 2857 2857 2866 2866 2866 2857 2857 2857 1920 1920 1920 2858 2858 2858 1919 1919 1919 2858 2858 2858 1920 1920 1920 2858 2858 2858 1919 1919 1919 2856 2856 2856 1918 1918 1918 2856 2856 2856 1919 1919 1919 2856 2856 2856 1918 1918 1918 2862 2862 2862 1920 1920 1920 2862 2862 2862 1918 1918 1918 2862 2862 2862 1920 1920 1920 2863 2863 2863 2855 2855 2855 2863 2863 2863 1920 1920 1920 2863 2863 2863 2855 2855 2855 2856 2856 2856 2853 2853 2853 2856 2856 2856 2855 2855 2855 2856 2856 2856 2853 2853 2853 2864 2864 2864 1917 1917 1917 2864 2864 2864 2853 2853 2853 2864 2864 2864 1917 1917 1917 2865 2865 2865 1916 1916 1916 2865 2865 2865 1917 1917 1917 2865 2865 2865 1916 1916 1916 2861 2861 2861 1915 1915 1915 2861 2861 2861 1916 1916 1916 2861 2861 2861 1915 1915 1915 2859 2859 2859 1917 1917 1917 2859 2859 2859 1915 1915 1915 2859 2859 2859 1917 1917 1917 2860 2860 2860 2867 2867 2867 2860 2860 2860 1917 1917 1917 2860 2860 2860 2867 2867 2867 2861 2861 2861 2868 2868 2868 2861 2861 2861 2867 2867 2867 2861 2861 2861 2868 2868 2868 1917 1917 1917 2867 2867 2867 1917 1917 1917 2868 2868 2868 2869 2869 2869 2870 2870 2870 2850 2850 2850 2871 2871 2871 2850 2850 2850 2870 2870 2870 2850 2850 2850 2871 2871 2871 2851 2851 2851 1920 1920 1920 2851 2851 2851 2871 2871 2871 2851 2851 2851 1920 1920 1920 2849 2849 2849 2872 2872 2872 2849 2849 2849 1920 1920 1920 2849 2849 2849 2872 2872 2872 2850 2850 2850 2869 2869 2869 2850 2850 2850 2872 2872 2872 2838 2838 2838 2817 2817 2817 2839 2839 2839 2816 2816 2816 2839 2839 2839 2817 2817 2817 2839 2839 2839 2816 2816 2816 2840 2840 2840 2854 2854 2854 2840 2840 2840 2816 2816 2816 2840 2840 2840 2854 2854 2854 2841 2841 2841 1920 1920 1920 2841 2841 2841 2854 2854 2854 2841 2841 2841 1920 1920 1920 1921 1921 1921 2843 2843 2843 1921 1921 1921 1920 1920 1920 1921 1921 1921 2843 2843 2843 1922 1922 1922 2873 2873 2873 1922 1922 1922 2843 2843 2843 1922 1922 1922 2873 2873 2873 2815 2815 2815 2874 2874 2874 2815 2815 2815 2873 2873 2873 2815 2815 2815 2874 2874 2874 2838 2838 2838 2828 2828 2828 2838 2838 2838 2874 2874 2874 2838 2838 2838 2828 2828 2828 2817 2817 2817 2827 2827 2827 2817 2817 2817 2828 2828 2828 2817 2817 2817 2827 2827 2827 2819 2819 2819 2826 2826 2826 2819 2819 2819 2827 2827 2827 2819 2819 2819 2826 2826 2826 2820 2820 2820 2825 2825 2825 2820 2820 2820 2826 2826 2826 2820 2820 2820 2825 2825 2825 2875 2875 2875 2824 2824 2824 2875 2875 2875 2825 2825 2825 2875 2875 2875 2824 2824 2824 2786 2786 2786 2823 2823 2823 2786 2786 2786 2824 2824 2824 2786 2786 2786 2823 2823 2823 2788 2788 2788 2822 2822 2822 2788 2788 2788 2823 2823 2823 2788 2788 2788 2822 2822 2822 2790 2790 2790 2766 2766 2766 2790 2790 2790 2822 2822 2822 2790 2790 2790 2766 2766 2766 2792 2792 2792 2768 2768 2768 2792 2792 2792 2766 2766 2766 2792 2792 2792 2768 2768 2768 1928 1928 1928 2783 2783 2783 1928 1928 1928 2768 2768 2768 1928 1928 1928 2783 2783 2783 1929 1929 1929 2235 2235 2235 1929 1929 1929 2783 2783 2783 1929 1929 1929 2235 2235 2235 2829 2829 2829 2237 2237 2237 2829 2829 2829 2235 2235 2235 2829 2829 2829 2237 2237 2237 2830 2830 2830 2239 2239 2239 2830 2830 2830 2237 2237 2237 2830 2830 2830 2239 2239 2239 2832 2832 2832 2241 2241 2241 2832 2832 2832 2239 2239 2239 2832 2832 2832 2241 2241 2241 2834 2834 2834 1917 1917 1917 2834 2834 2834 2241 2241 2241 2834 2834 2834 1917 1917 1917 2836 2836 2836 2818 2818 2818 2836 2836 2836 1917 1917 1917 2836 2836 2836 2818 2818 2818 2837 2837 2837 2820 2820 2820 2837 2837 2837 2818 2818 2818 2837 2837 2837 2820 2820 2820 2785 2785 2785 2875 2875 2875 2785 2785 2785 2820 2820 2820 2785 2785 2785 2875 2875 2875 2786 2786 2786 2876 2876 2876 2877 2877 2877 2878 2878 2878 2879 2879 2879 2878 2878 2878 2877 2877 2877 2878 2878 2878 2879 2879 2879 2880 2880 2880 2881 2881 2881 2880 2880 2880 2879 2879 2879 2669 2669 2669 2882 2882 2882 2668 2668 2668 1946 1946 1946 2668 2668 2668 2882 2882 2882 2668 2668 2668 1946 1946 1946 2666 2666 2666 2676 2676 2676 2666 2666 2666 1946 1946 1946 2666 2666 2666 2676 2676 2676 2675 2675 2675 2737 2737 2737 2675 2675 2675 2676 2676 2676 2675 2675 2675 2737 2737 2737 2672 2672 2672 2738 2738 2738 2672 2672 2672 2737 2737 2737 2672 2672 2672 2738 2738 2738 2688 2688 2688 2739 2739 2739 2688 2688 2688 2738 2738 2738 2688 2688 2688 2739 2739 2739 2803 2803 2803 2740 2740 2740 2803 2803 2803 2739 2739 2739 2803 2803 2803 2740 2740 2740 2804 2804 2804 2741 2741 2741 2804 2804 2804 2740 2740 2740 2804 2804 2804 2741 2741 2741 2806 2806 2806 1932 1932 1932 2806 2806 2806 2741 2741 2741 2806 2806 2806 1932 1932 1932 2808 2808 2808 1931 1931 1931 2808 2808 2808 1932 1932 1932 2808 2808 2808 1931 1931 1931 2810 2810 2810 1933 1933 1933 2810 2810 2810 1931 1931 1931 2810 2810 2810 1933 1933 1933 2802 2802 2802 2735 2735 2735 2802 2802 2802 1933 1933 1933 2802 2802 2802 2735 2735 2735 2801 2801 2801 2758 2758 2758 2801 2801 2801 2735 2735 2735 2801 2801 2801 2758 2758 2758 2800 2800 2800 2759 2759 2759 2800 2800 2800 2758 2758 2758 2800 2800 2800 2759 2759 2759 2757 2757 2757 2760 2760 2760 2757 2757 2757 2759 2759 2759 2757 2757 2757 2760 2760 2760 2755 2755 2755 2761 2761 2761 2755 2755 2755 2760 2760 2760 2755 2755 2755 2761 2761 2761 2754 2754 2754 2762 2762 2762 2754 2754 2754 2761 2761 2761 2754 2754 2754 2762 2762 2762 2753 2753 2753 2763 2763 2763 2753 2753 2753 2762 2762 2762 2753 2753 2753 2763 2763 2763 2752 2752 2752 2764 2764 2764 2752 2752 2752 2763 2763 2763 2752 2752 2752 2764 2764 2764 2779 2779 2779 2765 2765 2765 2779 2779 2779 2764 2764 2764 2779 2779 2779 2765 2765 2765 2780 2780 2780 2725 2725 2725 2780 2780 2780 2765 2765 2765 2780 2780 2780 2725 2725 2725 1914 1914 1914 1937 1937 1937 1914 1914 1914 2725 2725 2725 1914 1914 1914 1937 1937 1937 1912 1912 1912 1939 1939 1939 1912 1912 1912 1937 1937 1937 1912 1912 1912 1939 1939 1939 2243 2243 2243 2883 2883 2883 2243 2243 2243 1939 1939 1939 2243 2243 2243 2883 2883 2883 2244 2244 2244 2689 2689 2689 2673 2673 2673 2690 2690 2690 2672 2672 2672 2690 2690 2690 2673 2673 2673 2690 2690 2690 2672 2672 2672 2691 2691 2691 2671 2671 2671 2691 2691 2691 2672 2672 2672 2691 2691 2691 2671 2671 2671 2689 2689 2689 2670 2670 2670 2689 2689 2689 2671 2671 2671 2689 2689 2689 2670 2670 2670 2692 2692 2692 2672 2672 2672 2692 2692 2692 2670 2670 2670 2692 2692 2692 2672 2672 2672 2693 2693 2693 2687 2687 2687 2693 2693 2693 2672 2672 2672 2693 2693 2693 2687 2687 2687 2689 2689 2689 2686 2686 2686 2689 2689 2689 2687 2687 2687 2689 2689 2689 2686 2686 2686 2884 2884 2884 2805 2805 2805 2884 2884 2884 2686 2686 2686 2884 2884 2884 2805 2805 2805 2885 2885 2885 2807 2807 2807 2885 2885 2885 2805 2805 2805 2885 2885 2885 2807 2807 2807 2886 2886 2886 2809 2809 2809 2886 2886 2886 2807 2807 2807 2886 2886 2886 2809 2809 2809 2881 2881 2881 2811 2811 2811 2881 2881 2881 2809 2809 2809 2881 2881 2881 2811 2811 2811 2880 2880 2880 2812 2812 2812 2880 2880 2880 2811 2811 2811 2880 2880 2880 2812 2812 2812 2878 2878 2878 2813 2813 2813 2878 2878 2878 2812 2812 2812 2878 2878 2878 2813 2813 2813 2876 2876 2876 2828 2828 2828 2876 2876 2876 2813 2813 2813 2876 2876 2876 2828 2828 2828 2887 2887 2887 2874 2874 2874 2887 2887 2887 2828 2828 2828 2887 2887 2887 2874 2874 2874 2870 2870 2870 2873 2873 2873 2870 2870 2870 2874 2874 2874 2870 2870 2870 2873 2873 2873 2845 2845 2845 2843 2843 2843 2845 2845 2845 2873 2873 2873 2845 2845 2845 2843 2843 2843 2847 2847 2847 2842 2842 2842 2847 2847 2847 2843 2843 2843 2847 2847 2847 2842 2842 2842 2848 2848 2848 1920 1920 1920 2848 2848 2848 2842 2842 2842 2848 2848 2848 1920 1920 1920 2846 2846 2846 2871 2871 2871 2846 2846 2846 1920 1920 1920 2846 2846 2846 2871 2871 2871 2844 2844 2844 2870 2870 2870 2844 2844 2844 2871 2871 2871 2844 2844 2844 2870 2870 2870 2845 2845 2845 2720 2720 2720 2888 2888 2888 2710 2710 2710 2453 2453 2453 2710 2710 2710 2888 2888 2888 2710 2710 2710 2453 2453 2453 2167 2167 2167 2454 2454 2454 2167 2167 2167 2453 2453 2453 2167 2167 2167 2454 2454 2454 2168 2168 2168 2455 2455 2455 2168 2168 2168 2454 2454 2454 2168 2168 2168 2455 2455 2455 2158 2158 2158 2159 2159 2159 2158 2158 2158 2455 2455 2455 2158 2158 2158 2159 2159 2159 2156 2156 2156 2161 2161 2161 2156 2156 2156 2159 2159 2159 2156 2156 2156 2161 2161 2161 2166 2166 2166 2163 2163 2163 2166 2166 2166 2161 2161 2161 2166 2166 2166 2163 2163 2163 2180 2180 2180 2889 2889 2889 2890 2890 2890 2891 2891 2891 2892 2892 2892 2891 2891 2891 2890 2890 2890 2891 2891 2891 2892 2892 2892 2893 2893 2893 2067 2067 2067 2065 2065 2065 2027 2027 2027 2894 2894 2894 2027 2027 2027 2065 2065 2065 2027 2027 2027 2894 2894 2894 2028 2028 2028 2889 2889 2889 2028 2028 2028 2894 2894 2894 2028 2028 2028 2889 2889 2889 2895 2895 2895 2891 2891 2891 2895 2895 2895 2889 2889 2889 2895 2895 2895 2891 2891 2891 2896 2896 2896 2893 2893 2893 2896 2896 2896 2891 2891 2891 2896 2896 2896 2893 2893 2893 2897 2897 2897 2898 2898 2898 2899 2899 2899 2900 2900 2900 2897 2897 2897 2901 2901 2901 2896 2896 2896 2902 2902 2902 2896 2896 2896 2901 2901 2901 2896 2896 2896 2902 2902 2902 2895 2895 2895 2903 2903 2903 2895 2895 2895 2902 2902 2902 2895 2895 2895 2903 2903 2903 2028 2028 2028 2070 2070 2070 2028 2028 2028 2903 2903 2903 2028 2028 2028 2070 2070 2070 2026 2026 2026 2069 2069 2069 2026 2026 2026 2070 2070 2070 2899 2899 2899 2898 2898 2898 2904 2904 2904 2905 2905 2905 2904 2904 2904 2898 2898 2898 2904 2904 2904 2905 2905 2905 2906 2906 2906 2075 2075 2075 2068 2068 2068 2076 2076 2076 2070 2070 2070 2076 2076 2076 2068 2068 2068 2076 2076 2076 2070 2070 2070 2073 2073 2073 2903 2903 2903 2073 2073 2073 2070 2070 2070 2073 2073 2073 2903 2903 2903 2907 2907 2907 2902 2902 2902 2907 2907 2907 2903 2903 2903 2907 2907 2907 2902 2902 2902 2908 2908 2908 2901 2901 2901 2908 2908 2908 2902 2902 2902 2908 2908 2908 2901 2901 2901 2909 2909 2909 2078 2078 2078 2910 2910 2910 2079 2079 2079 2911 2911 2911 2079 2079 2079 2910 2910 2910 2079 2079 2079 2911 2911 2911 2088 2088 2088 2912 2912 2912 2088 2088 2088 2911 2911 2911 2088 2088 2088 2912 2912 2912 2089 2089 2089 2913 2913 2913 2914 2914 2914 2915 2915 2915 2916 2916 2916 2915 2915 2915 2914 2914 2914 2915 2915 2915 2916 2916 2916 2917 2917 2917 2918 2918 2918 2908 2908 2908 2919 2919 2919 2909 2909 2909 2919 2919 2919 2908 2908 2908 2919 2919 2919 2909 2909 2909 2920 2920 2920 2921 2921 2921 2922 2922 2922 2900 2900 2900 2923 2923 2923 2900 2900 2900 2922 2922 2922 2900 2900 2900 2923 2923 2923 2898 2898 2898 2924 2924 2924 2898 2898 2898 2923 2923 2923 2898 2898 2898 2924 2924 2924 2905 2905 2905 2925 2925 2925 2905 2905 2905 2924 2924 2924 2905 2905 2905 2925 2925 2925 2906 2906 2906 2926 2926 2926 2906 2906 2906 2925 2925 2925 2906 2906 2906 2926 2926 2926 2927 2927 2927 1909 1909 1909 1911 1911 1911 2928 2928 2928 1910 1910 1910 1907 1907 1907 1911 1911 1911 1906 1906 1906 1911 1911 1911 1907 1907 1907 1911 1911 1911 1906 1906 1906 2929 2929 2929 2930 2930 2930 2929 2929 2929 2931 2931 2931 1906 1906 1906 2931 2931 2931 2929 2929 2929 2931 2931 2931 1906 1906 1906 2932 2932 2932 1908 1908 1908 2932 2932 2932 1906 1906 1906 2932 2932 2932 1908 1908 1908 2933 2933 2933 2078 2078 2078 2934 2934 2934 2910 2910 2910 2935 2935 2935 2910 2910 2910 2934 2934 2934 2910 2910 2910 2935 2935 2935 2936 2936 2936 2934 2934 2934 2913 2913 2913 2935 2935 2935 2915 2915 2915 2935 2935 2935 2913 2913 2913 2935 2935 2935 2915 2915 2915 2936 2936 2936 2917 2917 2917 2936 2936 2936 2915 2915 2915 2936 2936 2936 2917 2917 2917 2937 2937 2937 2091 2091 2091 2090 2090 2090 2098 2098 2098 2938 2938 2938 2098 2098 2098 2090 2090 2090 2098 2098 2098 2938 2938 2938 2099 2099 2099 2939 2939 2939 2099 2099 2099 2938 2938 2938 2099 2099 2099 2939 2939 2939 2101 2101 2101 2115 2115 2115 2940 2940 2940 2116 2116 2116 2941 2941 2941 2116 2116 2116 2940 2940 2940 2116 2116 2116 2941 2941 2941 2942 2942 2942 2943 2943 2943 2942 2942 2942 2941 2941 2941 2942 2942 2942 2943 2943 2943 2944 2944 2944 2945 2945 2945 2944 2944 2944 2943 2943 2943 2944 2944 2944 2945 2945 2945 2946 2946 2946 2947 2947 2947 2946 2946 2946 2945 2945 2945 2946 2946 2946 2947 2947 2947 2948 2948 2948 2105 2105 2105 2948 2948 2948 2947 2947 2947 2948 2948 2948 2105 2105 2105 2949 2949 2949 2103 2103 2103 2949 2949 2949 2105 2105 2105 2949 2949 2949 2103 2103 2103 2950 2950 2950 2101 2101 2101 2950 2950 2950 2103 2103 2103 2950 2950 2950 2101 2101 2101 2951 2951 2951 2939 2939 2939 2951 2951 2951 2101 2101 2101 2112 2112 2112 2952 2952 2952 2033 2033 2033 2110 2110 2110 2033 2033 2033 2952 2952 2952 2033 2033 2033 2110 2110 2110 2034 2034 2034 2108 2108 2108 2034 2034 2034 2110 2110 2110 2034 2034 2034 2108 2108 2108 2478 2478 2478 2116 2116 2116 2478 2478 2478 2108 2108 2108 2478 2478 2478 2116 2116 2116 2476 2476 2476 2942 2942 2942 2476 2476 2476 2116 2116 2116 2476 2476 2476 2942 2942 2942 2474 2474 2474 2944 2944 2944 2474 2474 2474 2942 2942 2942 2474 2474 2474 2944 2944 2944 2472 2472 2472 2946 2946 2946 2472 2472 2472 2944 2944 2944 2472 2472 2472 2946 2946 2946 2470 2470 2470 2948 2948 2948 2470 2470 2470 2946 2946 2946 2470 2470 2470 2948 2948 2948 2469 2469 2469 2949 2949 2949 2469 2469 2469 2948 2948 2948 2469 2469 2469 2949 2949 2949 2468 2468 2468 2950 2950 2950 2468 2468 2468 2949 2949 2949 2468 2468 2468 2950 2950 2950 2937 2937 2937 2951 2951 2951 2937 2937 2937 2950 2950 2950 2937 2937 2937 2951 2951 2951 2936 2936 2936 2939 2939 2939 2936 2936 2936 2951 2951 2951 2936 2936 2936 2939 2939 2939 2910 2910 2910 2938 2938 2938 2910 2910 2910 2939 2939 2939 2910 2910 2910 2938 2938 2938 2911 2911 2911 2090 2090 2090 2911 2911 2911 2938 2938 2938 2911 2911 2911 2090 2090 2090 2912 2912 2912 2025 2025 2025 2912 2912 2912 2090 2090 2090 2918 2918 2918 2919 2919 2919 2953 2953 2953 2920 2920 2920 2953 2953 2953 2919 2919 2919 2953 2953 2953 2920 2920 2920 2954 2954 2954 2955 2955 2955 2954 2954 2954 2920 2920 2920 2954 2954 2954 2955 2955 2955 2956 2956 2956 2957 2957 2957 2956 2956 2956 2955 2955 2955 2956 2956 2956 2957 2957 2957 2958 2958 2958 2924 2924 2924 2959 2959 2959 2925 2925 2925 2928 2928 2928 2925 2925 2925 2959 2959 2959 2925 2925 2925 2928 2928 2928 2926 2926 2926 1911 1911 1911 2926 2926 2926 2928 2928 2928 2926 2926 2926 1911 1911 1911 2927 2927 2927 2929 2929 2929 2927 2927 2927 1911 1911 1911 2927 2927 2927 2929 2929 2929 2960 2960 2960 2930 2930 2930 2960 2960 2960 2929 2929 2929 2960 2960 2960 2930 2930 2930 2961 2961 2961 2892 2892 2892 2921 2921 2921 2893 2893 2893 2900 2900 2900 2893 2893 2893 2921 2921 2921 2893 2893 2893 2900 2900 2900 2897 2897 2897 2899 2899 2899 2897 2897 2897 2900 2900 2900 2897 2897 2897 2899 2899 2899 2901 2901 2901 2904 2904 2904 2901 2901 2901 2899 2899 2899 2901 2901 2901 2904 2904 2904 2909 2909 2909 2906 2906 2906 2909 2909 2909 2904 2904 2904 2909 2909 2909 2906 2906 2906 2920 2920 2920 2927 2927 2927 2920 2920 2920 2906 2906 2906 2920 2920 2920 2927 2927 2927 2955 2955 2955 2960 2960 2960 2955 2955 2955 2927 2927 2927 2955 2955 2955 2960 2960 2960 2957 2957 2957 2961 2961 2961 2957 2957 2957 2960 2960 2960 2958 2958 2958 2957 2957 2957 2962 2962 2962 2961 2961 2961 2962 2962 2962 2957 2957 2957 2962 2962 2962 2961 2961 2961 2963 2963 2963 2930 2930 2930 2963 2963 2963 2961 2961 2961 2963 2963 2963 2930 2930 2930 2964 2964 2964 2931 2931 2931 2964 2964 2964 2930 2930 2930 2964 2964 2964 2931 2931 2931 2965 2965 2965 2932 2932 2932 2965 2965 2965 2931 2931 2931 2965 2965 2965 2932 2932 2932 2966 2966 2966 2933 2933 2933 2966 2966 2966 2932 2932 2932 2966 2966 2966 2933 2933 2933 1904 1904 1904 2934 2934 2934 2071 2071 2071 2913 2913 2913 2073 2073 2073 2913 2913 2913 2071 2071 2071 2913 2913 2913 2073 2073 2073 2914 2914 2914 2907 2907 2907 2914 2914 2914 2073 2073 2073 2914 2914 2914 2907 2907 2907 2916 2916 2916 2908 2908 2908 2916 2916 2916 2907 2907 2907 2916 2916 2916 2908 2908 2908 2917 2917 2917 2918 2918 2918 2917 2917 2917 2908 2908 2908 2917 2917 2917 2918 2918 2918 2937 2937 2937 2953 2953 2953 2937 2937 2937 2918 2918 2918 2937 2937 2937 2953 2953 2953 2468 2468 2468 2954 2954 2954 2468 2468 2468 2953 2953 2953 2468 2468 2468 2954 2954 2954 2430 2430 2430 2956 2956 2956 2430 2430 2430 2954 2954 2954 2430 2430 2430 2956 2956 2956 2428 2428 2428 2958 2958 2958 2428 2428 2428 2956 2956 2956 2967 2967 2967 2968 2968 2968 2969 2969 2969 1903 1903 1903 2969 2969 2969 2968 2968 2968 2969 2969 2969 1903 1903 1903 2970 2970 2970 1905 1905 1905 2970 2970 2970 1903 1903 1903 2970 2970 2970 1905 1905 1905 2971 2971 2971 2972 2972 2972 2973 2973 2973 2974 2974 2974 2975 2975 2975 2974 2974 2974 2973 2973 2973 2974 2974 2974 2975 2975 2975 2976 2976 2976 2977 2977 2977 2976 2976 2976 2975 2975 2975 2976 2976 2976 2977 2977 2977 2978 2978 2978 2979 2979 2979 2978 2978 2978 2977 2977 2977 2978 2978 2978 2979 2979 2979 2980 2980 2980 2981 2981 2981 2982 2982 2982 2983 2983 2983 2980 2980 2980 2983 2983 2983 2982 2982 2982 2983 2983 2983 2980 2980 2980 2984 2984 2984 2979 2979 2979 2984 2984 2984 2980 2980 2980 2985 2985 2985 2986 2986 2986 2981 2981 2981 2987 2987 2987 2981 2981 2981 2986 2986 2986 2981 2981 2981 2987 2987 2987 2982 2982 2982 2119 2119 2119 2988 2988 2988 2117 2117 2117 2989 2989 2989 2117 2117 2117 2988 2988 2988 2117 2117 2117 2989 2989 2989 2990 2990 2990 2986 2986 2986 2990 2990 2990 2989 2989 2989 2990 2990 2990 2986 2986 2986 2991 2991 2991 2985 2985 2985 2991 2991 2991 2986 2986 2986 2992 2992 2992 2993 2993 2993 2994 2994 2994 2995 2995 2995 2994 2994 2994 2993 2993 2993 2994 2994 2994 2995 2995 2995 2996 2996 2996 2997 2997 2997 2996 2996 2996 2995 2995 2995 2996 2996 2996 2997 2997 2997 2998 2998 2998 2999 2999 2999 2998 2998 2998 2997 2997 2997 2998 2998 2998 2999 2999 2999 3000 3000 3000 3001 3001 3001 3000 3000 3000 2999 2999 2999 3000 3000 3000 3001 3001 3001 3002 3002 3002 3003 3003 3003 3002 3002 3002 3001 3001 3001 2993 2993 2993 2435 2435 2435 2995 2995 2995 2437 2437 2437 2995 2995 2995 2435 2435 2435 2995 2995 2995 2437 2437 2437 2997 2997 2997 2439 2439 2439 2997 2997 2997 2437 2437 2437 2997 2997 2997 2439 2439 2439 2999 2999 2999 2441 2441 2441 2999 2999 2999 2439 2439 2439 2999 2999 2999 2441 2441 2441 3001 3001 3001 2443 2443 2443 3001 3001 3001 2441 2441 2441 3001 3001 3001 2443 2443 2443 3003 3003 3003 1977 1977 1977 3003 3003 3003 2443 2443 2443 3004 3004 3004 3005 3005 3005 3006 3006 3006 3007 3007 3007 3006 3006 3006 3005 3005 3005 3006 3006 3006 3007 3007 3007 3008 3008 3008 3009 3009 3009 3008 3008 3008 3007 3007 3007 3008 3008 3008 3009 3009 3009 3010 3010 3010 3011 3011 3011 3010 3010 3010 3009 3009 3009 3010 3010 3010 3011 3011 3011 3012 3012 3012 3013 3013 3013 3012 3012 3012 3011 3011 3011 3012 3012 3012 3013 3013 3013 3014 3014 3014 3015 3015 3015 3014 3014 3014 3013 3013 3013 3014 3014 3014 3015 3015 3015 2144 2144 2144 3016 3016 3016 2144 2144 2144 3015 3015 3015 2144 2144 2144 3016 3016 3016 2143 2143 2143 2721 2721 2721 3017 3017 3017 3004 3004 3004 3018 3018 3018 3004 3004 3004 3017 3017 3017 3004 3004 3004 3018 3018 3018 3005 3005 3005 3019 3019 3019 3020 3020 3020 3021 3021 3021 3022 3022 3022 3021 3021 3021 3020 3020 3020 3021 3021 3021 3022 3022 3022 3023 3023 3023 3024 3024 3024 3023 3023 3023 3022 3022 3022 3023 3023 3023 3024 3024 3024 3025 3025 3025 3026 3026 3026 3025 3025 3025 3024 3024 3024 3025 3025 3025 3026 3026 3026 3027 3027 3027 3028 3028 3028 3027 3027 3027 3026 3026 3026 3027 3027 3027 3028 3028 3028 3029 3029 3029 3030 3030 3030 3029 3029 3029 3028 3028 3028 3029 3029 3029 3030 3030 3030 3031 3031 3031 3032 3032 3032 3031 3031 3031 3030 3030 3030 3031 3031 3031 3032 3032 3032 3033 3033 3033 2139 2139 2139 2154 2154 2154 2140 2140 2140 3034 3034 3034 2140 2140 2140 2154 2154 2154 2140 2140 2140 3034 3034 3034 2142 2142 2142 3033 3033 3033 2142 2142 2142 3034 3034 3034 2142 2142 2142 3033 3033 3033 2144 2144 2144 3032 3032 3032 2144 2144 2144 3033 3033 3033 2144 2144 2144 3032 3032 3032 3014 3014 3014 3030 3030 3030 3014 3014 3014 3032 3032 3032 3014 3014 3014 3030 3030 3030 3012 3012 3012 3028 3028 3028 3012 3012 3012 3030 3030 3030 3012 3012 3012 3028 3028 3028 3010 3010 3010 3026 3026 3026 3010 3010 3010 3028 3028 3028 3010 3010 3010 3026 3026 3026 3008 3008 3008 3024 3024 3024 3008 3008 3008 3026 3026 3026 3008 3008 3008 3024 3024 3024 3006 3006 3006 3022 3022 3022 3006 3006 3006 3024 3024 3024 3006 3006 3006 3022 3022 3022 3004 3004 3004 3020 3020 3020 3004 3004 3004 3022 3022 3022 3004 3004 3004 3020 3020 3020 2721 2721 2721 3019 3019 3019 2721 2721 2721 3020 3020 3020 2721 2721 2721 3019 3019 3019 2722 2722 2722 1977 1977 1977 2443 2443 2443 1975 1975 1975 2442 2442 2442 1975 1975 1975 2443 2443 2443 1975 1975 1975 2442 2442 2442 2704 2704 2704 2440 2440 2440 2704 2704 2704 2442 2442 2442 2704 2704 2704 2440 2440 2440 2703 2703 2703 2438 2438 2438 2703 2703 2703 2440 2440 2440 2703 2703 2703 2438 2438 2438 1974 1974 1974 2436 2436 2436 1974 1974 1974 2438 2438 2438 1974 1974 1974 2436 2436 2436 2452 2452 2452 2435 2435 2435 2452 2452 2452 2436 2436 2436 2452 2452 2452 2435 2435 2435 2721 2721 2721 2993 2993 2993 2721 2721 2721 2435 2435 2435 2721 2721 2721 2993 2993 2993 3017 3017 3017 2992 2992 2992 3017 3017 3017 2993 2993 2993 3017 3017 3017 2992 2992 2992 3018 3018 3018 3002 3002 3002 2972 2972 2972 3000 3000 3000 2974 2974 2974 3000 3000 3000 2972 2972 2972 3000 3000 3000 2974 2974 2974 2998 2998 2998 2976 2976 2976 2998 2998 2998 2974 2974 2974 2998 2998 2998 2976 2976 2976 2996 2996 2996 2978 2978 2978 2996 2996 2996 2976 2976 2976 2996 2996 2996 2978 2978 2978 2994 2994 2994 2980 2980 2980 2994 2994 2994 2978 2978 2978 2994 2994 2994 2980 2980 2980 2992 2992 2992 2982 2982 2982 2992 2992 2992 2980 2980 2980 2992 2992 2992 2982 2982 2982 3018 3018 3018 2987 2987 2987 3018 3018 3018 2982 2982 2982 3018 3018 3018 2987 2987 2987 3005 3005 3005 2986 2986 2986 3005 3005 3005 2987 2987 2987 3005 3005 3005 2986 2986 2986 3007 3007 3007 2989 2989 2989 3007 3007 3007 2986 2986 2986 3007 3007 3007 2989 2989 2989 3009 3009 3009 2988 2988 2988 3009 3009 3009 2989 2989 2989 3009 3009 3009 2988 2988 2988 3011 3011 3011 2119 2119 2119 3011 3011 3011 2988 2988 2988 3011 3011 3011 2119 2119 2119 3013 3013 3013 2122 2122 2122 3013 3013 3013 2119 2119 2119 3013 3013 3013 2122 2122 2122 3015 3015 3015 2124 2124 2124 3015 3015 3015 2122 2122 2122 3015 3015 3015 2124 2124 2124 3016 3016 3016 2126 2126 2126 3016 3016 3016 2124 2124 2124 3016 3016 3016 2126 2126 2126 2143 2143 2143 2128 2128 2128 2143 2143 2143 2126 2126 2126 2143 2143 2143 2128 2128 2128 2141 2141 2141 2130 2130 2130 2141 2141 2141 2128 2128 2128 2141 2141 2141 2130 2130 2130 2139 2139 2139 2132 2132 2132 2139 2139 2139 2130 2130 2130 2139 2139 2139 2132 2132 2132 2155 2155 2155 2134 2134 2134 2155 2155 2155 2132 2132 2132 2155 2155 2155 2134 2134 2134 2153 2153 2153 2136 2136 2136 2153 2153 2153 2134 2134 2134 2153 2153 2153 2136 2136 2136 2151 2151 2151 2138 2138 2138 2151 2151 2151 2136 2136 2136 2151 2151 2151 2138 2138 2138 2149 2149 2149 3035 3035 3035 2149 2149 2149 2138 2138 2138 2149 2149 2149 3035 3035 3035 2147 2147 2147 3036 3036 3036 2147 2147 2147 3035 3035 3035 2147 2147 2147 3036 3036 3036 2145 2145 2145 3037 3037 3037 2145 2145 2145 3036 3036 3036 2145 2145 2145 3037 3037 3037 3038 3038 3038 1904 1904 1904 1903 1903 1903 2966 2966 2966 2968 2968 2968 2966 2966 2966 1903 1903 1903 2966 2966 2966 2968 2968 2968 2965 2965 2965 2967 2967 2967 2965 2965 2965 2968 2968 2968 2965 2965 2965 2967 2967 2967 2964 2964 2964 2460 2460 2460 2964 2964 2964 2967 2967 2967 2964 2964 2964 2460 2460 2460 2963 2963 2963 2434 2434 2434 2963 2963 2963 2460 2460 2460 2963 2963 2963 2434 2434 2434 2962 2962 2962 1979 1979 1979 2962 2962 2962 2434 2434 2434 2962 2962 2962 1979 1979 1979 2958 2958 2958 1978 1978 1978 2958 2958 2958 1979 1979 1979 2958 2958 2958 1978 1978 1978 2428 2428 2428 2467 2467 2467 2428 2428 2428 1978 1978 1978 2428 2428 2428 2467 2467 2467 2429 2429 2429 2466 2466 2466 2429 2429 2429 2467 2467 2467 2429 2429 2429 2466 2466 2466 2471 2471 2471 2464 2464 2464 2471 2471 2471 2466 2466 2466 2471 2471 2471 2464 2464 2464 2473 2473 2473 2642 2642 2642 2473 2473 2473 2464 2464 2464 2473 2473 2473 2642 2642 2642 2475 2475 2475 1971 1971 1971 2475 2475 2475 2642 2642 2642 2475 2475 2475 1971 1971 1971 2477 2477 2477 1970 1970 1970 2477 2477 2477 1971 1971 1971 2477 2477 2477 1970 1970 1970 2481 2481 2481 2482 2482 2482 2481 2481 2481 1970 1970 1970 2481 2481 2481 2482 2482 2482 2495 2495 2495 2484 2484 2484 2495 2495 2495 2482 2482 2482 2495 2495 2495 2484 2484 2484 2515 2515 2515 2643 2643 2643 2515 2515 2515 2484 2484 2484 2515 2515 2515 2643 2643 2643 2600 2600 2600 2623 2623 2623 2600 2600 2600 2643 2643 2643 2600 2600 2600 2623 2623 2623 2599 2599 2599 2622 2622 2622 2599 2599 2599 2623 2623 2623 2599 2599 2599 2622 2622 2622 2560 2560 2560 2621 2621 2621 2560 2560 2560 2622 2622 2622 2560 2560 2560 2621 2621 2621 2561 2561 2561 2615 2615 2615 2561 2561 2561 2621 2621 2621 2561 2561 2561 2615 2615 2615 2579 2579 2579 2613 2613 2613 2579 2579 2579 2615 2615 2615 2579 2579 2579 2613 2613 2613 2573 2573 2573 2612 2612 2612 2573 2573 2573 2613 2613 2613 2573 2573 2573 2612 2612 2612 2574 2574 2574 1962 1962 1962 2574 2574 2574 2612 2612 2612 2574 2574 2574 1962 1962 1962 2590 2590 2590 1961 1961 1961 2590 2590 2590 1962 1962 1962 2590 2590 2590 1961 1961 1961 2598 2598 2598 1960 1960 1960 2598 2598 2598 1961 1961 1961 2598 2598 2598 1960 1960 1960 2606 2606 2606 2594 2594 2594 2606 2606 2606 1960 1960 1960 2606 2606 2606 2594 2594 2594 2620 2620 2620 2592 2592 2592 2620 2620 2620 2594 2594 2594 2620 2620 2620 2592 2592 2592 2619 2619 2619 2591 2591 2591 2619 2619 2619 2592 2592 2592 2619 2619 2619 2591 2591 2591 2618 2618 2618 2614 2614 2614 2618 2618 2618 2591 2591 2591 2618 2618 2618 2614 2614 2614 2617 2617 2617 2616 2616 2616 2617 2617 2617 2614 2614 2614 2617 2617 2617 2616 2616 2616 2624 2624 2624 2623 2623 2623 2624 2624 2624 2616 2616 2616 2624 2624 2624 2623 2623 2623 2627 2627 2627 2644 2644 2644 2627 2627 2627 2623 2623 2623 2627 2627 2627 2644 2644 2644 2651 2651 2651 2639 2639 2639 2651 2651 2651 2644 2644 2644 2651 2651 2651 2639 2639 2639 2656 2656 2656 2646 2646 2646 2656 2656 2656 2639 2639 2639 2656 2656 2656 2646 2646 2646 2679 2679 2679 2645 2645 2645 2679 2679 2679 2646 2646 2646 2679 2679 2679 2645 2645 2645 2681 2681 2681 2650 2650 2650 2681 2681 2681 2645 2645 2645 2681 2681 2681 2650 2650 2650 2726 2726 2726 2649 2649 2649 2726 2726 2726 2650 2650 2650 2726 2726 2726 2649 2649 2649 2729 2729 2729 2456 2456 2456 2729 2729 2729 2649 2649 2649 2729 2729 2729 2456 2456 2456 2699 2699 2699 2457 2457 2457 2699 2699 2699 2456 2456 2456 2699 2699 2699 2457 2457 2457 2701 2701 2701 2458 2458 2458 2701 2701 2701 2457 2457 2457 2701 2701 2701 2458 2458 2458 2702 2702 2702 2459 2459 2459 2702 2702 2702 2458 2458 2458 2702 2702 2702 2459 2459 2459 1976 1976 1976 2460 2460 2460 1976 1976 1976 2459 2459 2459 1976 1976 1976 2460 2460 2460 1977 1977 1977 2967 2967 2967 1977 1977 1977 2460 2460 2460 1977 1977 1977 2967 2967 2967 3003 3003 3003 2969 2969 2969 3003 3003 3003 2967 2967 2967 3003 3003 3003 2969 2969 2969 3002 3002 3002 2970 2970 2970 3002 3002 3002 2969 2969 2969 3002 3002 3002 2970 2970 2970 2972 2972 2972 2971 2971 2971 2972 2972 2972 2970 2970 2970 2972 2972 2972 2971 2971 2971 2973 2973 2973 3039 3039 3039 3040 3040 3040 3041 3041 3041 3042 3042 3042 3041 3041 3041 3040 3040 3040 3041 3041 3041 3042 3042 3042 2391 2391 2391 3040 3040 3040 2391 2391 2391 3042 3042 3042 2391 2391 2391 3040 3040 3040 1981 1981 1981 2412 2412 2412 1981 1981 1981 3040 3040 3040 1981 1981 1981 2412 2412 2412 1982 1982 1982 2385 2385 2385 1982 1982 1982 2412 2412 2412 1982 1982 1982 2385 2385 2385 1984 1984 1984 2372 2372 2372 1984 1984 1984 2385 2385 2385 1984 1984 1984 2372 2372 2372 2394 2394 2394 2371 2371 2371 2394 2394 2394 2372 2372 2372 2394 2394 2394 2371 2371 2371 2358 2358 2358 2410 2410 2410 2358 2358 2358 2371 2371 2371 2358 2358 2358 2410 2410 2410 2360 2360 2360 2342 2342 2342 2360 2360 2360 2410 2410 2410 2360 2360 2360 2342 2342 2342 2362 2362 2362 2344 2344 2344 2362 2362 2362 2342 2342 2342 2362 2362 2362 2344 2344 2344 2364 2364 2364 2312 2312 2312 2364 2364 2364 2344 2344 2344 2364 2364 2364 2312 2312 2312 2365 2365 2365 2314 2314 2314 2365 2365 2365 2312 2312 2312 2365 2365 2365 2314 2314 2314 2366 2366 2366 2366 2366 2366 2003 2003 2003 2317 2317 2317 2005 2005 2005 2317 2317 2317 2003 2003 2003 2317 2317 2317 2005 2005 2005 2315 2315 2315 2311 2311 2311 2315 2315 2315 2005 2005 2005 2315 2315 2315 2311 2311 2311 2363 2363 2363 2354 2354 2354 2363 2363 2363 2311 2311 2311 2363 2363 2363 2354 2354 2354 2361 2361 2361 2370 2370 2370 2361 2361 2361 2354 2354 2354 2361 2361 2361 2370 2370 2370 2359 2359 2359 2384 2384 2384 2359 2359 2359 2370 2370 2370 2359 2359 2359 2384 2384 2384 2357 2357 2357 2382 2382 2382 2357 2357 2357 2384 2384 2384 2357 2357 2357 2382 2382 2382 2393 2393 2393 2381 2381 2381 2393 2393 2393 2382 2382 2382 2393 2393 2393 2381 2381 2381 2392 2392 2392 2713 2713 2713 2392 2392 2392 2381 2381 2381 2392 2392 2392 2713 2713 2713 2391 2391 2391 2712 2712 2712 2391 2391 2391 2713 2713 2713 2391 2391 2391 2712 2712 2712 3041 3041 3041 2711 2711 2711 3041 3041 3041 2712 2712 2712 3041 3041 3041 2711 2711 2711 3039 3039 3039 2403 2403 2403 3039 3039 3039 2711 2711 2711 3039 3039 3039 2403 2403 2403 3043 3043 3043 2146 2146 2146 2413 2413 2413 2148 2148 2148 1987 1987 1987 2148 2148 2148 2413 2413 2413 2148 2148 2148 1987 1987 1987 2150 2150 2150 1986 1986 1986 2150 2150 2150 1987 1987 1987 2150 2150 2150 1986 1986 1986 2152 2152 2152 2352 2352 2352 2152 2152 2152 1986 1986 1986 2152 2152 2152 2352 2352 2352 2154 2154 2154 2351 2351 2351 2154 2154 2154 2352 2352 2352 2154 2154 2154 2351 2351 2351 3034 3034 3034 2349 2349 2349 3034 3034 3034 2351 2351 2351 3034 3034 3034 2349 2349 2349 3033 3033 3033 2175 2175 2175 3033 3033 3033 2349 2349 2349 3033 3033 3033 2175 2175 2175 3031 3031 3031 2174 2174 2174 3031 3031 3031 2175 2175 2175 3031 3031 3031 2174 2174 2174 3029 3029 3029 2180 2180 2180 3029 3029 3029 2174 2174 2174 3029 3029 3029 2180 2180 2180 3027 3027 3027 2163 2163 2163 3027 3027 3027 2180 2180 2180 3027 3027 3027 2163 2163 2163 3025 3025 3025 2162 2162 2162 3025 3025 3025 2163 2163 2163 3025 3025 3025 2162 2162 2162 3023 3023 3023 2445 2445 2445 3023 3023 3023 2162 2162 2162 3023 3023 3023 2445 2445 2445 3021 3021 3021 2444 2444 2444 3021 3021 3021 2445 2445 2445 3021 3021 3021 2444 2444 2444 3019 3019 3019 2447 2447 2447 3019 3019 3019 2444 2444 2444 3019 3019 3019 2447 2447 2447 2722 2722 2722 2449 2449 2449 2722 2722 2722 2447 2447 2447 2722 2722 2722 2449 2449 2449 2723 2723 2723 2451 2451 2451 2723 2723 2723 2449 2449 2449 2723 2723 2723 2451 2451 2451 2724 2724 2724 2453 2453 2453 2724 2724 2724 2451 2451 2451 2724 2724 2724 2453 2453 2453 1942 1942 1942 2888 2888 2888 1942 1942 1942 2453 2453 2453 1942 1942 1942 2888 2888 2888 1940 1940 1940 2720 2720 2720 1940 1940 1940 2888 2888 2888 1940 1940 1940 2720 2720 2720 1943 1943 1943 3044 3044 3044 1943 1943 1943 2720 2720 2720 1943 1943 1943 3044 3044 3044 1938 1938 1938 3045 3045 3045 1938 1938 1938 3044 3044 3044 1938 1938 1938 3045 3045 3045 1939 1939 1939 2250 2250 2250 1939 1939 1939 3045 3045 3045 1939 1939 1939 2250 2250 2250 2883 2883 2883 2251 2251 2251 2883 2883 2883 2250 2250 2250 2883 2883 2883 2251 2251 2251 2244 2244 2244 2252 2252 2252 2244 2244 2244 2251 2251 2251 2244 2244 2244 2252 2252 2252 2821 2821 2821 2253 2253 2253 2821 2821 2821 2252 2252 2252 2821 2821 2821 2253 2253 2253 2183 2183 2183 2254 2254 2254 2183 2183 2183 2253 2253 2253 2183 2183 2183 2254 2254 2254 2181 2181 2181 2295 2295 2295 2181 2181 2181 2254 2254 2254 2181 2181 2181 2295 2295 2295 2009 2009 2009 2297 2297 2297 2009 2009 2009 2295 2295 2295 2009 2009 2009 2297 2297 2297 2010 2010 2010 2298 2298 2298 2010 2010 2010 2297 2297 2297 2010 2010 2010 2298 2298 2298 2255 2255 2255 2305 2305 2305 2255 2255 2255 2298 2298 2298 2255 2255 2255 2305 2305 2305 2256 2256 2256 2304 2304 2304 2256 2256 2256 2305 2305 2305 2256 2256 2256 2304 2304 2304 2257 2257 2257 2302 2302 2302 2257 2257 2257 2304 2304 2304 2257 2257 2257 2302 2302 2302 2258 2258 2258 2300 2300 2300 2258 2258 2258 2302 2302 2302 2258 2258 2258 2300 2300 2300 2259 2259 2259 2299 2299 2299 2259 2259 2259 2300 2300 2300 2259 2259 2259 2299 2299 2299 2313 2313 2313 2306 2306 2306 2313 2313 2313 2299 2299 2299 2313 2313 2313 2306 2306 2306 2314 2314 2314 2307 2307 2307 2314 2314 2314 2306 2306 2306 2314 2314 2314 2307 2307 2307 2366 2366 2366 2308 2308 2308 2366 2366 2366 2307 2307 2307 2366 2366 2366 2308 2308 2308 2003 2003 2003 2296 2296 2296 2003 2003 2003 2308 2308 2308 2003 2003 2003 2296 2296 2296 2004 2004 2004 2295 2295 2295 2004 2004 2004 2296 2296 2296 2004 2004 2004 2295 2295 2295 2309 2309 2309 2254 2254 2254 2309 2309 2309 2295 2295 2295 2309 2309 2309 2254 2254 2254 2346 2346 2346 2249 2249 2249 2346 2346 2346 2254 2254 2254 2346 2346 2346 2249 2249 2249 1991 1991 1991 2014 2014 2014 1991 1991 1991 2249 2249 2249 1991 1991 1991 2014 2014 2014 1992 1992 1992 2013 2013 2013 1992 1992 1992 2014 2014 2014 1992 1992 1992 2013 2013 2013 2714 2714 2714 2012 2012 2012 2714 2714 2714 2013 2013 2013 2714 2714 2714 2012 2012 2012 2715 2715 2715 2246 2246 2246 2715 2715 2715 2012 2012 2012 2715 2715 2715 2246 2246 2246 2716 2716 2716 2245 2245 2245 2716 2716 2716 2246 2246 2246 2716 2716 2716 2245 2245 2245 2717 2717 2717 2250 2250 2250 2717 2717 2717 2245 2245 2245 2717 2717 2717 2250 2250 2250 2718 2718 2718 3045 3045 3045 2718 2718 2718 2250 2250 2250 2718 2718 2718 3045 3045 3045 2719 2719 2719 3044 3044 3044 2719 2719 2719 3045 3045 3045 2719 2719 2719 3044 3044 3044 2720 2720 2720 3046 3046 3046 3047 3047 3047 3048 3048 3048 3049 3049 3049 3048 3048 3048 3047 3047 3047 3050 3050 3050 3051 3051 3051 3052 3052 3052 3053 3053 3053 3052 3052 3052 3051 3051 3051 3054 3054 3054 3055 3055 3055 3056 3056 3056 3057 3057 3057 3058 3058 3058 3059 3059 3059 3060 3060 3060 3061 3061 3061 3062 3062 3062 3060 3060 3060 3063 3063 3063 3064 3064 3064 3065 3065 3065 3066 3066 3066 3067 3067 3067 3068 3068 3068 3069 3069 3069 3070 3070 3070 3071 3071 3071 3072 3072 3072 3073 3073 3073 3074 3074 3074 3075 3075 3075 3076 3076 3076 3077 3077 3077 3078 3078 3078 3079 3079 3079 3080 3080 3080 3081 3081 3081 3082 3082 3082 3083 3083 3083 3084 3084 3084 3085 3085 3085 3086 3086 3086 3087 3087 3087 3088 3088 3088 3089 3089 3089 3090 3090 3090 3091 3091 3091 3092 3092 3092 3093 3093 3093 3094 3094 3094 3092 3092 3092 3094 3094 3094 3095 3095 3095 3096 3096 3096 3097 3097 3097 3094 3094 3094 3098 3098 3098 3099 3099 3099 3100 3100 3100 3101 3101 3101 3100 3100 3100 3099 3099 3099 3100 3100 3100 3101 3101 3101 3102 3102 3102 3103 3103 3103 3102 3102 3102 3101 3101 3101 3104 3104 3104 3105 3105 3105 3101 3101 3101 3106 3106 3106 3107 3107 3107 3093 3093 3093 3108 3108 3108 3109 3109 3109 3110 3110 3110 3110 3110 3110 3111 3111 3111 3108 3108 3108 3112 3112 3112 3108 3108 3108 3111 3111 3111 3108 3108 3108 3112 3112 3112 3113 3113 3113 3114 3114 3114 3113 3113 3113 3112 3112 3112 3113 3113 3113 3114 3114 3114 3091 3091 3091 3115 3115 3115 3091 3091 3091 3114 3114 3114 3091 3091 3091 3115 3115 3115 3116 3116 3116 3089 3089 3089 3091 3091 3091 3117 3117 3117 3118 3118 3118 3117 3117 3117 3119 3119 3119 3091 3091 3091 3119 3119 3119 3117 3117 3117 3119 3119 3119 3091 3091 3091 3120 3120 3120 3116 3116 3116 3120 3120 3120 3091 3091 3091 3121 3121 3121 3122 3122 3122 3123 3123 3123 3123 3123 3123 3124 3124 3124 3121 3121 3121 3125 3125 3125 3121 3121 3121 3124 3124 3124 3121 3121 3121 3125 3125 3125 3126 3126 3126 3127 3127 3127 3126 3126 3126 3125 3125 3125 3128 3128 3128 3129 3129 3129 3130 3130 3130 3131 3131 3131 3130 3130 3130 3129 3129 3129 3130 3130 3130 3131 3131 3131 3132 3132 3132 3133 3133 3133 3134 3134 3134 3135 3135 3135 3136 3136 3136 3135 3135 3135 3134 3134 3134 3137 3137 3137 3138 3138 3138 3139 3139 3139 3140 3140 3140 3139 3139 3139 3138 3138 3138 3140 3140 3140 3141 3141 3141 3139 3139 3139 3142 3142 3142 3139 3139 3139 3141 3141 3141 3139 3139 3139 3142 3142 3142 3143 3143 3143 3144 3144 3144 3143 3143 3143 3142 3142 3142 3143 3143 3143 3144 3144 3144 3145 3145 3145 3145 3145 3145 3146 3146 3146 3143 3143 3143 3147 3147 3147 3143 3143 3143 3146 3146 3146 3143 3143 3143 3147 3147 3147 3148 3148 3148 3148 3148 3148 3149 3149 3149 3143 3143 3143 3150 3150 3150 3143 3143 3143 3149 3149 3149 3143 3143 3143 3150 3150 3150 3151 3151 3151 3152 3152 3152 3151 3151 3151 3150 3150 3150 3151 3151 3151 3152 3152 3152 3153 3153 3153 3154 3154 3154 3155 3155 3155 3156 3156 3156 3157 3157 3157 3156 3156 3156 3155 3155 3155 3156 3156 3156 3157 3157 3157 3137 3137 3137 3137 3137 3137 3139 3139 3139 3156 3156 3156 3158 3158 3158 3156 3156 3156 3139 3139 3139 3156 3156 3156 3158 3158 3158 3159 3159 3159 3160 3160 3160 3159 3159 3159 3158 3158 3158 3159 3159 3159 3160 3160 3160 3143 3143 3143 3161 3161 3161 3143 3143 3143 3160 3160 3160 3143 3143 3143 3161 3161 3161 3139 3139 3139 3162 3162 3162 3139 3139 3139 3161 3161 3161 3139 3139 3139 3162 3162 3162 3158 3158 3158 3163 3163 3163 3164 3164 3164 3165 3165 3165 3166 3166 3166 3165 3165 3165 3164 3164 3164 3165 3165 3165 3166 3166 3166 3167 3167 3167 3163 3163 3163 3168 3168 3168 3164 3164 3164 3169 3169 3169 3164 3164 3164 3168 3168 3168 3164 3164 3164 3169 3169 3169 3170 3170 3170 3171 3171 3171 3170 3170 3170 3169 3169 3169 3170 3170 3170 3171 3171 3171 3172 3172 3172 3172 3172 3172 3173 3173 3173 3170 3170 3170 3174 3174 3174 3170 3170 3170 3173 3173 3173 3170 3170 3170 3174 3174 3174 3175 3175 3175 3176 3176 3176 3175 3175 3175 3174 3174 3174 3175 3175 3175 3176 3176 3176 3177 3177 3177 3178 3178 3178 3179 3179 3179 3180 3180 3180 3181 3181 3181 3182 3182 3182 3183 3183 3183 3184 3184 3184 3183 3183 3183 3182 3182 3182 3180 3180 3180 3183 3183 3183 3185 3185 3185 3186 3186 3186 3185 3185 3185 3183 3183 3183 3185 3185 3185 3186 3186 3186 3187 3187 3187 3188 3188 3188 3187 3187 3187 3186 3186 3186 3184 3184 3184 3189 3189 3189 3183 3183 3183 3190 3190 3190 3183 3183 3183 3189 3189 3189 3183 3183 3183 3190 3190 3190 3186 3186 3186 3191 3191 3191 3186 3186 3186 3190 3190 3190 3186 3186 3186 3191 3191 3191 3188 3188 3188 3192 3192 3192 3188 3188 3188 3191 3191 3191 3188 3188 3188 3192 3192 3192 3193 3193 3193 3176 3176 3176 3179 3179 3179 3177 3177 3177 3178 3178 3178 3177 3177 3177 3179 3179 3179 3177 3177 3177 3178 3178 3178 3175 3175 3175 3194 3194 3194 3175 3175 3175 3178 3178 3178 3175 3175 3175 3194 3194 3194 3195 3195 3195 3196 3196 3196 3195 3195 3195 3194 3194 3194 3195 3195 3195 3196 3196 3196 3197 3197 3197 3198 3198 3198 3081 3081 3081 3199 3199 3199 3080 3080 3080 3199 3199 3199 3081 3081 3081 3199 3199 3199 3080 3080 3080 3200 3200 3200 3201 3201 3201 3200 3200 3200 3080 3080 3080 3180 3180 3180 3185 3185 3185 3178 3178 3178 3187 3187 3187 3178 3178 3178 3185 3185 3185 3178 3178 3178 3187 3187 3187 3194 3194 3194 3188 3188 3188 3194 3194 3194 3187 3187 3187 3194 3194 3194 3188 3188 3188 3196 3196 3196 3193 3193 3193 3196 3196 3196 3188 3188 3188 3196 3196 3196 3193 3193 3193 3197 3197 3197 3078 3078 3078 3202 3202 3202 3079 3079 3079 3203 3203 3203 3079 3079 3079 3202 3202 3202 3079 3079 3079 3203 3203 3203 3204 3204 3204 3205 3205 3205 3204 3204 3204 3203 3203 3203 3204 3204 3204 3205 3205 3205 3201 3201 3201 3082 3082 3082 3206 3206 3206 3207 3207 3207 3201 3201 3201 3080 3080 3080 3204 3204 3204 3082 3082 3082 3204 3204 3204 3080 3080 3080 3204 3204 3204 3082 3082 3082 3079 3079 3079 3207 3207 3207 3079 3079 3079 3082 3082 3082 3079 3079 3079 3207 3207 3207 3077 3077 3077 3208 3208 3208 3209 3209 3209 3210 3210 3210 3211 3211 3211 3210 3210 3210 3209 3209 3209 3206 3206 3206 3082 3082 3082 3212 3212 3212 3081 3081 3081 3212 3212 3212 3082 3082 3082 3212 3212 3212 3081 3081 3081 3213 3213 3213 3198 3198 3198 3213 3213 3213 3081 3081 3081 3213 3213 3213 3198 3198 3198 3214 3214 3214 3215 3215 3215 3216 3216 3216 3217 3217 3217 3218 3218 3218 3217 3217 3217 3216 3216 3216 3217 3217 3217 3218 3218 3218 3219 3219 3219 3219 3219 3219 3220 3220 3220 3217 3217 3217 3221 3221 3221 3217 3217 3217 3220 3220 3220 3217 3217 3217 3221 3221 3221 3215 3215 3215 3222 3222 3222 3215 3215 3215 3221 3221 3221 3215 3215 3215 3222 3222 3222 3223 3223 3223 3151 3151 3151 3224 3224 3224 3143 3143 3143 3225 3225 3225 3143 3143 3143 3224 3224 3224 3143 3143 3143 3225 3225 3225 3159 3159 3159 3226 3226 3226 3159 3159 3159 3225 3225 3225 3159 3159 3159 3226 3226 3226 3156 3156 3156 3088 3088 3088 3156 3156 3156 3226 3226 3226 3156 3156 3156 3088 3088 3088 3154 3154 3154 3087 3087 3087 3154 3154 3154 3088 3088 3088 3119 3119 3119 3227 3227 3227 3118 3118 3118 3228 3228 3228 3118 3118 3118 3227 3227 3227 3118 3118 3118 3228 3228 3228 3117 3117 3117 3229 3229 3229 3117 3117 3117 3228 3228 3228 3117 3117 3117 3229 3229 3229 3089 3089 3089 3230 3230 3230 3089 3089 3089 3229 3229 3229 3089 3089 3089 3230 3230 3230 3090 3090 3090 3231 3231 3231 3090 3090 3090 3230 3230 3230 3090 3090 3090 3231 3231 3231 3091 3091 3091 3232 3232 3232 3091 3091 3091 3231 3231 3231 3091 3091 3091 3232 3232 3232 3094 3094 3094 3074 3074 3074 3094 3094 3094 3232 3232 3232 3230 3230 3230 3087 3087 3087 3231 3231 3231 3086 3086 3086 3231 3231 3231 3087 3087 3087 3231 3231 3231 3086 3086 3086 3232 3232 3232 3088 3088 3088 3232 3232 3232 3086 3086 3086 3232 3232 3232 3088 3088 3088 3074 3074 3074 3226 3226 3226 3074 3074 3074 3088 3088 3088 3074 3074 3074 3226 3226 3226 3075 3075 3075 3225 3225 3225 3075 3075 3075 3226 3226 3226 3233 3233 3233 3234 3234 3234 3235 3235 3235 3236 3236 3236 3235 3235 3235 3234 3234 3234 3235 3235 3235 3236 3236 3236 3237 3237 3237 3238 3238 3238 3237 3237 3237 3236 3236 3236 3237 3237 3237 3238 3238 3238 3239 3239 3239 3240 3240 3240 3239 3239 3239 3238 3238 3238 3239 3239 3239 3240 3240 3240 3241 3241 3241 3242 3242 3242 3241 3241 3241 3240 3240 3240 3071 3071 3071 3073 3073 3073 3243 3243 3243 3244 3244 3244 3240 3240 3240 3245 3245 3245 3238 3238 3238 3245 3245 3245 3240 3240 3240 3245 3245 3245 3238 3238 3238 3246 3246 3246 3236 3236 3236 3246 3246 3246 3238 3238 3238 3246 3246 3246 3236 3236 3236 3247 3247 3247 3234 3234 3234 3247 3247 3247 3236 3236 3236 3248 3248 3248 3249 3249 3249 3250 3250 3250 3251 3251 3251 3250 3250 3250 3249 3249 3249 3153 3153 3153 3218 3218 3218 3151 3151 3151 3216 3216 3216 3151 3151 3151 3218 3218 3218 3151 3151 3151 3216 3216 3216 3224 3224 3224 3215 3215 3215 3224 3224 3224 3216 3216 3216 3224 3224 3224 3215 3215 3215 3225 3225 3225 3223 3223 3223 3225 3225 3225 3215 3215 3215 3225 3225 3225 3223 3223 3223 3075 3075 3075 3249 3249 3249 3075 3075 3075 3223 3223 3223 3075 3075 3075 3249 3249 3249 3076 3076 3076 3248 3248 3248 3076 3076 3076 3249 3249 3249 3248 3248 3248 3252 3252 3252 3076 3076 3076 3253 3253 3253 3076 3076 3076 3252 3252 3252 3076 3076 3076 3253 3253 3253 3254 3254 3254 3254 3254 3254 3098 3098 3098 3076 3076 3076 3100 3100 3100 3076 3076 3076 3098 3098 3098 3076 3076 3076 3100 3100 3100 3074 3074 3074 3102 3102 3102 3074 3074 3074 3100 3100 3100 3074 3074 3074 3102 3102 3102 3094 3094 3094 3103 3103 3103 3094 3094 3094 3102 3102 3102 3094 3094 3094 3103 3103 3103 3096 3096 3096 3101 3101 3101 3096 3096 3096 3103 3103 3103 3096 3096 3096 3101 3101 3101 3097 3097 3097 3105 3105 3105 3097 3097 3097 3101 3101 3101 3097 3097 3097 3105 3105 3105 3094 3094 3094 3104 3104 3104 3094 3094 3094 3105 3105 3105 3094 3094 3094 3104 3104 3104 3095 3095 3095 3101 3101 3101 3095 3095 3095 3104 3104 3104 3095 3095 3095 3101 3101 3101 3092 3092 3092 3113 3113 3113 3092 3092 3092 3101 3101 3101 3092 3092 3092 3113 3113 3113 3093 3093 3093 3091 3091 3091 3093 3093 3093 3113 3113 3113 3093 3093 3093 3091 3091 3091 3106 3106 3106 3094 3094 3094 3106 3106 3106 3091 3091 3091 3242 3242 3242 3240 3240 3240 3255 3255 3255 3244 3244 3244 3255 3255 3255 3240 3240 3240 3255 3255 3255 3244 3244 3244 3256 3256 3256 3257 3257 3257 3256 3256 3256 3244 3244 3244 3256 3256 3256 3257 3257 3257 3258 3258 3258 3220 3220 3220 3241 3241 3241 3221 3221 3221 3242 3242 3242 3221 3221 3221 3241 3241 3241 3221 3221 3221 3242 3242 3242 3222 3222 3222 3255 3255 3255 3222 3222 3222 3242 3242 3242 3222 3222 3222 3255 3255 3255 3223 3223 3223 3256 3256 3256 3223 3223 3223 3255 3255 3255 3223 3223 3223 3256 3256 3256 3249 3249 3249 3258 3258 3258 3249 3249 3249 3256 3256 3256 3249 3249 3249 3258 3258 3258 3251 3251 3251 3243 3243 3243 3259 3259 3259 3260 3260 3260 3260 3260 3260 3261 3261 3261 3243 3243 3243 3247 3247 3247 3243 3243 3243 3261 3261 3261 3243 3243 3243 3247 3247 3247 3071 3071 3071 3234 3234 3234 3071 3071 3071 3247 3247 3247 3071 3071 3071 3234 3234 3234 3072 3072 3072 3233 3233 3233 3072 3072 3072 3234 3234 3234 3262 3262 3262 3263 3263 3263 3070 3070 3070 3264 3264 3264 3070 3070 3070 3263 3263 3263 3265 3265 3265 3266 3266 3266 3267 3267 3267 3265 3265 3265 3267 3267 3267 3263 3263 3263 3268 3268 3268 3263 3263 3263 3267 3267 3267 3263 3263 3263 3268 3268 3268 3264 3264 3264 3269 3269 3269 3264 3264 3264 3268 3268 3268 3264 3264 3264 3269 3269 3269 3070 3070 3070 3270 3270 3270 3070 3070 3070 3269 3269 3269 3070 3070 3070 3270 3270 3270 3068 3068 3068 3261 3261 3261 3271 3271 3271 3247 3247 3247 3272 3272 3272 3247 3247 3247 3271 3271 3271 3247 3247 3247 3272 3272 3272 3246 3246 3246 3273 3273 3273 3246 3246 3246 3272 3272 3272 3246 3246 3246 3273 3273 3273 3245 3245 3245 3274 3274 3274 3245 3245 3245 3273 3273 3273 3245 3245 3245 3274 3274 3274 3244 3244 3244 3275 3275 3275 3244 3244 3244 3274 3274 3274 3244 3244 3244 3275 3275 3275 3257 3257 3257 3078 3078 3078 3276 3276 3276 3202 3202 3202 3277 3277 3277 3202 3202 3202 3276 3276 3276 3202 3202 3202 3277 3277 3277 3278 3278 3278 3265 3265 3265 3278 3278 3278 3277 3277 3277 3278 3278 3278 3265 3265 3265 3279 3279 3279 3263 3263 3263 3279 3279 3279 3265 3265 3265 3279 3279 3279 3263 3263 3263 3073 3073 3073 3262 3262 3262 3073 3073 3073 3263 3263 3263 3073 3073 3073 3262 3262 3262 3243 3243 3243 3070 3070 3070 3243 3243 3243 3262 3262 3262 3243 3243 3243 3070 3070 3070 3259 3259 3259 3069 3069 3069 3259 3259 3259 3070 3070 3070 3280 3280 3280 3281 3281 3281 3282 3282 3282 3280 3280 3280 3282 3282 3282 3283 3283 3283 3130 3130 3130 3283 3283 3283 3282 3282 3282 3283 3283 3283 3130 3130 3130 3121 3121 3121 3132 3132 3132 3121 3121 3121 3130 3130 3130 3121 3121 3121 3132 3132 3132 3122 3122 3122 3284 3284 3284 3285 3285 3285 3286 3286 3286 3282 3282 3282 3286 3286 3286 3285 3285 3285 3286 3286 3286 3282 3282 3282 3287 3287 3287 3281 3281 3281 3287 3287 3287 3282 3282 3282 3284 3284 3284 3288 3288 3288 3285 3285 3285 3289 3289 3289 3285 3285 3285 3288 3288 3288 3285 3285 3285 3289 3289 3289 3290 3290 3290 3291 3291 3291 3290 3290 3290 3289 3289 3289 3290 3290 3290 3291 3291 3291 3292 3292 3292 3293 3293 3293 3294 3294 3294 3295 3295 3295 3296 3296 3296 3295 3295 3295 3294 3294 3294 3295 3295 3295 3296 3296 3296 3297 3297 3297 3135 3135 3135 3297 3297 3297 3296 3296 3296 3297 3297 3297 3135 3135 3135 3298 3298 3298 3136 3136 3136 3298 3298 3298 3135 3135 3135 3298 3298 3298 3136 3136 3136 3128 3128 3128 3292 3292 3292 3299 3299 3299 3290 3290 3290 3300 3300 3300 3290 3290 3290 3299 3299 3299 3290 3290 3290 3300 3300 3300 3301 3301 3301 3128 3128 3128 3130 3130 3130 3298 3298 3298 3282 3282 3282 3298 3298 3298 3130 3130 3130 3298 3298 3298 3282 3282 3282 3297 3297 3297 3285 3285 3285 3297 3297 3297 3282 3282 3282 3297 3297 3297 3285 3285 3285 3295 3295 3295 3290 3290 3290 3295 3295 3295 3285 3285 3285 3295 3295 3295 3290 3290 3290 3293 3293 3293 3301 3301 3301 3293 3293 3293 3290 3290 3290 3293 3293 3293 3301 3301 3301 3302 3302 3302 3303 3303 3303 3302 3302 3302 3301 3301 3301 3302 3302 3302 3303 3303 3303 3304 3304 3304 3305 3305 3305 3133 3133 3133 3306 3306 3306 3135 3135 3135 3306 3306 3306 3133 3133 3133 3306 3306 3306 3135 3135 3135 3307 3307 3307 3296 3296 3296 3307 3307 3307 3135 3135 3135 3307 3307 3307 3296 3296 3296 3308 3308 3308 3294 3294 3294 3308 3308 3308 3296 3296 3296 3308 3308 3308 3294 3294 3294 3309 3309 3309 3293 3293 3293 3309 3309 3309 3294 3294 3294 3309 3309 3309 3293 3293 3293 3310 3310 3310 3302 3302 3302 3310 3310 3310 3293 3293 3293 3063 3063 3063 3060 3060 3060 3311 3311 3311 3062 3062 3062 3311 3311 3311 3060 3060 3060 3311 3311 3311 3062 3062 3062 3312 3312 3312 3063 3063 3063 3066 3066 3066 3064 3064 3064 3065 3065 3065 3064 3064 3064 3066 3066 3066 3064 3064 3064 3065 3065 3065 3313 3313 3313 3314 3314 3314 3305 3305 3305 3315 3315 3315 3306 3306 3306 3315 3315 3315 3305 3305 3305 3315 3315 3315 3306 3306 3306 3316 3316 3316 3307 3307 3307 3316 3316 3316 3306 3306 3306 3316 3316 3316 3307 3307 3307 3317 3317 3317 3308 3308 3308 3317 3317 3317 3307 3307 3307 3317 3317 3317 3308 3308 3308 3312 3312 3312 3309 3309 3309 3312 3312 3312 3308 3308 3308 3312 3312 3312 3309 3309 3309 3311 3311 3311 3310 3310 3310 3311 3311 3311 3309 3309 3309 3311 3311 3311 3310 3310 3310 3063 3063 3063 3302 3302 3302 3063 3063 3063 3310 3310 3310 3063 3063 3063 3302 3302 3302 3066 3066 3066 3304 3304 3304 3066 3066 3066 3302 3302 3302 3066 3066 3066 3304 3304 3304 3067 3067 3067 3318 3318 3318 3319 3319 3319 3054 3054 3054 3319 3319 3319 3320 3320 3320 3054 3054 3054 3321 3321 3321 3054 3054 3054 3320 3320 3320 3054 3054 3054 3321 3321 3321 3055 3055 3055 3322 3322 3322 3318 3318 3318 3323 3323 3323 3054 3054 3054 3323 3323 3323 3318 3318 3318 3323 3323 3323 3054 3054 3054 3324 3324 3324 3056 3056 3056 3324 3324 3324 3054 3054 3054 3061 3061 3061 3060 3060 3060 3325 3325 3325 3064 3064 3064 3325 3325 3325 3060 3060 3060 3325 3325 3325 3064 3064 3064 3326 3326 3326 3313 3313 3313 3326 3326 3326 3064 3064 3064 3326 3326 3326 3313 3313 3313 3327 3327 3327 3328 3328 3328 3329 3329 3329 3330 3330 3330 3331 3331 3331 3330 3330 3330 3329 3329 3329 3330 3330 3330 3332 3332 3332 3328 3328 3328 3059 3059 3059 3328 3328 3328 3332 3332 3332 3328 3328 3328 3059 3059 3059 3333 3333 3333 3058 3058 3058 3333 3333 3333 3059 3059 3059 3334 3334 3334 3208 3208 3208 3335 3335 3335 3210 3210 3210 3335 3335 3335 3208 3208 3208 3335 3335 3335 3210 3210 3210 3336 3336 3336 3337 3337 3337 3336 3336 3336 3210 3210 3210 3336 3336 3336 3337 3337 3337 3197 3197 3197 3338 3338 3338 3197 3197 3197 3337 3337 3337 3197 3197 3197 3338 3338 3338 3195 3195 3195 3339 3339 3339 3195 3195 3195 3338 3338 3338 3195 3195 3195 3339 3339 3339 3175 3175 3175 3340 3340 3340 3175 3175 3175 3339 3339 3339 3175 3175 3175 3340 3340 3340 3170 3170 3170 3341 3341 3341 3170 3170 3170 3340 3340 3340 3170 3170 3170 3341 3341 3341 3164 3164 3164 3342 3342 3342 3164 3164 3164 3341 3341 3341 3164 3164 3164 3342 3342 3342 3166 3166 3166 3343 3343 3343 3166 3166 3166 3342 3342 3342 3166 3166 3166 3343 3343 3343 3330 3330 3330 3344 3344 3344 3330 3330 3330 3343 3343 3343 3330 3330 3330 3344 3344 3344 3332 3332 3332 3331 3331 3331 3345 3345 3345 3330 3330 3330 3346 3346 3346 3330 3330 3330 3345 3345 3345 3330 3330 3330 3346 3346 3346 3166 3166 3166 3347 3347 3347 3166 3166 3166 3346 3346 3346 3166 3166 3166 3347 3347 3347 3167 3167 3167 3320 3320 3320 3057 3057 3057 3321 3321 3321 3059 3059 3059 3321 3321 3321 3057 3057 3057 3321 3321 3321 3059 3059 3059 3055 3055 3055 3332 3332 3332 3055 3055 3055 3059 3059 3059 3055 3055 3055 3332 3332 3332 3056 3056 3056 3344 3344 3344 3056 3056 3056 3332 3332 3332 3056 3056 3056 3344 3344 3344 3348 3348 3348 3343 3343 3343 3348 3348 3348 3344 3344 3344 3348 3348 3348 3343 3343 3343 3349 3349 3349 3342 3342 3342 3349 3349 3349 3343 3343 3343 3349 3349 3349 3342 3342 3342 3350 3350 3350 3341 3341 3341 3350 3350 3350 3342 3342 3342 3350 3350 3350 3341 3341 3341 3351 3351 3351 3340 3340 3340 3351 3351 3351 3341 3341 3341 3351 3351 3351 3340 3340 3340 3352 3352 3352 3339 3339 3339 3352 3352 3352 3340 3340 3340 3352 3352 3352 3339 3339 3339 3353 3353 3353 3338 3338 3338 3353 3353 3353 3339 3339 3339 3353 3353 3353 3338 3338 3338 3354 3354 3354 3337 3337 3337 3354 3354 3354 3338 3338 3338 3354 3354 3354 3337 3337 3337 3355 3355 3355 3210 3210 3210 3355 3355 3355 3337 3337 3337 3355 3355 3355 3210 3210 3210 3356 3356 3356 3211 3211 3211 3356 3356 3356 3210 3210 3210 3357 3357 3357 3314 3314 3314 3358 3358 3358 3315 3315 3315 3358 3358 3358 3314 3314 3314 3358 3358 3358 3315 3315 3315 3359 3359 3359 3316 3316 3316 3359 3359 3359 3315 3315 3315 3359 3359 3359 3316 3316 3316 3360 3360 3360 3317 3317 3317 3360 3360 3360 3316 3316 3316 3360 3360 3360 3317 3317 3317 3361 3361 3361 3312 3312 3312 3361 3361 3361 3317 3317 3317 3361 3361 3361 3312 3312 3312 3362 3362 3362 3062 3062 3062 3362 3362 3362 3312 3312 3312 3362 3362 3362 3062 3062 3062 3363 3363 3363 3061 3061 3061 3363 3363 3363 3062 3062 3062 3363 3363 3363 3061 3061 3061 3364 3364 3364 3325 3325 3325 3364 3364 3364 3061 3061 3061 3364 3364 3364 3325 3325 3325 3365 3365 3365 3326 3326 3326 3365 3365 3365 3325 3325 3325 3365 3365 3365 3326 3326 3326 3366 3366 3366 3327 3327 3327 3366 3366 3366 3326 3326 3326 3084 3084 3084 3083 3083 3083 3367 3367 3367 3368 3368 3368 3367 3367 3367 3083 3083 3083 3367 3367 3367 3368 3368 3368 3369 3369 3369 3370 3370 3370 3369 3369 3369 3368 3368 3368 3369 3369 3369 3370 3370 3370 3327 3327 3327 3371 3371 3371 3327 3327 3327 3370 3370 3370 3327 3327 3327 3371 3371 3371 3366 3366 3366 3351 3351 3351 3085 3085 3085 3350 3350 3350 3084 3084 3084 3350 3350 3350 3085 3085 3085 3350 3350 3350 3084 3084 3084 3349 3349 3349 3367 3367 3367 3349 3349 3349 3084 3084 3084 3349 3349 3349 3367 3367 3367 3348 3348 3348 3369 3369 3369 3348 3348 3348 3367 3367 3367 3348 3348 3348 3369 3369 3369 3056 3056 3056 3327 3327 3327 3056 3056 3056 3369 3369 3369 3056 3056 3056 3327 3327 3327 3324 3324 3324 3313 3313 3313 3324 3324 3324 3327 3327 3327 3324 3324 3324 3313 3313 3313 3323 3323 3323 3065 3065 3065 3323 3323 3323 3313 3313 3313 3323 3323 3323 3065 3065 3065 3322 3322 3322 3067 3067 3067 3322 3322 3322 3065 3065 3065 3372 3372 3372 3373 3373 3373 3335 3335 3335 3374 3374 3374 3335 3335 3335 3373 3373 3373 3335 3335 3335 3374 3374 3374 3334 3334 3334 3193 3193 3193 3375 3375 3375 3197 3197 3197 3376 3376 3376 3197 3197 3197 3375 3375 3375 3197 3197 3197 3376 3376 3376 3336 3336 3336 3377 3377 3377 3336 3336 3336 3376 3376 3376 3336 3336 3336 3377 3377 3377 3335 3335 3335 3378 3378 3378 3335 3335 3335 3377 3377 3377 3335 3335 3335 3378 3378 3378 3372 3372 3372 3276 3276 3276 3379 3379 3379 3277 3277 3277 3380 3380 3380 3277 3277 3277 3379 3379 3379 3277 3277 3277 3380 3380 3380 3265 3265 3265 3381 3381 3381 3265 3265 3265 3380 3380 3380 3265 3265 3265 3381 3381 3381 3266 3266 3266 3356 3356 3356 3214 3214 3214 3355 3355 3355 3198 3198 3198 3355 3355 3355 3214 3214 3214 3355 3355 3355 3198 3198 3198 3354 3354 3354 3199 3199 3199 3354 3354 3354 3198 3198 3198 3354 3354 3354 3199 3199 3199 3353 3353 3353 3200 3200 3200 3353 3353 3353 3199 3199 3199 3353 3353 3353 3200 3200 3200 3352 3352 3352 3201 3201 3201 3352 3352 3352 3200 3200 3200 3352 3352 3352 3201 3201 3201 3351 3351 3351 3205 3205 3205 3351 3351 3351 3201 3201 3201 3351 3351 3351 3205 3205 3205 3085 3085 3085 3203 3203 3203 3085 3085 3085 3205 3205 3205 3085 3085 3085 3203 3203 3203 3083 3083 3083 3202 3202 3202 3083 3083 3083 3203 3203 3203 3083 3083 3083 3202 3202 3202 3368 3368 3368 3278 3278 3278 3368 3368 3368 3202 3202 3202 3368 3368 3368 3278 3278 3278 3370 3370 3370 3279 3279 3279 3370 3370 3370 3278 3278 3278 3370 3370 3370 3279 3279 3279 3371 3371 3371 3073 3073 3073 3371 3371 3371 3279 3279 3279 3371 3371 3371 3073 3073 3073 3366 3366 3366 3072 3072 3072 3366 3366 3366 3073 3073 3073 3366 3366 3366 3072 3072 3072 3365 3365 3365 3233 3233 3233 3365 3365 3365 3072 3072 3072 3365 3365 3365 3233 3233 3233 3364 3364 3364 3235 3235 3235 3364 3364 3364 3233 3233 3233 3364 3364 3364 3235 3235 3235 3363 3363 3363 3237 3237 3237 3363 3363 3363 3235 3235 3235 3363 3363 3363 3237 3237 3237 3362 3362 3362 3239 3239 3239 3362 3362 3362 3237 3237 3237 3362 3362 3362 3239 3239 3239 3361 3361 3361 3241 3241 3241 3361 3361 3361 3239 3239 3239 3361 3361 3361 3241 3241 3241 3360 3360 3360 3220 3220 3220 3360 3360 3360 3241 3241 3241 3360 3360 3360 3220 3220 3220 3359 3359 3359 3219 3219 3219 3359 3359 3359 3220 3220 3220 3359 3359 3359 3219 3219 3219 3358 3358 3358 3218 3218 3218 3358 3358 3358 3219 3219 3219 3358 3358 3358 3218 3218 3218 3357 3357 3357 3153 3153 3153 3357 3357 3357 3218 3218 3218 3382 3382 3382 3383 3383 3383 3384 3384 3384 3385 3385 3385 3386 3386 3386 3387 3387 3387 3388 3388 3388 3389 3389 3389 3387 3387 3387 3390 3390 3390 3387 3387 3387 3389 3389 3389 3387 3387 3387 3390 3390 3390 3385 3385 3385 3386 3386 3386 3391 3391 3391 3387 3387 3387 3392 3392 3392 3387 3387 3387 3391 3391 3391 3387 3387 3387 3392 3392 3392 3393 3393 3393 3394 3394 3394 3393 3393 3393 3392 3392 3392 3393 3393 3393 3394 3394 3394 3395 3395 3395 3396 3396 3396 3397 3397 3397 3398 3398 3398 3399 3399 3399 3398 3398 3398 3397 3397 3397 3398 3398 3398 3399 3399 3399 3394 3394 3394 3400 3400 3400 3394 3394 3394 3399 3399 3399 3394 3394 3394 3400 3400 3400 3395 3395 3395 3396 3396 3396 3401 3401 3401 3397 3397 3397 3402 3402 3402 3397 3397 3397 3401 3401 3401 3397 3397 3397 3402 3402 3402 3403 3403 3403 3404 3404 3404 3405 3405 3405 3406 3406 3406 3407 3407 3407 3406 3406 3406 3405 3405 3405 3406 3406 3406 3407 3407 3407 3408 3408 3408 3409 3409 3409 3408 3408 3408 3407 3407 3407 3408 3408 3408 3409 3409 3409 3410 3410 3410 3411 3411 3411 3410 3410 3410 3409 3409 3409 3410 3410 3410 3411 3411 3411 3412 3412 3412 3404 3404 3404 3413 3413 3413 3405 3405 3405 3414 3414 3414 3405 3405 3405 3413 3413 3413 3405 3405 3405 3414 3414 3414 3415 3415 3415 3415 3415 3415 3416 3416 3416 3405 3405 3405 3417 3417 3417 3405 3405 3405 3416 3416 3416 3405 3405 3405 3417 3417 3417 3418 3418 3418 3419 3419 3419 3420 3420 3420 3421 3421 3421 3422 3422 3422 3421 3421 3421 3420 3420 3420 3418 3418 3418 3423 3423 3423 3421 3421 3421 3424 3424 3424 3421 3421 3421 3423 3423 3423 3421 3421 3421 3424 3424 3424 3419 3419 3419 3422 3422 3422 3425 3425 3425 3421 3421 3421 3426 3426 3426 3421 3421 3421 3425 3425 3425 3421 3421 3421 3426 3426 3426 3427 3427 3427 3428 3428 3428 3418 3418 3418 3429 3429 3429 3421 3421 3421 3429 3429 3429 3418 3418 3418 3429 3429 3429 3421 3421 3421 3430 3430 3430 3427 3427 3427 3430 3430 3430 3421 3421 3421 3428 3428 3428 3431 3431 3431 3418 3418 3418 3432 3432 3432 3418 3418 3418 3431 3431 3431 3418 3418 3418 3432 3432 3432 3433 3433 3433 3403 3403 3403 3405 3405 3405 3397 3397 3397 3418 3418 3418 3397 3397 3397 3405 3405 3405 3397 3397 3397 3418 3418 3418 3434 3434 3434 3433 3433 3433 3434 3434 3434 3418 3418 3418 3435 3435 3435 3436 3436 3436 3437 3437 3437 3438 3438 3438 3439 3439 3439 3435 3435 3435 3439 3439 3439 3438 3438 3438 3440 3440 3440 3441 3441 3441 3440 3440 3440 3438 3438 3438 3440 3440 3440 3441 3441 3441 3442 3442 3442 3443 3443 3443 3442 3442 3442 3441 3441 3441 3442 3442 3442 3443 3443 3443 3444 3444 3444 3422 3422 3422 3440 3440 3440 3425 3425 3425 3442 3442 3442 3425 3425 3425 3440 3440 3440 3425 3425 3425 3442 3442 3442 3445 3445 3445 3444 3444 3444 3445 3445 3445 3442 3442 3442 3384 3384 3384 3383 3383 3383 3446 3446 3446 3447 3447 3447 3448 3448 3448 3449 3449 3449 3450 3450 3450 3447 3447 3447 3451 3451 3451 3449 3449 3449 3451 3451 3451 3447 3447 3447 3451 3451 3451 3449 3449 3449 3452 3452 3452 3435 3435 3435 3437 3437 3437 3438 3438 3438 3453 3453 3453 3438 3438 3438 3437 3437 3437 3438 3438 3438 3453 3453 3453 3384 3384 3384 3454 3454 3454 3384 3384 3384 3453 3453 3453 3384 3384 3384 3454 3454 3454 3382 3382 3382 3448 3448 3448 3446 3446 3446 3449 3449 3449 3383 3383 3383 3449 3449 3449 3446 3446 3446 3449 3449 3449 3383 3383 3383 3455 3455 3455 3456 3456 3456 3455 3455 3455 3383 3383 3383 3455 3455 3455 3456 3456 3456 3457 3457 3457 3458 3458 3458 3457 3457 3457 3456 3456 3456 3457 3457 3457 3458 3458 3458 3459 3459 3459 3460 3460 3460 3459 3459 3459 3458 3458 3458 3461 3461 3461 3462 3462 3462 3463 3463 3463 3464 3464 3464 3463 3463 3463 3462 3462 3462 3465 3465 3465 3466 3466 3466 3467 3467 3467 3468 3468 3468 3467 3467 3467 3466 3466 3466 3467 3467 3467 3468 3468 3468 3462 3462 3462 3469 3469 3469 3462 3462 3462 3468 3468 3468 3462 3462 3462 3469 3469 3469 3470 3470 3470 3471 3471 3471 3472 3472 3472 3473 3473 3473 3474 3474 3474 3473 3473 3473 3472 3472 3472 3465 3465 3465 3467 3467 3467 3475 3475 3475 3476 3476 3476 3475 3475 3475 3467 3467 3467 3475 3475 3475 3476 3476 3476 3477 3477 3477 3470 3470 3470 3478 3478 3478 3462 3462 3462 3479 3479 3479 3462 3462 3462 3478 3478 3478 3462 3462 3462 3479 3479 3479 3464 3464 3464 3480 3480 3480 3464 3464 3464 3479 3479 3479 3464 3464 3464 3480 3480 3480 3481 3481 3481 3482 3482 3482 3481 3481 3481 3480 3480 3480 3481 3481 3481 3482 3482 3482 3483 3483 3483 3484 3484 3484 3483 3483 3483 3482 3482 3482 3483 3483 3483 3484 3484 3484 3477 3477 3477 3474 3474 3474 3485 3485 3485 3473 3473 3473 3486 3486 3486 3473 3473 3473 3485 3485 3485 3473 3473 3473 3486 3486 3486 3461 3461 3461 3487 3487 3487 3461 3461 3461 3486 3486 3486 3461 3461 3461 3487 3487 3487 3462 3462 3462 3488 3488 3488 3462 3462 3462 3487 3487 3487 3462 3462 3462 3488 3488 3488 3489 3489 3489 3490 3490 3490 3489 3489 3489 3488 3488 3488 3476 3476 3476 3491 3491 3491 3492 3492 3492 3490 3490 3490 3493 3493 3493 3489 3489 3489 3494 3494 3494 3489 3489 3489 3493 3493 3493 3489 3489 3489 3494 3494 3494 3476 3476 3476 3495 3495 3495 3476 3476 3476 3494 3494 3494 3476 3476 3476 3495 3495 3495 3491 3491 3491 3471 3471 3471 3496 3496 3496 3472 3472 3472 3497 3497 3497 3472 3472 3472 3496 3496 3496 3472 3472 3472 3497 3497 3497 3492 3492 3492 3498 3498 3498 3492 3492 3492 3497 3497 3497 3492 3492 3492 3498 3498 3498 3476 3476 3476 3499 3499 3499 3476 3476 3476 3498 3498 3498 3476 3476 3476 3499 3499 3499 3477 3477 3477 3500 3500 3500 3477 3477 3477 3499 3499 3499 3477 3477 3477 3500 3500 3500 3483 3483 3483 3501 3501 3501 3502 3502 3502 3503 3503 3503 3504 3504 3504 3503 3503 3503 3502 3502 3502 3503 3503 3503 3505 3505 3505 3501 3501 3501 3506 3506 3506 3501 3501 3501 3505 3505 3505 3501 3501 3501 3506 3506 3506 3507 3507 3507 3508 3508 3508 3507 3507 3507 3506 3506 3506 3509 3509 3509 3510 3510 3510 3511 3511 3511 3512 3512 3512 3511 3511 3511 3510 3510 3510 3513 3513 3513 3514 3514 3514 3515 3515 3515 3516 3516 3516 3515 3515 3515 3514 3514 3514 3515 3515 3515 3516 3516 3516 3517 3517 3517 3518 3518 3518 3517 3517 3517 3516 3516 3516 3517 3517 3517 3518 3518 3518 3510 3510 3510 3519 3519 3519 3510 3510 3510 3518 3518 3518 3510 3510 3510 3519 3519 3519 3512 3512 3512 3520 3520 3520 3512 3512 3512 3519 3519 3519 3512 3512 3512 3520 3520 3520 3521 3521 3521 3508 3508 3508 3506 3506 3506 3522 3522 3522 3523 3523 3523 3522 3522 3522 3506 3506 3506 3522 3522 3522 3523 3523 3523 3524 3524 3524 3525 3525 3525 3524 3524 3524 3523 3523 3523 3524 3524 3524 3525 3525 3525 3512 3512 3512 3526 3526 3526 3512 3512 3512 3525 3525 3525 3512 3512 3512 3526 3526 3526 3511 3511 3511 3520 3520 3520 3527 3527 3527 3521 3521 3521 3528 3528 3528 3521 3521 3521 3527 3527 3527 3521 3521 3521 3528 3528 3528 3529 3529 3529 3530 3530 3530 3529 3529 3529 3528 3528 3528 3531 3531 3531 3532 3532 3532 3502 3502 3502 3533 3533 3533 3502 3502 3502 3532 3532 3532 3502 3502 3502 3533 3533 3533 3504 3504 3504 3534 3534 3534 3504 3504 3504 3533 3533 3533 3504 3504 3504 3534 3534 3534 3535 3535 3535 3536 3536 3536 3535 3535 3535 3534 3534 3534 3535 3535 3535 3536 3536 3536 3537 3537 3537 3538 3538 3538 3537 3537 3537 3536 3536 3536 3537 3537 3537 3538 3538 3538 3539 3539 3539 3540 3540 3540 3539 3539 3539 3538 3538 3538 3539 3539 3539 3540 3540 3540 3509 3509 3509 3541 3541 3541 3509 3509 3509 3540 3540 3540 3509 3509 3509 3541 3541 3541 3510 3510 3510 3530 3530 3530 3528 3528 3528 3542 3542 3542 3543 3543 3543 3542 3542 3542 3528 3528 3528 3542 3542 3542 3543 3543 3543 3544 3544 3544 3545 3545 3545 3544 3544 3544 3543 3543 3543 3544 3544 3544 3545 3545 3545 3502 3502 3502 3515 3515 3515 3546 3546 3546 3513 3513 3513 3531 3531 3531 3513 3513 3513 3546 3546 3546 3513 3513 3513 3531 3531 3531 3547 3547 3547 3502 3502 3502 3547 3547 3547 3531 3531 3531 3547 3547 3547 3502 3502 3502 3548 3548 3548 3545 3545 3545 3548 3548 3548 3502 3502 3502 3549 3549 3549 3550 3550 3550 3551 3551 3551 3552 3552 3552 3551 3551 3551 3553 3553 3553 3554 3554 3554 3553 3553 3553 3551 3551 3551 3552 3552 3552 3555 3555 3555 3551 3551 3551 3556 3556 3556 3551 3551 3551 3555 3555 3555 3551 3551 3551 3556 3556 3556 3557 3557 3557 3557 3557 3557 3558 3558 3558 3551 3551 3551 3559 3559 3559 3551 3551 3551 3558 3558 3558 3551 3551 3551 3559 3559 3559 3549 3549 3549 3560 3560 3560 3561 3561 3561 3562 3562 3562 3563 3563 3563 3562 3562 3562 3561 3561 3561 3564 3564 3564 3565 3565 3565 3566 3566 3566 3567 3567 3567 3566 3566 3566 3565 3565 3565 3568 3568 3568 3569 3569 3569 3570 3570 3570 3571 3571 3571 3570 3570 3570 3569 3569 3569 3572 3572 3572 3573 3573 3573 3574 3574 3574 3575 3575 3575 3574 3574 3574 3573 3573 3573 3576 3576 3576 3577 3577 3577 3578 3578 3578 3579 3579 3579 3580 3580 3580 3578 3578 3578 3581 3581 3581 3578 3578 3578 3580 3580 3580 3578 3578 3578 3581 3581 3581 3582 3582 3582 3583 3583 3583 3582 3582 3582 3581 3581 3581 3584 3584 3584 3585 3585 3585 3586 3586 3586 3587 3587 3587 3586 3586 3586 3585 3585 3585 3586 3586 3586 3587 3587 3587 3588 3588 3588 3589 3589 3589 3588 3588 3588 3587 3587 3587 3588 3588 3588 3589 3589 3589 3590 3590 3590 3591 3591 3591 3590 3590 3590 3589 3589 3589 3590 3590 3590 3591 3591 3591 3592 3592 3592 3593 3593 3593 3592 3592 3592 3591 3591 3591 3592 3592 3592 3593 3593 3593 3578 3578 3578 3594 3594 3594 3578 3578 3578 3593 3593 3593 3578 3578 3578 3594 3594 3594 3576 3576 3576 3583 3583 3583 3595 3595 3595 3582 3582 3582 3596 3596 3596 3582 3582 3582 3595 3595 3595 3582 3582 3582 3596 3596 3596 3597 3597 3597 3577 3577 3577 3598 3598 3598 3578 3578 3578 3599 3599 3599 3578 3578 3578 3598 3598 3598 3578 3578 3578 3599 3599 3599 3579 3579 3579</p>
        </triangles>
      </mesh>
    </geometry>
  </library_geometries>
  <library_materials>
    <material id="f8b349f705fc4bfc86f3a3100c6b3119" name="defaultmaterial">
      <instance_effect url="#3215fb09229c4d1cbf0dd5f65222e3b6"/>
    </material>
  </library_materials>
  <library_visual_scenes>
    <visual_scene id="scene">
      <node id="node0" name="node0">
        <instance_geometry url="#2f4f1d13c01c4a93bdce1d243f1f91cd">
          <bind_material>
            <technique_common>
              <instance_material symbol="material0" target="#f8b349f705fc4bfc86f3a3100c6b3119"/>
            </technique_common>
          </bind_material>
        </instance_geometry>
      </node>
    </visual_scene>
  </library_visual_scenes>
  <scene>
    <instance_visual_scene url="#scene"/>
  </scene>
</COLLADA>
